Datetime,Open,High,Low,Close,Volume
2026-01-29 01:00:00,5548.8999,5580.5000,5472.3999,5574.0000,0
2026-01-29 02:00:00,5574.1001,5578.3999,5532.6001,5565.7002,15871
2026-01-29 03:00:00,5565.2002,5579.2998,5538.2002,5576.8999,12276
2026-01-29 04:00:00,5570.7998,5595.0000,5563.7002,5589.7998,10714
2026-01-29 05:00:00,5585.5000,5593.2998,5544.5000,5590.8999,13796
2026-01-29 06:00:00,5591.1001,5625.8999,5583.7998,5591.0000,15859
2026-01-29 07:00:00,5591.0000,5604.0000,5566.2002,5578.3999,12955
2026-01-29 08:00:00,5578.3999,5584.7998,5503.8999,5540.6001,23677
2026-01-29 09:00:00,5540.1001,5560.2998,5528.1001,5544.7998,13386
2026-01-29 10:00:00,5544.7002,5556.3999,5513.0000,5514.1001,12294
2026-01-29 11:00:00,5514.5000,5559.8999,5501.0000,5553.5000,12240
2026-01-29 12:00:00,5553.2002,5573.2998,5549.2002,5564.5000,10412
2026-01-29 13:00:00,5565.2002,5571.5000,5528.7998,5540.2998,19323
2026-01-29 14:00:00,5540.7002,5581.2998,5519.2998,5525.2998,42708
2026-01-29 15:00:00,5525.2998,5525.2998,5126.0000,5212.8999,124149
2026-01-29 16:00:00,5210.7002,5338.8999,5201.5000,5292.5000,41840
2026-01-29 17:00:00,5292.8999,5404.2002,5292.2002,5364.2998,28595
2026-01-29 18:00:00,5364.0000,5390.6001,5336.0000,5367.7002,19482
2026-01-29 19:00:00,5368.6001,5374.2998,5318.7002,5334.1001,13291
2026-01-29 20:00:00,5334.7998,5438.6001,5311.0000,5423.2998,17959
2026-01-29 21:00:00,5422.8999,5456.2002,5400.0000,5410.7998,8391
2026-01-29 23:00:00,5410.0000,5478.6001,5407.5000,5467.6001,0
2026-01-30 00:00:00,5467.5000,5480.2002,5418.2002,5435.2998,11362
2026-01-30 01:00:00,5436.0000,5438.8999,5320.3999,5331.7002,20582
2026-01-30 02:00:00,5330.2998,5345.7998,5145.7998,5255.0000,35979
2026-01-30 03:00:00,5254.7998,5259.7998,5176.8999,5225.1001,12685
2026-01-30 04:00:00,5224.2002,5354.7998,5222.0000,5243.1001,5883
2026-01-30 05:00:00,5242.1001,5269.2002,5208.0000,5212.3999,6286
2026-01-30 06:00:00,5210.7002,5232.7002,5171.3999,5183.8999,8910
2026-01-30 07:00:00,5184.1001,5215.0000,5143.7002,5209.2002,12118
2026-01-30 08:00:00,5208.7998,5208.7998,5075.1001,5145.0000,19132
2026-01-30 09:00:00,5143.7998,5161.5000,4962.7002,5040.0000,31830
2026-01-30 10:00:00,5039.2998,5150.2002,5027.0000,5147.7002,15150
2026-01-30 11:00:00,5146.0000,5173.8999,5114.7002,5164.7002,13555
2026-01-30 12:00:00,5165.2998,5175.6001,5082.6001,5092.0000,13558
2026-01-30 13:00:00,5093.1001,5127.7998,5018.2998,5045.6001,23045
2026-01-30 14:00:00,5046.7002,5142.2998,5039.6001,5061.0000,29988
2026-01-30 15:00:00,5059.7002,5104.0000,5006.2998,5078.7998,31608
2026-01-30 16:00:00,5079.2998,5080.7002,4961.1001,5011.7002,30024
2026-01-30 17:00:00,5009.6001,5012.2998,4825.0000,4874.5000,46197
2026-01-30 18:00:00,4874.3999,4917.0000,4700.3999,4899.6001,69670
2026-01-30 19:00:00,4898.2998,4971.8999,4860.0000,4954.8999,21131
2026-01-30 20:00:00,4955.2998,4956.6001,4828.5000,4870.7998,17193
2026-01-30 21:00:00,4871.2002,4917.8999,4855.5000,4907.5000,8153
2026-02-01 23:00:00,4828.5000,4834.0000,4705.2998,4764.7002,15367
2026-02-02 00:00:00,4765.6001,4905.6001,4763.2998,4790.6001,16050
2026-02-02 01:00:00,4791.2998,4809.2002,4604.2998,4764.7998,30605
2026-02-02 02:00:00,4758.7002,4797.0000,4720.0000,4733.2998,12611
2026-02-02 03:00:00,4733.3999,4752.7002,4650.0000,4665.6001,13549
2026-02-02 04:00:00,4667.0000,4734.5000,4622.6001,4701.3999,11036
2026-02-02 05:00:00,4698.0000,4717.1001,4515.0000,4571.5000,20293
2026-02-02 06:00:00,4573.0000,4596.7002,4423.2002,4526.2002,22568
2026-02-02 07:00:00,4525.7998,4641.0000,4504.8999,4609.5000,15661
2026-02-02 08:00:00,4609.5000,4674.1001,4579.3999,4662.1001,13712
2026-02-02 09:00:00,4661.5000,4754.0000,4623.0000,4743.1001,12155
2026-02-02 10:00:00,4740.0000,4757.6001,4678.0000,4727.2998,10577
2026-02-02 11:00:00,4728.3999,4805.1001,4726.1001,4790.2998,12168
2026-02-02 12:00:00,4791.2002,4837.6001,4767.3999,4816.1001,11210
2026-02-02 13:00:00,4816.0000,4828.0000,4692.1001,4729.0000,28219
2026-02-02 14:00:00,4729.6001,4818.0000,4703.3999,4744.0000,26736
2026-02-02 15:00:00,4739.5000,4768.0000,4638.0000,4641.7002,24373
2026-02-02 16:00:00,4642.8999,4733.1001,4617.6001,4687.5000,20618
2026-02-02 17:00:00,4687.5000,4737.7002,4678.1001,4696.0000,17772
2026-02-02 18:00:00,4695.8999,4696.1001,4639.6001,4679.5000,16517
2026-02-02 19:00:00,4679.5000,4736.0000,4653.5000,4707.3999,8451
2026-02-02 20:00:00,4707.3999,4723.2998,4671.2998,4676.2998,7834
2026-02-02 21:00:00,4677.8999,4712.0000,4667.0000,4680.8999,3235
2026-02-02 23:00:00,4691.0000,4799.8999,4690.2002,4798.5000,0
2026-02-03 00:00:00,4798.7002,4853.7002,4788.1001,4802.7002,8631
2026-02-03 01:00:00,4803.1001,4882.0000,4788.0000,4862.7002,10523
2026-02-03 02:00:00,4863.2002,4864.0000,4768.5000,4806.2002,10293
2026-02-03 03:00:00,4806.1001,4836.1001,4774.2998,4831.6001,5403
2026-02-03 04:00:00,4831.0000,4848.3999,4822.6001,4832.6001,2820
2026-02-03 05:00:00,4832.7998,4865.5000,4831.2998,4846.2998,4168
2026-02-03 06:00:00,4848.0000,4916.0000,4838.0000,4903.0000,8443
2026-02-03 07:00:00,4901.2002,4956.0000,4893.0000,4940.0000,10850
2026-02-03 08:00:00,4940.2002,4975.5000,4921.0000,4935.7998,12609
2026-02-03 09:00:00,4935.7998,4950.0000,4908.7002,4939.7998,10289
2026-02-03 10:00:00,4939.6001,4953.0000,4922.3999,4924.7998,7412
2026-02-03 11:00:00,4925.2002,4941.8999,4905.2002,4938.8999,5909
2026-02-03 12:00:00,4939.6001,4959.5000,4915.0000,4938.2002,8331
2026-02-03 13:00:00,4938.3999,4977.7002,4926.7002,4958.0000,20413
2026-02-03 14:00:00,4958.7002,4963.1001,4917.6001,4939.2002,21666
2026-02-03 15:00:00,4939.1001,4971.2002,4926.8999,4957.7002,16881
2026-02-03 16:00:00,4957.2002,5018.1001,4952.1001,4978.2002,20560
2026-02-03 17:00:00,4978.2998,4992.7002,4929.7002,4951.5000,19867
2026-02-03 18:00:00,4951.1001,4977.2998,4900.5000,4930.5000,18951
2026-02-03 19:00:00,4930.2002,4971.8999,4902.0000,4949.2998,11046
2026-02-03 20:00:00,4949.8999,4980.0000,4924.5000,4967.5000,7920
2026-02-03 21:00:00,4967.1001,4987.5000,4957.2998,4970.5000,2613
2026-02-03 23:00:00,4966.1001,4997.7998,4930.3999,4968.7002,0
2026-02-04 00:00:00,4969.8999,5039.7002,4966.8999,5038.1001,7602
2026-02-04 01:00:00,5038.6001,5075.5000,5006.3999,5067.2002,12502
2026-02-04 02:00:00,5067.8999,5086.7998,5055.1001,5061.6001,6794
2026-02-04 03:00:00,5060.8999,5094.0000,5056.2002,5090.2998,4868
2026-02-04 04:00:00,5090.7002,5101.0000,5076.2998,5100.2002,3264
2026-02-04 05:00:00,5100.1001,5109.2998,5088.5000,5098.2998,5560
2026-02-04 06:00:00,5099.3999,5102.5000,5071.0000,5096.6001,7355
2026-02-04 07:00:00,5098.0000,5113.5000,5082.5000,5106.7998,7432
2026-02-04 08:00:00,5106.2998,5113.8999,5091.1001,5106.5000,6436
2026-02-04 09:00:00,5105.8999,5109.7002,5065.0000,5082.2998,8029
2026-02-04 10:00:00,5083.1001,5086.8999,5064.7002,5072.2002,6371
2026-02-04 11:00:00,5070.7002,5076.8999,5036.0000,5071.2998,6647
2026-02-04 12:00:00,5070.6001,5088.1001,5058.6001,5064.6001,5171
2026-02-04 13:00:00,5064.2998,5087.0000,5045.0000,5077.0000,10243
2026-02-04 14:00:00,5077.7998,5082.5000,4988.3999,5008.3999,27799
2026-02-04 15:00:00,5007.2998,5030.7002,4909.0000,4943.1001,33383
2026-02-04 16:00:00,4943.1001,4964.1001,4867.7002,4926.8999,25838
2026-02-04 17:00:00,4926.5000,4953.0000,4909.6001,4921.2998,17490
2026-02-04 18:00:00,4919.6001,4956.8999,4893.8999,4949.7002,15469
2026-02-04 19:00:00,4949.7998,4979.3999,4936.7002,4963.5000,9302
2026-02-04 20:00:00,4963.6001,4973.3999,4936.0000,4961.6001,6067
2026-02-04 21:00:00,4960.8999,4994.1001,4960.0000,4986.3999,1836
2026-02-04 23:00:00,4986.6001,5045.0000,4986.6001,5033.3999,0
2026-02-05 00:00:00,5033.2002,5041.8999,5017.6001,5028.1001,4288
2026-02-05 01:00:00,5028.7002,5033.7002,4957.0000,4978.2998,11866
2026-02-05 02:00:00,4979.2002,4982.1001,4822.6001,4831.0000,22912
2026-02-05 03:00:00,4830.3999,4907.1001,4805.0000,4898.5000,12491
2026-02-05 04:00:00,4898.3999,4910.7998,4880.7998,4888.5000,3893
2026-02-05 05:00:00,4881.7002,4923.7002,4842.0000,4911.7998,7408
2026-02-05 06:00:00,4914.1001,4951.8999,4893.0000,4938.7998,5889
2026-02-05 07:00:00,4937.2002,4960.2002,4914.7002,4934.2998,6507
2026-02-05 08:00:00,4934.1001,4962.0000,4921.3999,4934.0000,5814
2026-02-05 09:00:00,4934.3999,4937.1001,4871.1001,4876.8999,9116
2026-02-05 10:00:00,4875.8999,4907.6001,4868.0000,4897.8999,4913
2026-02-05 11:00:00,4896.7998,4915.5000,4885.6001,4889.1001,4140
2026-02-05 12:00:00,4889.2998,4899.8999,4831.0000,4876.2002,12916
2026-02-05 13:00:00,4876.1001,4893.1001,4822.0000,4858.2002,14918
2026-02-05 14:00:00,4858.0000,4891.1001,4827.2002,4867.7998,21283
2026-02-05 15:00:00,4866.5000,4888.0000,4820.7998,4838.6001,20830
2026-02-05 16:00:00,4837.7998,4930.0000,4833.5000,4912.0000,16183
2026-02-05 17:00:00,4910.8999,4913.2998,4881.5000,4891.5000,7495
2026-02-05 18:00:00,4891.3999,4898.3999,4872.7998,4880.3999,8473
2026-02-05 19:00:00,4881.2002,4889.0000,4847.0000,4852.5000,5456
2026-02-05 20:00:00,4853.0000,4866.2002,4814.6001,4833.6001,8194
2026-02-05 21:00:00,4833.2002,4848.5000,4779.6001,4798.1001,8870
2026-02-05 23:00:00,4800.0000,4815.8999,4721.2002,4722.0000,0
2026-02-06 00:00:00,4722.0000,4781.7002,4670.0000,4779.8999,17110
2026-02-06 01:00:00,4779.1001,4803.3999,4710.0000,4792.1001,11834
2026-02-06 02:00:00,4792.7002,4863.5000,4777.7998,4833.5000,10104
2026-02-06 03:00:00,4832.5000,4856.3999,4816.7002,4841.1001,4063
2026-02-06 04:00:00,4842.0000,4848.8999,4823.8999,4831.8999,1665
2026-02-06 05:00:00,4830.3999,4916.2002,4824.5000,4915.2998,7342
2026-02-06 06:00:00,4916.2998,4921.6001,4841.0000,4865.6001,7624
2026-02-06 07:00:00,4865.0000,4881.8999,4856.7998,4862.2998,4156
2026-02-06 08:00:00,4861.6001,4904.5000,4849.5000,4884.7998,5998
2026-02-06 09:00:00,4884.1001,4896.5000,4862.2002,4889.5000,4583
2026-02-06 10:00:00,4888.0000,4901.7002,4872.6001,4899.8999,3696
2026-02-06 11:00:00,4899.7002,4918.7002,4885.6001,4909.1001,4559
2026-02-06 12:00:00,4910.1001,4926.0000,4892.0000,4921.7002,7041
2026-02-06 13:00:00,4922.0000,4961.0000,4918.2002,4951.0000,11464
2026-02-06 14:00:00,4951.7002,4973.7002,4916.2002,4972.5000,14712
2026-02-06 15:00:00,4970.7998,4988.7998,4951.2002,4967.6001,12299
2026-02-06 16:00:00,4967.7998,4978.0000,4945.0000,4975.2998,7501
2026-02-06 17:00:00,4975.2998,4992.8999,4972.2002,4984.2998,7007
2026-02-06 18:00:00,4984.7998,4995.6001,4967.8999,4986.2998,7843
2026-02-06 19:00:00,4986.2998,4987.0000,4971.7998,4980.7002,3083
2026-02-06 20:00:00,4980.3999,4983.0000,4960.3999,4977.2002,4524
2026-02-06 21:00:00,4977.2002,4992.1001,4970.1001,4979.7998,2361
2026-02-08 23:00:00,5000.0000,5069.0000,4991.2998,5057.3999,6457
2026-02-09 00:00:00,5057.5000,5068.0000,5033.1001,5041.2002,3871
2026-02-09 01:00:00,5042.1001,5064.2002,4997.0000,5002.2998,7071
2026-02-09 02:00:00,5002.3999,5037.2002,4989.2998,5026.6001,4859
2026-02-09 03:00:00,5026.5000,5051.7998,5025.7998,5037.1001,2817
2026-02-09 04:00:00,5036.5000,5045.6001,5028.7002,5034.7002,1638
2026-02-09 05:00:00,5034.0000,5063.1001,5032.3999,5058.0000,2666
2026-02-09 06:00:00,5058.6001,5067.6001,5035.1001,5052.3999,3922
2026-02-09 07:00:00,5052.5000,5052.5000,5015.2002,5027.2002,4089
2026-02-09 08:00:00,5026.7998,5057.0000,5023.8999,5048.1001,3516
2026-02-09 09:00:00,5048.7002,5062.6001,5023.6001,5028.2002,3814
2026-02-09 10:00:00,5028.5000,5036.8999,5002.6001,5011.2998,5560
2026-02-09 11:00:00,5011.5000,5040.0000,5009.2002,5031.1001,2963
2026-02-09 12:00:00,5032.0000,5043.6001,5028.2998,5035.7002,2809
2026-02-09 13:00:00,5035.3999,5046.7998,5016.8999,5028.8999,6500
2026-02-09 14:00:00,5028.3999,5063.2998,5023.7998,5059.6001,9817
2026-02-09 15:00:00,5059.5000,5084.3999,5045.6001,5082.2002,10311
2026-02-09 16:00:00,5082.6001,5106.7998,5079.7998,5096.8999,10426
2026-02-09 17:00:00,5097.7998,5099.7002,5064.3999,5069.7998,6127
2026-02-09 18:00:00,5070.6001,5088.3999,5068.5000,5087.0000,7065
2026-02-09 19:00:00,5086.8999,5104.0000,5086.5000,5098.3999,3210
2026-02-09 20:00:00,5098.2998,5111.1001,5096.6001,5102.8999,4015
2026-02-09 21:00:00,5103.6001,5107.1001,5072.5000,5084.2002,2351
2026-02-09 23:00:00,5084.2998,5100.8999,5011.0000,5055.2998,0
2026-02-10 00:00:00,5056.3999,5073.0000,5031.0000,5042.6001,2729
2026-02-10 01:00:00,5042.8999,5062.0000,5035.5000,5054.8999,3609
2026-02-10 02:00:00,5055.1001,5079.0000,5053.2002,5061.2002,2939
2026-02-10 03:00:00,5059.0000,5060.7002,5036.5000,5051.5000,2451
2026-02-10 04:00:00,5052.3999,5056.2998,5039.5000,5052.7998,1284
2026-02-10 05:00:00,5052.8999,5064.0000,5032.7998,5061.8999,2500
2026-02-10 06:00:00,5061.3999,5068.3999,5041.0000,5045.7998,2190
2026-02-10 07:00:00,5045.7002,5057.1001,5040.0000,5055.2998,2074
2026-02-10 08:00:00,5054.5000,5077.1001,5049.6001,5063.7998,3115
2026-02-10 09:00:00,5063.6001,5085.2998,5062.6001,5068.5000,3514
2026-02-10 10:00:00,5068.6001,5081.2998,5059.8999,5070.2002,4846
2026-02-10 11:00:00,5069.5000,5081.0000,5067.3999,5079.0000,2410
2026-02-10 12:00:00,5079.7002,5080.7002,5042.0000,5054.8999,5392
2026-02-10 13:00:00,5055.0000,5082.3999,5048.6001,5074.1001,6628
2026-02-10 14:00:00,5074.1001,5102.7002,5043.2002,5063.0000,13131
2026-02-10 15:00:00,5062.0000,5070.8999,5021.2998,5041.6001,12477
2026-02-10 16:00:00,5042.7002,5049.7002,5028.2002,5046.5000,6430
2026-02-10 17:00:00,5046.3999,5064.0000,5043.6001,5049.7002,4121
2026-02-10 18:00:00,5049.1001,5051.2998,5026.7002,5036.0000,6989
2026-02-10 19:00:00,5035.2998,5053.2002,5031.3999,5050.7998,2822
2026-02-10 20:00:00,5050.5000,5068.8999,5042.8999,5052.8999,3995
2026-02-10 21:00:00,5052.0000,5055.0000,5043.0000,5047.8999,1089
2026-02-10 23:00:00,5048.0000,5077.3999,5046.2998,5064.1001,0
2026-02-11 00:00:00,5064.7002,5072.1001,5050.8999,5060.8999,2166
2026-02-11 01:00:00,5060.3999,5075.8999,5053.3999,5075.0000,2365
2026-02-11 02:00:00,5075.6001,5081.0000,5055.6001,5079.2002,2503
2026-02-11 03:00:00,5078.6001,5085.0000,5068.2002,5079.0000,2024
2026-02-11 04:00:00,5078.6001,5083.7002,5070.0000,5073.2002,1272
2026-02-11 05:00:00,5071.2002,5088.1001,5067.6001,5076.7998,2430
2026-02-11 06:00:00,5076.6001,5088.7998,5073.6001,5088.2998,2169
2026-02-11 07:00:00,5088.3999,5093.2998,5072.2002,5078.7002,5930
2026-02-11 08:00:00,5078.8999,5084.1001,5068.7998,5077.0000,2218
2026-02-11 09:00:00,5077.3999,5095.8999,5070.3999,5086.6001,3770
2026-02-11 10:00:00,5086.5000,5128.7998,5086.0000,5118.6001,9425
2026-02-11 11:00:00,5118.7998,5141.7998,5107.3999,5136.7998,6612
2026-02-11 12:00:00,5137.3999,5144.5000,5071.3999,5107.2002,11454
2026-02-11 13:00:00,5107.5000,5115.0000,5036.2998,5089.6001,16452
2026-02-11 14:00:00,5088.2002,5107.1001,5058.7002,5082.2998,10920
2026-02-11 15:00:00,5082.2998,5105.5000,5062.0000,5084.2002,10824
2026-02-11 16:00:00,5083.1001,5101.7998,5065.5000,5099.2002,6992
2026-02-11 17:00:00,5098.7002,5123.3999,5091.3999,5116.5000,7602
2026-02-11 18:00:00,5115.7998,5117.8999,5090.1001,5107.3999,9363
2026-02-11 19:00:00,5107.7998,5119.3999,5101.1001,5106.5000,3511
2026-02-11 20:00:00,5106.2002,5114.7998,5102.3999,5111.3999,1845
2026-02-11 21:00:00,5111.3999,5118.0000,5094.1001,5107.7998,1800
2026-02-11 23:00:00,5107.2998,5122.7998,5074.0000,5083.5000,0
2026-02-12 00:00:00,5083.5000,5090.0000,5071.0000,5084.8999,2347
2026-02-12 01:00:00,5083.0000,5085.7998,5065.0000,5084.7998,2821
2026-02-12 02:00:00,5084.8999,5094.0000,5075.5000,5086.7002,2028
2026-02-12 03:00:00,5085.7002,5096.0000,5075.7002,5078.2002,1797
2026-02-12 04:00:00,5077.7002,5091.1001,5072.2002,5090.3999,1115
2026-02-12 05:00:00,5090.0000,5099.2998,5085.7002,5096.2998,2409
2026-02-12 06:00:00,5097.2002,5097.7998,5068.8999,5081.1001,3276
2026-02-12 07:00:00,5080.8999,5087.5000,5073.6001,5085.2998,2198
2026-02-12 08:00:00,5085.7002,5095.0000,5073.5000,5090.0000,3030
2026-02-12 09:00:00,5089.5000,5102.5000,5087.2998,5095.0000,3191
2026-02-12 10:00:00,5094.7998,5099.2998,5077.0000,5083.7998,4105
2026-02-12 11:00:00,5084.0000,5090.2002,5080.6001,5085.6001,1553
2026-02-12 12:00:00,5086.5000,5090.7998,5070.6001,5074.2002,3673
2026-02-12 13:00:00,5074.3999,5106.7002,5073.1001,5098.2002,6855
2026-02-12 14:00:00,5098.2002,5101.1001,5061.2998,5067.0000,11711
2026-02-12 15:00:00,5066.3999,5098.0000,5061.7002,5083.8999,10454
2026-02-12 16:00:00,5083.5000,5091.6001,4900.0000,4976.2998,51512
2026-02-12 17:00:00,4974.5000,5004.3999,4959.8999,4961.5000,13967
2026-02-12 18:00:00,4961.7002,4972.3999,4926.8999,4955.8999,13114
2026-02-12 19:00:00,4956.1001,4978.2998,4947.1001,4965.0000,4519
2026-02-12 20:00:00,4965.2998,4968.3999,4931.0000,4935.1001,4631
2026-02-12 21:00:00,4935.7002,4947.2998,4932.0000,4941.3999,2314
2026-02-12 23:00:00,4950.0000,4951.5000,4907.1001,4939.7002,0
2026-02-13 00:00:00,4938.5000,4967.7002,4932.1001,4946.7002,3143
2026-02-13 01:00:00,4946.7002,5007.7998,4945.6001,4999.7998,5529
2026-02-13 02:00:00,5000.2998,5011.0000,4991.0000,5008.0000,2966
2026-02-13 03:00:00,5007.7998,5008.5000,4992.0000,5001.6001,1483
2026-02-13 04:00:00,5000.0000,5016.3999,4991.7002,4994.0000,1415
2026-02-13 05:00:00,4996.1001,5005.3999,4963.2002,4965.3999,3484
2026-02-13 06:00:00,4964.6001,4988.0000,4964.3999,4986.7002,3082
2026-02-13 07:00:00,4985.8999,5001.8999,4970.0000,4994.6001,4245
2026-02-13 08:00:00,4995.0000,5009.5000,4990.0000,5001.8999,3173
2026-02-13 09:00:00,5002.7998,5002.7998,4981.2002,4990.1001,2990
2026-02-13 10:00:00,4990.0000,5000.8999,4967.2002,4970.7998,4740
2026-02-13 11:00:00,4970.7998,4975.0000,4952.7998,4973.3999,5683
2026-02-13 12:00:00,4973.1001,4994.0000,4971.7998,4988.7998,3926
2026-02-13 13:00:00,4990.0000,5024.5000,4977.1001,5008.3999,10236
2026-02-13 14:00:00,5007.2002,5036.7002,4986.1001,5017.3999,13825
2026-02-13 15:00:00,5017.3999,5043.2998,4995.2002,4998.7002,12004
2026-02-13 16:00:00,4999.0000,5056.7998,4997.3999,5030.0000,11191
2026-02-13 17:00:00,5030.0000,5051.5000,5027.7998,5043.5000,4925
2026-02-13 18:00:00,5043.5000,5058.8999,5038.0000,5054.1001,6344
2026-02-13 19:00:00,5054.7002,5069.1001,5046.3999,5046.3999,4536
2026-02-13 20:00:00,5046.2002,5057.1001,5043.2998,5054.0000,4187
2026-02-13 21:00:00,5053.8999,5067.3999,5046.2998,5046.2998,1712
2026-02-15 23:00:00,5046.2998,5051.6001,5031.6001,5038.5000,917
2026-02-16 00:00:00,5038.3999,5043.0000,5018.2002,5035.0000,1713
2026-02-16 01:00:00,5034.1001,5051.3999,5026.3999,5047.6001,1387
2026-02-16 02:00:00,5048.3999,5051.0000,5011.2998,5014.7998,2108
2026-02-16 03:00:00,5013.7002,5019.5000,4986.0000,5007.2002,2652
2026-02-16 04:00:00,5006.2002,5012.2002,4988.0000,4994.7002,2082
2026-02-17 05:00:00,4970.7998,4972.2998,4875.2002,4906.8999,10392
2026-02-17 06:00:00,4906.7002,4932.8999,4905.1001,4930.0000,3806
2026-02-17 07:00:00,4928.5000,4941.7002,4922.2998,4935.7998,2829
2026-02-17 08:00:00,4936.0000,4949.3999,4934.7998,4939.5000,2718
2026-02-17 09:00:00,4939.0000,4951.6001,4926.2998,4945.2002,3072
2026-02-17 10:00:00,4944.6001,4959.5000,4927.1001,4932.1001,4390
2026-02-17 11:00:00,4932.5000,4950.2998,4932.5000,4948.7002,2585
2026-02-17 12:00:00,4948.3999,4964.0000,4947.5000,4951.6001,3865
2026-02-17 13:00:00,4951.2998,4953.0000,4887.7998,4889.3999,11869
2026-02-17 14:00:00,4888.7002,4926.2998,4854.2002,4881.2998,21246
2026-02-17 15:00:00,4880.7998,4902.1001,4867.0000,4897.2002,9723
2026-02-17 16:00:00,4897.1001,4913.0000,4886.7998,4887.7002,7222
2026-02-17 17:00:00,4887.5000,4890.0000,4868.0000,4884.0000,6932
2026-02-17 18:00:00,4883.5000,4931.0000,4881.1001,4917.7002,8956
2026-02-17 19:00:00,4917.8999,4920.6001,4895.2002,4899.2998,3130
2026-02-17 20:00:00,4899.2002,4902.6001,4891.7002,4896.7002,2072
2026-02-17 21:00:00,4896.2002,4905.2002,4893.5000,4896.1001,1097
2026-02-17 23:00:00,4898.5000,4902.2002,4868.5000,4876.8999,0
2026-02-18 00:00:00,4876.0000,4901.2002,4875.7998,4891.7998,1748
2026-02-18 01:00:00,4891.7998,4911.7002,4891.7998,4908.0000,2132
2026-02-18 02:00:00,4907.2998,4925.7998,4904.6001,4923.7998,1750
2026-02-18 03:00:00,4924.0000,4940.6001,4922.7002,4939.5000,1742
2026-02-18 04:00:00,4939.1001,4961.7998,4937.0000,4951.6001,1792
2026-02-18 05:00:00,4953.5000,4959.1001,4949.2002,4952.3999,1050
2026-02-18 06:00:00,4952.7002,4955.2998,4944.2002,4949.7002,1448
2026-02-18 07:00:00,4949.6001,4962.2002,4948.6001,4949.5000,2058
2026-02-18 08:00:00,4950.2002,4953.2002,4936.2998,4937.7002,3508
2026-02-18 09:00:00,4937.5000,4943.5000,4933.1001,4937.8999,3167
2026-02-18 10:00:00,4937.3999,4945.3999,4929.2998,4935.0000,3836
2026-02-18 11:00:00,4934.5000,4938.2002,4925.8999,4933.3999,2167
2026-02-18 12:00:00,4932.7002,4967.5000,4931.8999,4963.5000,6203
2026-02-18 13:00:00,4963.2998,4989.7998,4962.8999,4974.2002,10511
2026-02-18 14:00:00,4975.0000,5015.5000,4972.6001,5012.2998,10946
2026-02-18 15:00:00,5012.1001,5029.6001,5011.7002,5018.7998,11786
2026-02-18 16:00:00,5018.8999,5031.8999,5011.5000,5021.2002,6278
2026-02-18 17:00:00,5021.3999,5022.7998,5014.2002,5020.1001,4022
2026-02-18 18:00:00,5020.2002,5024.2002,5001.2002,5008.2002,6113
2026-02-18 19:00:00,5007.6001,5016.3999,4993.7002,5000.7002,5046
2026-02-18 20:00:00,5000.7002,5008.3999,4995.8999,5005.2998,2738
2026-02-18 21:00:00,5004.8999,5006.7002,4995.6001,4996.1001,846
2026-02-18 23:00:00,4993.7002,5007.7998,4971.5000,4994.7998,0
2026-02-19 00:00:00,4994.6001,4994.7998,4978.5000,4980.2002,1684
2026-02-19 01:00:00,4980.2002,4995.0000,4979.1001,4992.1001,1184
2026-02-19 02:00:00,4992.7002,4996.2002,4984.8999,4986.8999,1039
2026-02-19 03:00:00,4986.8999,5002.6001,4985.2002,5000.3999,1638
2026-02-19 04:00:00,5000.0000,5004.7002,4995.2998,5002.7998,1162
2026-02-19 05:00:00,5002.5000,5017.6001,5002.5000,5015.5000,1530
2026-02-19 06:00:00,5015.1001,5038.0000,5014.3999,5035.3999,2594
2026-02-19 07:00:00,5036.5000,5039.7998,5026.8999,5028.0000,2242
2026-02-19 08:00:00,5028.0000,5040.8999,5023.8999,5035.5000,2642
2026-02-19 09:00:00,5035.7998,5039.1001,5012.0000,5014.3999,4046
2026-02-19 10:00:00,5014.3999,5015.2002,5000.7002,5013.0000,4185
2026-02-19 11:00:00,5013.0000,5016.7998,4997.1001,5003.2998,3820
2026-02-19 12:00:00,5003.7998,5012.0000,4999.7998,5004.3999,2918
2026-02-19 13:00:00,5005.1001,5018.5000,4990.1001,5016.6001,5679
2026-02-19 14:00:00,5016.5000,5029.6001,4982.0000,5024.6001,10993
2026-02-19 15:00:00,5025.2002,5042.7998,5014.7002,5033.3999,11551
2026-02-19 16:00:00,5033.8999,5034.2002,5008.7998,5014.2002,6747
2026-02-19 17:00:00,5014.2002,5021.1001,5001.8999,5004.2002,3945
2026-02-19 18:00:00,5004.5000,5008.7998,4994.0000,5000.7002,4998
2026-02-19 19:00:00,5000.7002,5009.7002,4996.7998,5006.5000,2219
2026-02-19 20:00:00,5006.8999,5022.2002,5006.8999,5020.6001,2448
2026-02-19 21:00:00,5020.7002,5022.7998,5010.2002,5015.5000,1675
2026-02-19 23:00:00,5015.0000,5026.5000,5003.5000,5005.6001,0
2026-02-20 00:00:00,5006.3999,5025.5000,5003.5000,5024.5000,1024
2026-02-20 01:00:00,5024.6001,5033.3999,5012.8999,5016.7998,2111
2026-02-20 02:00:00,5015.5000,5025.7002,5010.6001,5013.7002,1747
2026-02-20 03:00:00,5013.7002,5017.2002,4999.2998,5006.0000,1783
2026-02-20 04:00:00,5005.6001,5021.2002,5004.2002,5017.5000,704
2026-02-20 05:00:00,5018.1001,5030.1001,5015.8999,5030.1001,1447
2026-02-20 06:00:00,5030.5000,5048.8999,5029.7002,5039.6001,2923
2026-02-20 07:00:00,5040.2998,5047.2998,5024.6001,5025.2998,3379
2026-02-20 08:00:00,5025.6001,5050.6001,5023.7998,5048.7002,4073
2026-02-20 09:00:00,5048.5000,5063.0000,5046.8999,5047.6001,4924
2026-02-20 10:00:00,5047.7998,5058.1001,5038.5000,5054.6001,4755
2026-02-20 11:00:00,5054.7002,5054.7998,5034.7002,5036.7998,4381
2026-02-20 12:00:00,5037.0000,5045.6001,5025.7002,5044.5000,5994
2026-02-20 13:00:00,5044.1001,5068.7002,5037.7002,5063.5000,7198
2026-02-20 14:00:00,5063.1001,5081.2002,5056.7998,5074.7998,13288
2026-02-20 15:00:00,5073.6001,5084.5000,5005.5000,5062.2998,24846
2026-02-20 16:00:00,5062.2998,5089.7998,5058.2002,5087.0000,9358
2026-02-20 17:00:00,5087.0000,5097.2998,5075.2002,5093.7002,8471
2026-02-20 18:00:00,5093.7002,5097.0000,5075.1001,5094.0000,10467
2026-02-20 19:00:00,5093.6001,5104.6001,5091.1001,5102.3999,4598
2026-02-20 20:00:00,5102.2998,5120.7002,5099.7998,5119.3999,5258
2026-02-20 21:00:00,5119.5000,5131.0000,5080.8999,5080.8999,3745
2026-02-22 23:00:00,5157.0000,5194.2002,5157.0000,5187.2002,5616
2026-02-23 00:00:00,5187.0000,5188.5000,5151.0000,5165.8999,7692
2026-02-23 01:00:00,5166.2998,5190.0000,5161.6001,5179.3999,3469
2026-02-23 02:00:00,5179.1001,5198.7998,5178.7998,5195.0000,3198
2026-02-23 03:00:00,5195.2002,5197.6001,5173.2002,5188.3999,3172
2026-02-23 04:00:00,5188.2998,5190.2998,5177.2998,5181.2998,1696
2026-02-23 05:00:00,5182.0000,5183.2998,5173.8999,5179.8999,1702
2026-02-23 06:00:00,5180.2998,5183.2002,5166.1001,5167.2998,2509
2026-02-23 07:00:00,5167.3999,5176.2998,5145.1001,5157.6001,6027
2026-02-23 08:00:00,5157.5000,5162.8999,5142.7998,5161.0000,4541
2026-02-23 09:00:00,5160.7002,5170.6001,5159.3999,5170.1001,3962
2026-02-23 10:00:00,5170.3999,5184.7998,5165.6001,5184.0000,6079
2026-02-23 11:00:00,5184.0000,5184.5000,5167.2998,5170.2998,3222
2026-02-23 12:00:00,5170.2998,5186.3999,5165.8999,5185.0000,4603
2026-02-23 13:00:00,5185.0000,5186.3999,5164.1001,5166.2002,6539
2026-02-23 14:00:00,5165.8999,5221.8999,5161.5000,5213.5000,15876
2026-02-23 15:00:00,5213.1001,5226.2002,5201.6001,5216.6001,13268
2026-02-23 16:00:00,5216.2998,5240.8999,5196.0000,5230.3999,12838
2026-02-23 17:00:00,5231.1001,5234.5000,5211.2002,5227.3999,7278
2026-02-23 18:00:00,5228.0000,5235.8999,5220.7998,5229.5000,6167
2026-02-23 19:00:00,5229.0000,5238.3999,5226.3999,5235.3999,3290
2026-02-23 20:00:00,5235.0000,5257.2998,5234.6001,5255.6001,5334
2026-02-23 21:00:00,5255.2002,5256.5000,5245.8999,5247.8999,2092
2026-02-23 23:00:00,5247.5000,5269.3999,5241.0000,5254.5000,0
2026-02-24 00:00:00,5254.1001,5257.3999,5236.7998,5243.1001,5485
2026-02-24 01:00:00,5243.0000,5243.0000,5164.1001,5196.6001,15770
2026-02-24 02:00:00,5197.0000,5210.8999,5184.5000,5209.0000,3870
2026-02-24 03:00:00,5209.3999,5212.2002,5190.7002,5192.0000,1826
2026-02-24 04:00:00,5191.5000,5195.2998,5181.0000,5188.3999,2002
2026-02-24 05:00:00,5188.1001,5205.6001,5183.7002,5203.0000,2836
2026-02-24 06:00:00,5203.2002,5204.7998,5173.6001,5193.6001,3296
2026-02-24 07:00:00,5193.0000,5203.6001,5183.6001,5198.7002,5175
2026-02-24 08:00:00,5198.6001,5201.6001,5184.5000,5193.0000,4477
2026-02-24 09:00:00,5192.2998,5199.3999,5185.3999,5190.7002,2545
2026-02-24 10:00:00,5190.2002,5201.0000,5182.2998,5192.2998,4242
2026-02-24 11:00:00,5192.2998,5198.0000,5190.6001,5191.8999,1893
2026-02-24 12:00:00,5192.1001,5192.5000,5162.2002,5168.7998,7679
2026-02-24 13:00:00,5169.2002,5180.1001,5126.8999,5132.2998,15665
2026-02-24 14:00:00,5132.0000,5157.0000,5109.5000,5145.5000,20642
2026-02-24 15:00:00,5147.7002,5173.3999,5135.2002,5168.2002,11233
2026-02-24 16:00:00,5168.5000,5170.7002,5147.7998,5159.7002,6548
2026-02-24 17:00:00,5159.7002,5182.2998,5159.3999,5182.0000,5999
2026-02-24 18:00:00,5182.1001,5188.5000,5171.2998,5178.8999,7822
2026-02-24 19:00:00,5178.0000,5178.5000,5164.2002,5171.7998,3321
2026-02-24 20:00:00,5172.1001,5191.3999,5164.2002,5181.7998,4246
2026-02-24 21:00:00,5181.8999,5183.8999,5158.0000,5160.5000,1721
2026-02-24 23:00:00,5160.0000,5170.0000,5135.8999,5165.0000,0
2026-02-25 00:00:00,5165.1001,5175.2998,5154.2998,5171.0000,1902
2026-02-25 01:00:00,5171.1001,5208.0000,5162.7998,5195.1001,5376
2026-02-25 02:00:00,5194.3999,5212.0000,5184.2998,5198.6001,3435
2026-02-25 03:00:00,5199.2998,5208.7002,5196.5000,5200.6001,2213
2026-02-25 04:00:00,5200.1001,5203.8999,5189.2998,5201.2998,1779
2026-02-25 05:00:00,5202.1001,5230.0000,5201.7002,5221.2002,4866
2026-02-25 06:00:00,5220.1001,5220.8999,5201.7002,5213.2002,2933
2026-02-25 07:00:00,5213.7002,5214.3999,5199.5000,5203.7998,2765
2026-02-25 08:00:00,5203.7002,5216.6001,5203.0000,5204.5000,2626
2026-02-25 09:00:00,5204.2998,5213.8999,5194.5000,5212.8999,4350
2026-02-25 10:00:00,5212.3999,5214.7002,5188.0000,5193.7002,4693
2026-02-25 11:00:00,5193.2998,5200.7998,5173.2002,5199.5000,5330
2026-02-25 12:00:00,5199.2998,5205.2002,5195.0000,5201.0000,3851
2026-02-25 13:00:00,5201.8999,5210.0000,5199.0000,5203.7002,5513
2026-02-25 14:00:00,5203.2002,5211.7998,5177.0000,5210.2002,13098
2026-02-25 15:00:00,5209.2998,5222.0000,5190.2998,5214.5000,11560
2026-02-25 16:00:00,5214.1001,5233.6001,5209.1001,5231.7002,7686
2026-02-25 17:00:00,5232.0000,5237.2998,5222.8999,5226.5000,5380
2026-02-25 18:00:00,5226.5000,5227.0000,5226.3999,5226.3999,8
2026-02-25 19:00:00,5226.2002,5229.2998,5218.1001,5224.3999,2742
2026-02-25 20:00:00,5224.1001,5225.0000,5163.2998,5169.8999,8972
2026-02-25 21:00:00,5171.2002,5191.3999,5168.6001,5183.7002,4053
2026-02-25 23:00:00,5175.2998,5198.1001,5175.2002,5180.0000,0
2026-02-26 00:00:00,5179.1001,5207.3999,5170.1001,5203.2002,3822
2026-02-26 01:00:00,5203.7998,5213.3999,5194.5000,5206.7998,3994
2026-02-26 02:00:00,5207.0000,5211.5000,5188.7998,5199.6001,2791
2026-02-26 03:00:00,5199.3999,5209.3999,5198.2002,5208.1001,1622
2026-02-26 04:00:00,5208.1001,5215.3999,5206.6001,5208.7002,2008
2026-02-26 05:00:00,5208.7998,5221.8999,5206.1001,5214.3999,2922
2026-02-26 06:00:00,5214.7998,5216.1001,5207.0000,5209.7998,2410
2026-02-26 07:00:00,5210.2002,5211.5000,5196.3999,5202.6001,3643
2026-02-26 08:00:00,5202.7998,5207.8999,5182.8999,5195.7998,5853
2026-02-26 09:00:00,5195.3999,5205.7998,5190.1001,5202.3999,4452
2026-02-26 10:00:00,5202.6001,5206.3999,5180.6001,5187.1001,5507
2026-02-26 11:00:00,5186.7998,5194.2998,5176.3999,5180.7002,4170
2026-02-26 12:00:00,5180.8999,5204.2002,5173.1001,5200.0000,6294
2026-02-26 13:00:00,5200.1001,5202.1001,5180.2002,5182.2998,7090
2026-02-26 14:00:00,5182.2002,5192.2002,5154.6001,5181.1001,12544
2026-02-26 15:00:00,5180.7002,5210.1001,5144.7998,5202.5000,18806
2026-02-26 16:00:00,5203.0000,5204.2998,5189.3999,5196.2998,7721
2026-02-26 17:00:00,5196.7002,5207.3999,5178.6001,5184.0000,6613
2026-02-26 18:00:00,5184.2002,5202.7998,5176.2998,5196.8999,10610
2026-02-26 19:00:00,5197.2998,5211.2998,5195.8999,5204.2002,4640
2026-02-26 20:00:00,5203.8999,5218.2002,5203.7998,5213.5000,4489
2026-02-26 21:00:00,5213.7998,5217.7998,5200.2002,5201.5000,0
2026-02-26 23:00:00,5201.8999,5206.7002,5191.5000,5200.8999,1668
2026-02-27 00:00:00,5201.6001,5212.0000,5186.0000,5191.6001,3018
2026-02-27 01:00:00,5191.1001,5210.5000,5182.8999,5210.2002,3294
2026-02-27 02:00:00,5210.2002,5216.2002,5190.2002,5200.2998,4509
2026-02-27 03:00:00,5200.7002,5207.3999,5197.5000,5201.2002,2110
2026-02-27 04:00:00,5200.6001,5205.5000,5198.0000,5200.5000,937
2026-02-27 05:00:00,5198.1001,5217.5000,5198.0000,5214.7002,2758
2026-02-27 06:00:00,5214.6001,5216.2998,5201.8999,5202.7998,2816
2026-02-27 07:00:00,5202.8999,5206.5000,5192.6001,5193.1001,5669
2026-02-27 08:00:00,5193.2002,5199.3999,5191.1001,5195.1001,2995
2026-02-27 09:00:00,5195.3999,5199.2998,5188.5000,5192.2998,3527
2026-02-27 10:00:00,5192.5000,5197.2002,5183.2002,5193.6001,4555
2026-02-27 11:00:00,5193.6001,5202.2002,5188.2998,5202.0000,2889
2026-02-27 12:00:00,5202.1001,5207.0000,5199.6001,5204.2998,3699
2026-02-27 13:00:00,5204.5000,5259.2998,5203.5000,5240.7998,23821
2026-02-27 14:00:00,5240.7998,5254.2998,5230.6001,5240.8999,13563
2026-02-27 15:00:00,5240.7998,5265.0000,5232.6001,5257.7998,17451
2026-02-27 16:00:00,5258.0000,5276.6001,5240.6001,5246.8999,14051
2026-02-27 17:00:00,5247.1001,5254.5000,5237.3999,5252.3999,9843
2026-02-27 18:00:00,5252.2002,5264.7998,5240.0000,5263.0000,8215
2026-02-27 19:00:00,5262.7998,5270.7998,5258.2002,5268.3999,4317
2026-02-27 20:00:00,5267.8999,5283.7998,5266.8999,5281.2998,5019
2026-02-27 21:00:00,5281.6001,5299.0000,5247.8999,5247.8999,4487
2026-03-01 23:00:00,5364.2002,5409.7002,5354.2998,5400.3999,10881
2026-03-02 00:00:00,5401.2998,5402.0000,5353.8999,5360.6001,7620
2026-03-02 01:00:00,5360.5000,5360.6001,5315.2998,5338.2998,12958
2026-03-02 02:00:00,5338.5000,5364.8999,5329.2002,5358.7998,4640
2026-03-02 03:00:00,5358.7998,5379.5000,5357.3999,5378.7002,3077
2026-03-02 04:00:00,5378.6001,5380.0000,5358.3999,5369.7998,2620
2026-03-02 05:00:00,5368.2002,5380.0000,5353.3999,5378.8999,3138
2026-03-02 06:00:00,5378.7998,5403.8999,5376.7002,5401.5000,6073
2026-03-02 07:00:00,5401.7002,5434.1001,5398.8999,5423.0000,10116
2026-03-02 08:00:00,5422.7998,5432.0000,5406.2998,5408.8999,9458
2026-03-02 09:00:00,5409.1001,5418.3999,5400.0000,5406.8999,6492
2026-03-02 10:00:00,5407.7998,5416.7998,5393.6001,5404.1001,7210
2026-03-02 11:00:00,5404.2002,5415.0000,5386.0000,5399.6001,5631
2026-03-02 12:00:00,5399.8999,5413.7002,5393.5000,5412.3999,5779
2026-03-02 13:00:00,5412.2002,5432.2002,5396.7998,5409.7998,14541
2026-03-02 14:00:00,5409.0000,5410.7998,5318.6001,5346.3999,31605
2026-03-02 15:00:00,5346.1001,5364.2998,5321.6001,5329.6001,15936
2026-03-02 16:00:00,5328.7002,5329.2998,5272.8999,5304.0000,22017
2026-03-02 17:00:00,5303.6001,5335.1001,5300.3999,5321.1001,6716
2026-03-02 18:00:00,5321.3999,5330.7998,5302.8999,5329.7998,7951
2026-03-02 19:00:00,5329.8999,5348.5000,5328.2002,5344.2002,5683
2026-03-02 20:00:00,5344.1001,5360.8999,5342.2002,5346.1001,5997
2026-03-02 21:00:00,5346.5000,5354.6001,5335.3999,5335.8999,1860
2026-03-02 23:00:00,5335.7002,5360.8999,5334.8999,5359.1001,0
2026-03-03 00:00:00,5359.8999,5376.8999,5350.1001,5364.5000,3197
2026-03-03 01:00:00,5364.8999,5394.2002,5351.5000,5352.8999,6470
2026-03-03 02:00:00,5353.7002,5381.7998,5346.7002,5380.0000,4266
2026-03-03 03:00:00,5380.7002,5387.2002,5372.2002,5381.2002,2135
2026-03-03 04:00:00,5380.7998,5389.2002,5373.0000,5377.8999,2393
2026-03-03 05:00:00,5374.7002,5381.5000,5318.0000,5331.8999,5796
2026-03-03 06:00:00,5333.7002,5336.2002,5292.1001,5323.0000,9322
2026-03-03 07:00:00,5322.7998,5346.1001,5318.5000,5340.6001,4818
2026-03-03 08:00:00,5340.5000,5349.0000,5302.7998,5308.7998,6910
2026-03-03 09:00:00,5308.5000,5317.3999,5236.0000,5286.7998,17993
2026-03-03 10:00:00,5287.2998,5300.1001,5246.1001,5259.7002,8270
2026-03-03 11:00:00,5258.2998,5274.7998,5081.3999,5154.0000,35026
2026-03-03 12:00:00,5154.5000,5236.8999,5148.2002,5234.5000,17701
2026-03-03 13:00:00,5234.6001,5234.6001,5137.2002,5166.5000,18681
2026-03-03 14:00:00,5166.8999,5185.7998,5025.0000,5048.0000,33468
2026-03-03 15:00:00,5048.7998,5107.3999,5005.0000,5105.2998,29186
2026-03-03 16:00:00,5105.3999,5145.2002,5100.2998,5117.8999,14875
2026-03-03 17:00:00,5117.7998,5120.6001,5075.1001,5089.5000,10853
2026-03-03 18:00:00,5089.3999,5149.7998,5089.2998,5146.5000,11291
2026-03-03 19:00:00,5147.0000,5161.5000,5109.2998,5122.2998,7238
2026-03-03 20:00:00,5123.7002,5141.7002,5096.0000,5109.2998,5194
2026-03-03 21:00:00,5108.6001,5115.2002,5093.2998,5099.5000,2438
2026-03-03 23:00:00,5110.0000,5139.1001,5092.7998,5133.3999,0
2026-03-04 00:00:00,5134.5000,5149.5000,5114.2998,5147.2998,3378
2026-03-04 01:00:00,5148.2002,5188.1001,5147.8999,5183.7002,7682
2026-03-04 02:00:00,5183.8999,5200.7002,5162.6001,5165.3999,6100
2026-03-04 03:00:00,5164.7998,5186.2998,5150.0000,5183.1001,3724
2026-03-04 04:00:00,5183.2998,5189.6001,5160.1001,5166.3999,2344
2026-03-04 05:00:00,5165.7002,5177.2002,5160.5000,5169.5000,2255
2026-03-04 06:00:00,5168.3999,5170.2998,5130.0000,5170.2998,5912
2026-03-04 07:00:00,5169.0000,5186.0000,5168.5000,5178.2002,5536
2026-03-04 08:00:00,5178.2998,5192.7998,5157.7998,5178.6001,5306
2026-03-04 09:00:00,5177.8999,5196.3999,5170.0000,5193.8999,5123
2026-03-04 10:00:00,5194.0000,5214.7002,5191.2002,5201.8999,9054
2026-03-04 11:00:00,5201.2998,5213.2002,5199.2998,5204.2002,3547
2026-03-04 12:00:00,5204.2998,5218.2998,5167.8999,5182.0000,7095
2026-03-04 13:00:00,5182.2002,5207.5000,5177.2998,5178.5000,7694
2026-03-04 14:00:00,5178.1001,5195.2002,5148.3999,5155.7002,13321
2026-03-04 15:00:00,5155.2002,5177.2998,5140.2002,5161.6001,14335
2026-03-04 16:00:00,5161.2002,5172.6001,5148.5000,5161.5000,7171
2026-03-04 17:00:00,5160.8999,5165.0000,5131.5000,5153.6001,6703
2026-03-04 18:00:00,5152.7002,5155.5000,5119.3999,5144.7002,9422
2026-03-04 19:00:00,5144.7998,5150.5000,5133.6001,5148.7002,2883
2026-03-04 20:00:00,5148.3999,5159.2002,5134.7998,5146.7998,2710
2026-03-04 21:00:00,5146.8999,5156.2998,5141.3999,5151.6001,1768
2026-03-04 23:00:00,5155.7002,5177.7998,5152.0000,5176.2002,0
2026-03-05 00:00:00,5176.5000,5191.5000,5170.3999,5183.8999,2613
2026-03-05 01:00:00,5184.1001,5198.0000,5177.1001,5181.7002,4535
2026-03-05 02:00:00,5181.2002,5201.7998,5180.8999,5201.6001,3509
2026-03-05 03:00:00,5201.7002,5204.2998,5187.2998,5189.5000,2226
2026-03-05 04:00:00,5189.3999,5195.8999,5175.2002,5179.7002,1907
2026-03-05 05:00:00,5181.0000,5185.8999,5156.8999,5157.7002,2764
2026-03-05 06:00:00,5157.8999,5177.5000,5129.0000,5176.5000,6396
2026-03-05 07:00:00,5175.8999,5181.7998,5168.0000,5171.3999,3259
2026-03-05 08:00:00,5171.1001,5180.1001,5146.2002,5176.0000,5568
2026-03-05 09:00:00,5175.8999,5192.5000,5162.7002,5171.7998,5482
2026-03-05 10:00:00,5171.1001,5178.5000,5156.8999,5175.6001,4286
2026-03-05 11:00:00,5175.5000,5178.5000,5168.0000,5174.7998,2856
2026-03-05 12:00:00,5175.1001,5182.7002,5171.5000,5173.0000,3060
2026-03-05 13:00:00,5173.6001,5174.8999,5085.5000,5126.5000,23141
2026-03-05 14:00:00,5126.7998,5139.2002,5099.2002,5110.7998,13906
2026-03-05 15:00:00,5110.7002,5128.5000,5065.5000,5111.2998,17528
2026-03-05 16:00:00,5111.7998,5113.5000,5062.3999,5086.5000,9934
2026-03-05 17:00:00,5086.6001,5098.5000,5063.5000,5071.2002,8948
2026-03-05 18:00:00,5071.0000,5094.6001,5058.8999,5077.6001,10075
2026-03-05 19:00:00,5077.6001,5089.7002,5063.5000,5074.6001,3501
2026-03-05 20:00:00,5074.2998,5104.3999,5071.2002,5086.6001,6153
2026-03-05 21:00:00,5086.2998,5094.6001,5082.0000,5093.2998,1924
2026-03-05 23:00:00,5099.7002,5119.2002,5092.2002,5095.6001,0
2026-03-06 00:00:00,5095.5000,5101.0000,5082.8999,5092.5000,2352
2026-03-06 01:00:00,5092.3999,5151.2998,5074.0000,5142.1001,6771
2026-03-06 02:00:00,5142.0000,5145.8999,5129.7998,5133.8999,3466
2026-03-06 03:00:00,5134.7998,5149.7998,5132.1001,5139.8999,2568
2026-03-06 04:00:00,5139.8999,5145.2002,5135.0000,5137.2002,1108
2026-03-06 05:00:00,5136.0000,5138.8999,5122.8999,5126.6001,2591
2026-03-06 06:00:00,5126.1001,5131.8999,5118.7002,5124.8999,2240
2026-03-06 07:00:00,5124.7002,5129.3999,5114.0000,5128.2002,4297
2026-03-06 08:00:00,5128.0000,5132.2998,5104.5000,5116.7002,3493
2026-03-06 09:00:00,5117.6001,5117.7998,5091.3999,5093.5000,5714
2026-03-06 10:00:00,5094.5000,5102.0000,5084.2002,5099.8999,4786
2026-03-06 11:00:00,5100.7002,5109.6001,5071.0000,5086.1001,5176
2026-03-06 12:00:00,5086.2998,5105.7998,5085.2998,5091.8999,4662
2026-03-06 13:00:00,5091.6001,5140.0000,5073.8999,5093.7998,17370
2026-03-06 14:00:00,5093.2002,5142.3999,5089.8999,5139.2998,15352
2026-03-06 15:00:00,5139.2998,5182.0000,5137.3999,5151.2002,22227
2026-03-06 16:00:00,5151.7002,5163.0000,5136.0000,5149.5000,9094
2026-03-06 17:00:00,5150.1001,5162.7998,5138.7002,5150.2002,6214
2026-03-06 18:00:00,5149.8999,5176.5000,5147.8999,5170.2998,15790
2026-03-06 19:00:00,5170.3999,5183.7998,5165.2002,5168.5000,3745
2026-03-06 20:00:00,5168.2002,5171.2002,5157.5000,5161.3999,4144
2026-03-06 21:00:00,5161.1001,5185.0000,5158.7002,5158.7002,0
2026-03-08 22:00:00,5165.5000,5180.0000,5113.5000,5138.5000,8786
2026-03-08 23:00:00,5140.2998,5145.5000,5050.0000,5083.3999,10158
2026-03-09 00:00:00,5083.1001,5088.8999,5035.5000,5056.8999,8311
2026-03-09 01:00:00,5056.7002,5094.3999,5021.2002,5077.6001,9663
2026-03-09 02:00:00,5076.3999,5105.7998,5061.8999,5100.8999,7592
2026-03-09 03:00:00,5101.2998,5109.1001,5087.6001,5098.0000,3367
2026-03-09 04:00:00,5098.0000,5103.3999,5091.2998,5096.3999,1201
2026-03-09 05:00:00,5096.6001,5147.6001,5087.1001,5131.6001,5859
2026-03-09 06:00:00,5131.3999,5141.7002,5103.6001,5104.7998,4276
2026-03-09 07:00:00,5104.7998,5115.2002,5095.3999,5106.7002,5055
2026-03-09 08:00:00,5106.7998,5118.7002,5094.8999,5104.3999,4532
2026-03-09 09:00:00,5104.1001,5140.5000,5102.7998,5114.2998,7308
2026-03-09 10:00:00,5114.0000,5119.7998,5090.8999,5094.7998,6702
2026-03-09 11:00:00,5094.7998,5104.7998,5086.5000,5095.7002,5633
2026-03-09 12:00:00,5096.2002,5120.5000,5096.2002,5103.1001,7251
2026-03-09 13:00:00,5103.1001,5119.5000,5075.0000,5081.5000,13198
2026-03-09 14:00:00,5081.1001,5124.7002,5066.8999,5102.6001,14107
2026-03-09 15:00:00,5102.2002,5112.0000,5087.7998,5108.5000,11683
2026-03-09 16:00:00,5108.1001,5119.7002,5103.1001,5113.1001,7788
2026-03-09 17:00:00,5113.2002,5115.5000,5097.7002,5104.8999,10656
2026-03-09 18:00:00,5104.8999,5136.7002,5101.6001,5133.2002,7471
2026-03-09 19:00:00,5133.2998,5154.7002,5128.2998,5150.5000,7655
2026-03-09 20:00:00,5150.8999,5158.0000,5143.7002,5148.7002,2478
2026-03-09 22:00:00,5152.3999,5163.0000,5127.1001,5162.1001,0
2026-03-09 23:00:00,5161.8999,5165.6001,5145.6001,5149.7998,2256
2026-03-10 00:00:00,5149.2998,5151.1001,5134.7998,5140.2002,2782
2026-03-10 01:00:00,5140.2998,5195.2002,5134.0000,5193.2002,8128
2026-03-10 02:00:00,5192.7998,5195.7998,5172.1001,5174.2998,4886
2026-03-10 03:00:00,5173.7998,5181.8999,5163.0000,5166.3999,2788
2026-03-10 04:00:00,5165.2998,5175.2998,5162.3999,5172.1001,1931
2026-03-10 05:00:00,5172.5000,5188.2002,5172.3999,5186.7002,1828
2026-03-10 06:00:00,5187.2998,5190.0000,5180.7002,5183.6001,2357
2026-03-10 07:00:00,5184.1001,5191.2998,5167.2998,5190.5000,4821
2026-03-10 08:00:00,5190.6001,5204.0000,5184.5000,5192.5000,7353
2026-03-10 09:00:00,5192.6001,5198.3999,5189.7002,5191.7998,3962
2026-03-10 10:00:00,5191.5000,5193.2998,5165.6001,5186.6001,6475
2026-03-10 11:00:00,5186.6001,5201.1001,5180.8999,5184.2002,6776
2026-03-10 12:00:00,5184.6001,5198.8999,5171.3999,5196.5000,6641
2026-03-10 13:00:00,5196.2002,5238.8999,5194.8999,5214.2002,23344
2026-03-10 14:00:00,5215.3999,5224.0000,5193.6001,5215.7998,16453
2026-03-10 15:00:00,5216.0000,5248.7002,5212.0000,5238.0000,16210
2026-03-10 16:00:00,5238.1001,5245.1001,5232.2002,5236.8999,10769
2026-03-10 17:00:00,5236.8999,5244.5000,5232.6001,5237.1001,13336
2026-03-10 18:00:00,5237.0000,5237.2998,5169.0000,5200.0000,14491
2026-03-10 19:00:00,5200.2998,5216.5000,5188.7002,5207.0000,5803
2026-03-10 20:00:00,5206.7002,5207.7002,5198.5000,5198.7002,1622
2026-03-10 22:00:00,5194.0000,5206.2002,5191.2998,5196.7002,0
2026-03-10 23:00:00,5197.2002,5206.0000,5195.2002,5204.8999,1487
2026-03-11 00:00:00,5205.0000,5227.0000,5194.0000,5223.1001,3771
2026-03-11 01:00:00,5223.0000,5230.8999,5215.8999,5215.8999,3201
2026-03-11 02:00:00,5215.8999,5228.7002,5202.0000,5225.3999,3951
2026-03-11 03:00:00,5225.5000,5228.5000,5207.5000,5211.1001,2384
2026-03-11 04:00:00,5211.5000,5217.1001,5207.8999,5212.7998,1413
2026-03-11 05:00:00,5212.5000,5216.7998,5197.7998,5207.6001,2569
2026-03-11 06:00:00,5207.2002,5218.3999,5199.6001,5205.7998,2806
2026-03-11 07:00:00,5205.0000,5209.7998,5192.1001,5203.7002,5248
2026-03-11 08:00:00,5203.2998,5206.7002,5183.2998,5195.2002,5657
2026-03-11 09:00:00,5194.8999,5205.1001,5187.1001,5195.7002,4462
2026-03-11 10:00:00,5195.7998,5203.0000,5184.7998,5194.1001,4926
2026-03-11 11:00:00,5194.2998,5201.1001,5182.2998,5189.2002,4825
2026-03-11 12:00:00,5188.7002,5207.5000,5172.0000,5175.1001,9448
2026-03-11 13:00:00,5174.7002,5191.1001,5155.8999,5184.2998,14343
2026-03-11 14:00:00,5184.0000,5204.2998,5181.7998,5190.7998,13639
2026-03-11 15:00:00,5190.7002,5193.7998,5169.8999,5173.3999,10146
2026-03-11 16:00:00,5173.3999,5185.5000,5170.7998,5183.1001,6393
2026-03-11 17:00:00,5183.2998,5188.5000,5158.3999,5176.6001,20090
2026-03-11 18:00:00,5176.6001,5186.2998,5176.2002,5180.1001,3915
2026-03-11 19:00:00,5180.2002,5191.2002,5176.8999,5191.0000,2266
2026-03-11 20:00:00,5190.7998,5191.5000,5182.8999,5183.8999,0
2026-03-11 22:00:00,5185.3999,5189.7998,5135.0000,5144.7998,3397
2026-03-11 23:00:00,5144.5000,5163.8999,5138.7998,5140.0000,2955
2026-03-12 00:00:00,5139.3999,5168.0000,5130.0000,5158.1001,4338
2026-03-12 01:00:00,5158.2002,5178.3999,5156.2002,5174.3999,4479
2026-03-12 02:00:00,5173.7002,5180.6001,5150.5000,5156.0000,4453
2026-03-12 03:00:00,5155.7002,5160.5000,5152.0000,5158.2002,2543
2026-03-12 04:00:00,5158.3999,5159.2002,5145.2998,5147.3999,1775
2026-03-12 05:00:00,5147.6001,5162.5000,5142.0000,5159.7002,2469
2026-03-12 06:00:00,5159.6001,5176.2002,5152.7002,5172.6001,3128
2026-03-12 07:00:00,5171.8999,5190.8999,5170.2998,5188.3999,4092
2026-03-12 08:00:00,5188.2002,5195.8999,5181.3999,5184.3999,4195
2026-03-12 09:00:00,5184.6001,5196.2002,5179.7998,5194.2002,4448
2026-03-12 10:00:00,5194.1001,5197.7998,5181.7998,5188.2002,4975
2026-03-12 11:00:00,5187.8999,5189.6001,5178.6001,5184.7998,2449
2026-03-12 12:00:00,5185.0000,5192.2998,5168.5000,5187.7002,7942
2026-03-12 13:00:00,5187.5000,5192.5000,5152.1001,5157.3999,12991
2026-03-12 14:00:00,5157.0000,5170.2002,5144.2002,5148.7998,10328
2026-03-12 15:00:00,5148.6001,5150.8999,5114.6001,5138.0000,16059
2026-03-12 16:00:00,5138.1001,5144.2998,5126.7998,5130.1001,10170
2026-03-12 17:00:00,5129.8999,5136.5000,5109.0000,5112.3999,13911
2026-03-12 18:00:00,5111.8999,5119.5000,5095.2998,5100.0000,6878
2026-03-12 19:00:00,5100.2002,5102.8999,5084.5000,5091.7002,7030
2026-03-12 20:00:00,5092.0000,5097.6001,5058.2002,5084.1001,0
2026-03-12 22:00:00,5084.0000,5099.2998,5074.6001,5099.1001,2227
2026-03-12 23:00:00,5099.6001,5104.3999,5092.6001,5101.5000,2764
2026-03-13 00:00:00,5101.0000,5118.1001,5100.3999,5116.6001,3464
2026-03-13 01:00:00,5116.7002,5128.5000,5111.3999,5128.5000,7335
2026-03-13 02:00:00,5127.8999,5132.3999,5113.7002,5115.3999,3702
2026-03-13 03:00:00,5115.7998,5120.0000,5109.3999,5119.2002,2329
2026-03-13 04:00:00,5118.8999,5121.1001,5105.5000,5107.1001,2037
2026-03-13 05:00:00,5107.3999,5114.8999,5100.6001,5106.2002,4068
2026-03-13 06:00:00,5106.1001,5111.2998,5088.6001,5092.2002,5385
2026-03-13 07:00:00,5092.2002,5098.2998,5075.5000,5089.5000,5635
2026-03-13 08:00:00,5089.7998,5092.7998,5066.0000,5092.2002,6613
2026-03-13 09:00:00,5092.2998,5101.8999,5087.8999,5094.2998,4103
2026-03-13 10:00:00,5094.0000,5103.3999,5085.0000,5099.6001,4561
2026-03-13 11:00:00,5099.8999,5112.8999,5091.1001,5112.8999,4828
2026-03-13 12:00:00,5113.0000,5128.5000,5109.7998,5124.3999,7661
2026-03-13 13:00:00,5124.6001,5127.8999,5102.1001,5107.5000,8918
2026-03-13 14:00:00,5107.1001,5114.1001,5039.2998,5045.7998,17577
2026-03-13 15:00:00,5045.8999,5076.2002,5032.2002,5039.1001,20600
2026-03-13 16:00:00,5038.7998,5057.0000,5022.7998,5050.6001,13963
2026-03-13 17:00:00,5050.1001,5068.1001,5047.5000,5050.8999,9916
2026-03-13 18:00:00,5050.7998,5056.0000,5040.7002,5050.8999,4572
2026-03-13 19:00:00,5050.8999,5054.2002,5014.1001,5022.0000,8977
2026-03-13 20:00:00,5022.2998,5061.7002,5017.0000,5061.7002,0
2026-03-15 22:00:00,5027.6001,5029.8999,5003.0000,5028.7998,4915
2026-03-15 23:00:00,5028.0000,5030.0000,4970.1001,5000.6001,6451
2026-03-16 00:00:00,5001.1001,5035.3999,5000.0000,5030.3999,5504
2026-03-16 01:00:00,5031.5000,5031.5000,4986.0000,5020.0000,6495
2026-03-16 02:00:00,5019.3999,5022.7002,5001.3999,5006.6001,2954
2026-03-16 03:00:00,5007.2002,5024.2998,5001.3999,5022.5000,2353
2026-03-16 04:00:00,5023.2002,5030.1001,5016.0000,5016.5000,1556
2026-03-16 05:00:00,5016.3999,5024.0000,5006.8999,5021.1001,2199
2026-03-16 06:00:00,5021.0000,5039.7998,5008.5000,5016.2002,5219
2026-03-16 07:00:00,5016.1001,5020.0000,4992.8999,4998.8999,6856
2026-03-16 08:00:00,4998.7002,5008.0000,4988.2002,4995.0000,8068
2026-03-16 09:00:00,4994.1001,4995.6001,4976.5000,4979.3999,9581
2026-03-16 10:00:00,4979.7002,5005.2998,4973.5000,5004.2002,7860
2026-03-16 11:00:00,5004.2998,5028.2002,4996.7998,5001.8999,9349
2026-03-16 12:00:00,5001.7002,5033.5000,4999.5000,5024.8999,13053
2026-03-16 13:00:00,5025.3999,5041.2998,5018.7998,5035.7002,12908
2026-03-16 14:00:00,5035.7998,5044.5000,4992.1001,5000.7998,16157
2026-03-16 15:00:00,5000.3999,5010.8999,4988.5000,4991.8999,14779
2026-03-16 16:00:00,4991.5000,5004.2002,4978.6001,4995.8999,9464
2026-03-16 17:00:00,4996.1001,5009.6001,4989.5000,4996.7002,8491
2026-03-16 18:00:00,4997.0000,5024.0000,4995.7998,5018.8999,5640
2026-03-16 19:00:00,5018.7002,5026.5000,5014.0000,5019.2998,4156
2026-03-16 20:00:00,5018.8999,5028.0000,5010.7998,5011.2998,2408
2026-03-16 22:00:00,5012.2002,5021.8999,5003.8999,5007.6001,0
2026-03-16 23:00:00,5007.2002,5021.0000,5007.0000,5018.0000,1282
2026-03-17 00:00:00,5018.0000,5019.2998,5002.2998,5007.1001,1875
2026-03-17 01:00:00,5006.2998,5032.7002,4998.7002,5032.1001,3693
2026-03-17 02:00:00,5032.2998,5034.1001,5024.1001,5026.2002,1783
2026-03-17 03:00:00,5026.0000,5037.5000,5024.2002,5030.2998,1698
2026-03-17 04:00:00,5031.1001,5046.7002,5030.1001,5042.3999,2344
2026-03-17 05:00:00,5043.1001,5049.3999,5024.2998,5024.5000,4025
2026-03-17 06:00:00,5025.2998,5027.0000,5009.0000,5013.8999,5001
2026-03-17 07:00:00,5013.7002,5031.8999,5013.0000,5025.0000,4682
2026-03-17 08:00:00,5025.2002,5033.5000,5022.2998,5029.0000,4513
2026-03-17 09:00:00,5029.2002,5030.2998,5014.3999,5014.7002,4778
2026-03-17 10:00:00,5014.7002,5020.7002,4994.7998,5004.3999,8149
2026-03-17 11:00:00,5004.0000,5016.1001,5001.0000,5007.2998,4130
2026-03-17 12:00:00,5007.0000,5029.0000,5003.2998,5016.2998,8058
2026-03-17 13:00:00,5016.6001,5036.7002,5010.6001,5021.8999,12007
2026-03-17 14:00:00,5021.6001,5026.5000,5007.2002,5012.5000,8055
2026-03-17 15:00:00,5011.8999,5022.2002,4977.0000,5002.6001,16059
2026-03-17 16:00:00,5002.5000,5010.2998,4995.6001,5006.3999,6952
2026-03-17 17:00:00,5006.5000,5013.7002,5001.0000,5007.0000,7244
2026-03-17 18:00:00,5007.3999,5013.5000,5003.8999,5007.5000,2777
2026-03-17 19:00:00,5007.1001,5009.3999,5000.3999,5005.1001,3302
2026-03-17 20:00:00,5004.8999,5011.6001,5004.7002,5011.2998,1693
2026-03-17 22:00:00,5010.6001,5011.2002,4996.8999,5003.6001,0
2026-03-17 23:00:00,5003.3999,5007.8999,5002.2002,5006.6001,587
2026-03-18 00:00:00,5006.6001,5017.2998,5004.7002,5008.3999,3174
2026-03-18 01:00:00,5008.8999,5022.0000,4994.2998,5002.2002,5126
2026-03-18 02:00:00,5002.2002,5010.7002,4993.0000,4994.8999,2187
2026-03-18 03:00:00,4994.8999,5000.8999,4988.5000,4992.7002,2088
2026-03-18 04:00:00,4994.5000,4997.0000,4984.8999,4989.8999,2579
2026-03-18 05:00:00,4990.3999,5006.2002,4987.7002,5001.1001,3782
2026-03-18 06:00:00,5000.3999,5020.5000,4999.6001,5013.7998,4444
2026-03-18 07:00:00,5014.1001,5019.3999,4994.7002,4999.1001,3934
2026-03-18 08:00:00,4999.0000,5001.7002,4981.1001,4990.7002,10728
2026-03-18 09:00:00,4991.1001,5000.0000,4988.7002,4996.3999,4026
2026-03-18 10:00:00,4996.2998,4996.3999,4962.6001,4971.7002,11330
2026-03-18 11:00:00,4971.7002,4977.7002,4928.0000,4933.2998,18535
2026-03-18 12:00:00,4933.8999,4935.8999,4873.0000,4884.3999,30884
2026-03-18 13:00:00,4884.0000,4889.2002,4837.1001,4881.7998,30042
2026-03-18 14:00:00,4881.8999,4899.0000,4859.3999,4873.1001,14620
2026-03-18 15:00:00,4872.8999,4883.6001,4864.5000,4866.2998,8080
2026-03-18 16:00:00,4866.2002,4894.7998,4864.7002,4891.2002,7334
2026-03-18 17:00:00,4891.3999,4904.0000,4888.1001,4895.1001,10551
2026-03-18 18:00:00,4895.2002,4904.5000,4856.2002,4857.2998,12095
2026-03-18 19:00:00,4856.8999,4868.8999,4841.3999,4846.7998,11113
2026-03-18 20:00:00,4846.5000,4852.1001,4809.2998,4823.8999,7915
2026-03-18 22:00:00,4828.0000,4842.0000,4806.0000,4837.1001,0
2026-03-18 23:00:00,4836.5000,4845.0000,4830.5000,4839.2002,1937
2026-03-19 00:00:00,4838.3999,4850.7998,4837.6001,4842.6001,2707
2026-03-19 01:00:00,4842.2998,4868.7002,4833.7002,4851.2998,5558
2026-03-19 02:00:00,4851.2002,4863.3999,4842.6001,4859.5000,2784
2026-03-19 03:00:00,4859.7998,4867.3999,4852.2998,4852.7002,2038
2026-03-19 04:00:00,4852.3999,4855.2002,4847.0000,4851.7998,1193
2026-03-19 05:00:00,4851.5000,4855.7002,4828.1001,4829.2002,4298
2026-03-19 06:00:00,4829.1001,4844.2002,4749.0000,4765.2002,14291
2026-03-19 07:00:00,4765.2998,4786.0000,4727.2998,4729.6001,11354
2026-03-19 08:00:00,4729.2998,4742.2002,4688.0000,4710.6001,16114
2026-03-19 09:00:00,4711.2002,4728.1001,4690.2998,4701.1001,12786
2026-03-19 10:00:00,4700.6001,4722.0000,4669.3999,4681.8999,16441
2026-03-19 11:00:00,4682.2998,4702.7002,4652.3999,4654.3999,16882
2026-03-19 12:00:00,4654.8999,4657.0000,4533.1001,4577.2998,40229
2026-03-19 13:00:00,4576.1001,4625.0000,4505.0000,4624.0000,41771
2026-03-19 14:00:00,4624.8999,4651.7998,4583.3999,4603.5000,29577
2026-03-19 15:00:00,4603.2002,4641.7002,4566.0000,4598.2998,20907
2026-03-19 16:00:00,4598.0000,4628.0000,4579.2002,4587.1001,13233
2026-03-19 17:00:00,4587.2002,4633.2998,4576.7002,4618.7998,14104
2026-03-19 18:00:00,4619.2998,4626.2998,4598.7002,4625.7998,7156
2026-03-19 19:00:00,4625.7998,4666.8999,4625.7998,4647.8999,14104
2026-03-19 20:00:00,4647.5000,4664.7002,4646.0000,4651.8999,3483
2026-03-19 22:00:00,4653.8999,4679.5000,4638.0000,4638.1001,0
2026-03-19 23:00:00,4638.7002,4650.0000,4635.7998,4645.5000,2093
2026-03-20 00:00:00,4645.5000,4666.6001,4643.8999,4649.5000,3039
2026-03-20 01:00:00,4649.6001,4701.5000,4640.5000,4679.1001,8676
2026-03-20 02:00:00,4680.0000,4704.5000,4672.2002,4699.2998,5110
2026-03-20 03:00:00,4698.8999,4738.2002,4694.3999,4725.2002,5710
2026-03-20 04:00:00,4726.2998,4728.0000,4715.5000,4722.0000,2676
2026-03-20 05:00:00,4722.0000,4724.1001,4686.7998,4689.8999,5495
2026-03-20 06:00:00,4690.0000,4702.6001,4661.6001,4670.2998,7131
2026-03-20 07:00:00,4669.8999,4709.0000,4668.7998,4707.2002,6768
2026-03-20 08:00:00,4707.7002,4736.2998,4685.2002,4695.1001,11543
2026-03-20 09:00:00,4694.5000,4701.7998,4660.5000,4668.3999,7183
2026-03-20 10:00:00,4668.2998,4670.5000,4639.1001,4646.3999,10086
2026-03-20 11:00:00,4645.7998,4676.0000,4638.2002,4673.3999,7046
2026-03-20 12:00:00,4673.3999,4696.8999,4662.7998,4679.0000,11455
2026-03-20 13:00:00,4679.3999,4680.5000,4613.1001,4617.0000,19865
2026-03-20 14:00:00,4617.1001,4623.2002,4547.6001,4564.8999,26207
2026-03-20 15:00:00,4564.5000,4582.3999,4542.1001,4555.2998,16663
2026-03-20 16:00:00,4554.8999,4616.2998,4554.0000,4585.2998,16772
2026-03-20 17:00:00,4585.6001,4602.5000,4556.7002,4575.8999,13556
2026-03-20 18:00:00,4576.1001,4580.5000,4478.3999,4500.7002,16249
2026-03-20 19:00:00,4501.2998,4518.7002,4487.3999,4503.7998,10062
2026-03-20 20:00:00,4503.5000,4574.8999,4488.5000,4492.0000,4003
2026-03-22 22:00:00,4511.7002,4537.1001,4490.0000,4498.1001,5750
2026-03-22 23:00:00,4499.2998,4511.2002,4453.2002,4465.8999,7327
2026-03-23 00:00:00,4466.2002,4474.7998,4322.0000,4356.3999,23933
2026-03-23 01:00:00,4357.7002,4455.0000,4330.0000,4390.0000,16646
2026-03-23 02:00:00,4389.3999,4423.7998,4356.0000,4362.2998,12129
2026-03-23 03:00:00,4362.0000,4379.3999,4337.5000,4355.2998,8729
2026-03-23 04:00:00,4355.8999,4385.0000,4353.2002,4370.8999,6159
2026-03-23 05:00:00,4370.5000,4383.2002,4305.5000,4314.1001,11549
2026-03-23 06:00:00,4313.7998,4317.1001,4166.0000,4225.1001,34076
2026-03-23 07:00:00,4224.7998,4233.7998,4100.0000,4205.7002,32362
2026-03-23 08:00:00,4206.5000,4273.2998,4203.6001,4251.7002,21649
2026-03-23 09:00:00,4252.6001,4310.2998,4224.1001,4254.5000,18698
2026-03-23 10:00:00,4254.7002,4283.0000,4241.7998,4270.0000,10208
2026-03-23 11:00:00,4270.3999,4466.2998,4270.1001,4379.2002,33188
2026-03-23 12:00:00,4380.1001,4495.5000,4338.0000,4480.6001,21627
2026-03-23 13:00:00,4481.6001,4489.0000,4404.0000,4457.6001,23269
2026-03-23 14:00:00,4457.6001,4516.5000,4455.8999,4463.5000,23762
2026-03-23 15:00:00,4464.3999,4488.8999,4350.7998,4365.6001,25658
2026-03-23 16:00:00,4364.1001,4394.0000,4354.1001,4378.1001,15172
2026-03-23 17:00:00,4378.0000,4441.5000,4372.7002,4428.7998,18047
2026-03-23 18:00:00,4428.8999,4469.5000,4404.7998,4451.0000,6833
2026-03-23 19:00:00,4451.6001,4452.5000,4394.6001,4401.5000,9241
2026-03-23 20:00:00,4400.7002,4416.1001,4385.0000,4410.3999,2491
2026-03-23 22:00:00,4414.7998,4433.7998,4363.5000,4429.8999,0
2026-03-23 23:00:00,4428.7002,4450.5000,4424.0000,4442.7998,3190
2026-03-24 00:00:00,4442.7002,4448.3999,4329.0000,4366.8999,7677
2026-03-24 01:00:00,4366.6001,4376.8999,4309.2002,4323.3999,9231
2026-03-24 02:00:00,4323.1001,4380.1001,4306.2998,4366.8999,6621
2026-03-24 03:00:00,4367.1001,4368.6001,4335.3999,4346.7998,3073
2026-03-24 04:00:00,4347.3999,4357.7002,4327.0000,4334.0000,2581
2026-03-24 05:00:00,4334.5000,4375.3999,4319.8999,4349.5000,6232
2026-03-24 06:00:00,4348.8999,4406.7002,4345.5000,4403.7998,6113
2026-03-24 07:00:00,4402.5000,4437.6001,4401.0000,4420.2002,8472
2026-03-24 08:00:00,4420.1001,4423.6001,4392.7002,4413.5000,8800
2026-03-24 09:00:00,4413.1001,4432.2002,4397.2998,4427.7002,6689
2026-03-24 10:00:00,4428.0000,4442.8999,4415.2002,4439.7002,7584
2026-03-24 11:00:00,4438.8999,4443.2002,4372.3999,4408.0000,14144
2026-03-24 12:00:00,4408.2002,4427.6001,4361.7002,4378.7002,15189
2026-03-24 13:00:00,4379.0000,4390.7002,4350.3999,4382.5000,20103
2026-03-24 14:00:00,4381.0000,4435.0000,4380.3999,4416.2998,17194
2026-03-24 15:00:00,4415.7998,4431.2002,4396.5000,4412.7998,14146
2026-03-24 16:00:00,4412.3999,4428.8999,4403.7002,4422.2002,11557
2026-03-24 17:00:00,4422.2002,4427.6001,4372.2002,4388.2998,13794
2026-03-24 18:00:00,4388.2998,4424.5000,4383.6001,4390.8999,7903
2026-03-24 19:00:00,4390.0000,4411.8999,4389.3999,4400.8999,3568
2026-03-24 20:00:00,4400.7998,4485.6001,4397.7002,4474.8999,9429
2026-03-24 22:00:00,4473.5000,4492.2998,4458.2002,4487.7002,0
2026-03-24 23:00:00,4487.5000,4555.0000,4475.3999,4549.2002,9333
2026-03-25 00:00:00,4549.0000,4572.7998,4540.5000,4564.8999,10775
2026-03-25 01:00:00,4564.7998,4600.0000,4553.2998,4593.2002,13927
2026-03-25 02:00:00,4593.2998,4601.0000,4578.2998,4581.8999,9213
2026-03-25 03:00:00,4581.5000,4584.3999,4566.1001,4567.7998,6076
2026-03-25 04:00:00,4568.5000,4573.2002,4563.8999,4571.2002,3077
2026-03-25 05:00:00,4571.1001,4572.0000,4546.7002,4555.0000,5910
2026-03-25 06:00:00,4555.0000,4556.1001,4532.5000,4543.7998,7617
2026-03-25 07:00:00,4543.8999,4561.7998,4536.7002,4539.0000,9557
2026-03-25 08:00:00,4539.2002,4568.7002,4535.6001,4555.6001,10282
2026-03-25 09:00:00,4555.7002,4567.0000,4525.7002,4550.3999,10492
2026-03-25 10:00:00,4550.7002,4561.2998,4549.5000,4557.1001,6186
2026-03-25 11:00:00,4557.5000,4586.2002,4554.6001,4577.3999,8361
2026-03-25 12:00:00,4577.7998,4582.5000,4519.5000,4542.3999,17116
2026-03-25 13:00:00,4542.7998,4575.7998,4539.2002,4543.2998,20226
2026-03-25 14:00:00,4543.2998,4577.6001,4531.2002,4565.2998,14184
2026-03-25 15:00:00,4565.2002,4567.6001,4522.0000,4557.3999,17899
2026-03-25 16:00:00,4557.1001,4563.2002,4543.5000,4553.3999,8289
2026-03-25 17:00:00,4553.5000,4561.7002,4540.7998,4548.2002,19094
2026-03-25 18:00:00,4548.0000,4566.6001,4528.2002,4535.7002,9513
2026-03-25 19:00:00,4535.0000,4537.2998,4484.2998,4528.7002,12465
2026-03-25 20:00:00,4528.2998,4539.6001,4492.8999,4503.2998,4308
2026-03-25 22:00:00,4508.8999,4531.1001,4501.8999,4513.8999,0
2026-03-25 23:00:00,4513.8999,4515.2002,4485.6001,4495.2998,3598
2026-03-26 00:00:00,4495.2998,4536.6001,4495.2002,4533.2998,4567
2026-03-26 01:00:00,4533.0000,4541.6001,4518.7002,4532.0000,3703
2026-03-26 02:00:00,4532.2998,4532.2998,4501.8999,4505.2002,3542
2026-03-26 03:00:00,4505.1001,4515.0000,4495.7998,4510.2002,2651
2026-03-26 04:00:00,4513.2998,4520.8999,4508.0000,4516.8999,1749
2026-03-26 05:00:00,4517.0000,4518.7002,4434.8999,4435.0000,9488
2026-03-26 06:00:00,4434.7002,4456.3999,4412.1001,4452.8999,10332
2026-03-26 07:00:00,4453.1001,4460.5000,4434.2998,4449.3999,8135
2026-03-26 08:00:00,4448.7002,4456.0000,4409.2998,4424.7998,11850
2026-03-26 09:00:00,4425.3999,4434.1001,4412.1001,4421.2998,10331
2026-03-26 10:00:00,4421.1001,4445.2998,4414.6001,4440.2002,11194
2026-03-26 11:00:00,4440.5000,4453.1001,4415.8999,4419.7002,11846
2026-03-26 12:00:00,4420.1001,4442.5000,4412.7002,4426.7998,13200
2026-03-26 13:00:00,4426.5000,4457.7998,4417.6001,4450.1001,21820
2026-03-26 14:00:00,4450.3999,4476.6001,4433.7002,4461.8999,21728
2026-03-26 15:00:00,4461.5000,4466.1001,4429.7998,4434.0000,18036
2026-03-26 16:00:00,4434.0000,4438.8999,4362.7998,4385.2998,24936
2026-03-26 17:00:00,4384.8999,4398.5000,4372.5000,4377.6001,16206
2026-03-26 18:00:00,4377.2002,4394.5000,4363.7002,4391.0000,7403
2026-03-26 19:00:00,4391.7002,4395.8999,4356.3999,4361.2998,7834
2026-03-26 20:00:00,4361.1001,4416.7998,4348.2002,4376.8999,11897
2026-03-26 22:00:00,4371.7998,4409.6001,4369.1001,4406.5000,0
2026-03-26 23:00:00,4404.8999,4408.5000,4383.7998,4400.2998,1611
2026-03-27 00:00:00,4399.3999,4405.2998,4370.5000,4374.0000,1168
2026-03-27 01:00:00,4372.2998,4414.2998,4372.2998,4411.3999,1400
2026-03-27 02:00:00,4413.3999,4434.6001,4413.3999,4426.1001,959
2026-03-27 03:00:00,4427.0000,4440.2002,4415.0000,4432.0000,565
2026-03-27 04:00:00,4431.7998,4444.2002,4426.2002,4440.8999,400
2026-03-27 05:00:00,4440.1001,4469.2998,4434.7002,4448.8999,1441
2026-03-27 06:00:00,4448.0000,4466.7998,4446.0000,4453.6001,803
2026-03-27 07:00:00,4453.1001,4483.2002,4441.2002,4475.2002,33353
2026-03-27 08:00:00,4475.2998,4478.2002,4451.2998,4452.1001,7884
2026-03-27 09:00:00,4452.0000,4466.2002,4448.2998,4457.2002,5874
2026-03-27 10:00:00,4457.2002,4461.0000,4438.6001,4442.7998,8464
2026-03-27 11:00:00,4443.2998,4453.7002,4432.2002,4447.5000,9076
2026-03-27 12:00:00,4447.6001,4472.3999,4439.7998,4465.3999,9804
2026-03-27 13:00:00,4465.5000,4471.2002,4441.0000,4458.6001,16557
2026-03-27 14:00:00,4460.5000,4545.5000,4459.0000,4540.1001,25591
2026-03-27 15:00:00,4540.2998,4585.2998,4531.6001,4554.3999,26505
2026-03-27 16:00:00,4554.6001,4563.7998,4535.7998,4546.5000,15121
2026-03-27 17:00:00,4546.5000,4552.7002,4515.0000,4515.5000,16961
2026-03-27 18:00:00,4515.7998,4558.2998,4515.7998,4546.1001,6919
2026-03-27 19:00:00,4547.1001,4555.2002,4529.3999,4543.1001,6096
2026-03-27 20:00:00,4543.5000,4549.2998,4518.8999,4521.2998,4464
2026-03-29 22:00:00,4510.1001,4538.8999,4506.2998,4512.2998,3976
2026-03-29 23:00:00,4513.3999,4521.1001,4472.0000,4476.8999,5868
2026-03-30 00:00:00,4477.0000,4494.2002,4444.7002,4461.2002,9172
2026-03-30 01:00:00,4460.6001,4506.3999,4460.2998,4498.5000,7258
2026-03-30 02:00:00,4498.7998,4528.7002,4487.7998,4510.8999,4454
2026-03-30 03:00:00,4510.3999,4548.0000,4508.1001,4528.1001,4735
2026-03-30 04:00:00,4526.5000,4528.5000,4514.8999,4526.7998,2521
2026-03-30 05:00:00,4526.7998,4557.3999,4526.6001,4551.5000,3925
2026-03-30 06:00:00,4551.6001,4579.2002,4545.7002,4560.0000,6036
2026-03-30 07:00:00,4559.6001,4562.7998,4543.2998,4555.2002,5488
2026-03-30 08:00:00,4555.1001,4569.0000,4552.7002,4566.8999,5381
2026-03-30 09:00:00,4566.6001,4569.3999,4551.2998,4562.0000,5278
2026-03-30 10:00:00,4561.8999,4569.2002,4556.6001,4561.2002,3636
2026-03-30 11:00:00,4561.3999,4611.3999,4553.8999,4589.0000,10657
2026-03-30 12:00:00,4589.5000,4608.1001,4574.6001,4599.6001,8767
2026-03-30 13:00:00,4599.8999,4609.0000,4546.7002,4553.7002,14556
2026-03-30 14:00:00,4553.2002,4571.8999,4542.0000,4569.2002,12896
2026-03-30 15:00:00,4569.0000,4587.1001,4554.5000,4578.1001,9848
2026-03-30 16:00:00,4578.3999,4580.0000,4560.1001,4569.5000,6762
2026-03-30 17:00:00,4569.1001,4572.0000,4540.8999,4544.7998,8393
2026-03-30 18:00:00,4545.1001,4553.1001,4528.0000,4528.7998,5198
2026-03-30 19:00:00,4528.5000,4548.2998,4522.7002,4543.2002,5325
2026-03-30 20:00:00,4543.7002,4547.0000,4530.2002,4540.3999,1970
2026-03-30 22:00:00,4538.8999,4552.5000,4530.5000,4539.3999,0
2026-03-30 23:00:00,4539.1001,4550.1001,4520.7998,4542.1001,2139
2026-03-31 00:00:00,4541.3999,4577.2998,4510.0000,4576.6001,7357
2026-03-31 01:00:00,4576.5000,4649.5000,4560.8999,4635.5000,14017
2026-03-31 02:00:00,4634.7002,4637.6001,4595.7002,4597.7998,5594
2026-03-31 03:00:00,4597.5000,4607.2998,4578.5000,4584.8999,3694
2026-03-31 04:00:00,4585.8999,4597.7998,4585.5000,4592.8999,2768
2026-03-31 05:00:00,4592.7002,4610.2002,4575.7002,4597.0000,4743
2026-03-31 06:00:00,4596.7002,4596.7002,4581.3999,4586.3999,4105
2026-03-31 07:00:00,4586.8999,4596.0000,4571.7998,4594.7002,5332
2026-03-31 08:00:00,4594.5000,4605.5000,4590.6001,4599.0000,5581
2026-03-31 09:00:00,4599.2998,4602.7002,4580.1001,4585.2998,4846
2026-03-31 10:00:00,4584.7002,4591.6001,4558.8999,4576.6001,5269
2026-03-31 11:00:00,4577.5000,4623.8999,4571.0000,4612.7998,9904
2026-03-31 12:00:00,4613.2998,4628.0000,4599.3999,4604.5000,8762
2026-03-31 13:00:00,4605.3999,4640.0000,4597.7998,4637.2998,14043
2026-03-31 14:00:00,4637.2002,4662.0000,4625.2998,4628.7002,17099
2026-03-31 15:00:00,4629.5000,4655.7998,4629.2998,4640.0000,10382
2026-03-31 16:00:00,4640.1001,4682.7002,4637.5000,4669.1001,11774
2026-03-31 17:00:00,4669.2002,4698.5000,4667.0000,4685.5000,14550
2026-03-31 18:00:00,4685.0000,4702.0000,4684.1001,4698.2002,5652
2026-03-31 19:00:00,4698.2002,4716.2998,4691.7998,4713.2998,7286
2026-03-31 20:00:00,4713.3999,4717.6001,4695.0000,4699.6001,3842
2026-03-31 22:00:00,4698.3999,4725.8999,4690.0000,4709.7002,0
2026-03-31 23:00:00,4709.3999,4728.7998,4700.2998,4723.6001,2962
2026-04-01 00:00:00,4723.6001,4750.5000,4721.5000,4738.7998,7352
2026-04-01 01:00:00,4738.6001,4751.8999,4708.2998,4718.7998,6443
2026-04-01 02:00:00,4719.8999,4727.5000,4704.5000,4711.1001,4748
2026-04-01 03:00:00,4710.2998,4720.2002,4705.5000,4707.0000,3239
2026-04-01 04:00:00,4707.6001,4707.7002,4693.0000,4702.7002,3646
2026-04-01 05:00:00,4702.8999,4730.0000,4700.7998,4710.2998,5342
2026-04-01 06:00:00,4710.7998,4759.8999,4708.8999,4757.3999,9443
2026-04-01 07:00:00,4757.5000,4774.2002,4735.6001,4739.3999,10019
2026-04-01 08:00:00,4739.6001,4767.5000,4737.0000,4755.7998,7421
2026-04-01 09:00:00,4755.7998,4757.6001,4740.0000,4750.5000,4366
2026-04-01 10:00:00,4750.0000,4766.0000,4742.3999,4758.7002,4270
2026-04-01 11:00:00,4758.2002,4791.5000,4755.2002,4780.2002,7281
2026-04-01 12:00:00,4780.2002,4782.0000,4752.0000,4752.1001,12456
2026-04-01 13:00:00,4752.0000,4776.7998,4743.2998,4765.3999,11126
2026-04-01 14:00:00,4765.2002,4796.7998,4751.2998,4788.3999,13958
2026-04-01 15:00:00,4788.7998,4816.2002,4785.2002,4814.3999,11457
2026-04-01 16:00:00,4814.2998,4818.8999,4802.1001,4815.0000,5512
2026-04-01 17:00:00,4815.2002,4821.0000,4800.3999,4801.3999,6303
2026-04-01 18:00:00,4801.1001,4802.6001,4768.2002,4779.5000,8859
2026-04-01 19:00:00,4780.0000,4804.3999,4777.6001,4791.7002,5102
2026-04-01 20:00:00,4791.7002,4797.2002,4780.0000,4784.6001,1583
2026-04-01 22:00:00,4783.0000,4808.1001,4776.6001,4801.1001,0
2026-04-01 23:00:00,4802.2002,4825.8999,4798.5000,4808.8999,3496
2026-04-02 00:00:00,4809.2998,4823.8999,4800.0000,4810.3999,4032
2026-04-02 01:00:00,4811.0000,4813.3999,4675.7002,4723.7998,23580
2026-04-02 02:00:00,4723.1001,4732.2002,4683.3999,4715.1001,10428
2026-04-02 03:00:00,4714.0000,4726.7998,4702.7998,4707.1001,3622
2026-04-02 04:00:00,4703.6001,4708.6001,4683.7998,4698.8999,3813
2026-04-02 05:00:00,4699.2998,4706.6001,4612.2002,4622.1001,10617
2026-04-02 06:00:00,4621.7998,4635.6001,4580.3999,4625.0000,16255
2026-04-02 07:00:00,4624.5000,4677.0000,4623.7002,4668.2002,8174
2026-04-02 08:00:00,4668.1001,4674.5000,4641.6001,4646.1001,7660
2026-04-02 09:00:00,4645.5000,4657.2998,4638.2002,4647.2998,5929
2026-04-02 10:00:00,4647.5000,4661.1001,4629.5000,4646.7002,4593
2026-04-02 11:00:00,4647.1001,4656.7998,4618.7998,4626.2002,4927
2026-04-02 12:00:00,4626.6001,4656.5000,4620.7998,4628.1001,7419
2026-04-02 13:00:00,4628.2998,4679.1001,4605.5000,4672.8999,16316
2026-04-02 14:00:00,4672.7002,4726.3999,4657.6001,4707.8999,20776
2026-04-02 15:00:00,4708.3999,4710.2998,4678.5000,4687.5000,8983
2026-04-02 16:00:00,4686.8999,4697.8999,4668.6001,4686.5000,8730
2026-04-02 17:00:00,4685.7002,4695.7998,4672.7002,4675.7002,6570
2026-04-02 18:00:00,4676.5000,4699.0000,4674.1001,4695.2002,2799
2026-04-02 19:00:00,4695.7998,4708.6001,4687.7998,4697.8999,3569
2026-04-02 20:00:00,4698.6001,4703.6001,4690.3999,4701.2998,1922
2026-04-05 22:00:00,4675.0000,4699.2998,4634.8999,4673.6001,7570
2026-04-05 23:00:00,4673.7998,4678.3999,4631.0000,4636.7998,3466
2026-04-06 00:00:00,4637.2002,4655.7002,4626.2002,4647.8999,3008
2026-04-06 01:00:00,4648.8999,4668.7002,4645.7998,4651.7998,3577
2026-04-06 02:00:00,4650.6001,4697.5000,4649.7998,4673.6001,3842
2026-04-06 03:00:00,4673.1001,4673.5000,4650.5000,4666.2998,2820
2026-04-06 04:00:00,4665.2998,4685.2998,4665.1001,4685.1001,1481
2026-04-06 05:00:00,4684.8999,4704.3999,4677.5000,4678.5000,2974
2026-04-06 06:00:00,4678.7002,4693.2998,4669.2998,4691.7002,2943
2026-04-06 07:00:00,4691.8999,4714.2998,4670.2998,4710.5000,3530
2026-04-06 08:00:00,4710.3999,4724.7002,4704.7002,4722.7998,3512
2026-04-06 09:00:00,4722.7998,4733.1001,4717.0000,4719.8999,3164
2026-04-06 10:00:00,4720.0000,4723.8999,4710.1001,4715.2998,2384
2026-04-06 11:00:00,4716.2998,4723.2002,4703.3999,4704.6001,2761
2026-04-06 12:00:00,4704.8999,4712.8999,4685.6001,4701.5000,3728
2026-04-06 13:00:00,4701.7998,4708.2002,4684.5000,4705.6001,6754
2026-04-06 14:00:00,4707.3999,4724.0000,4686.0000,4708.6001,8157
2026-04-06 15:00:00,4709.0000,4709.7002,4677.3999,4693.3999,6748
2026-04-06 16:00:00,4693.5000,4698.0000,4683.3999,4685.6001,3375
2026-04-06 17:00:00,4685.8999,4688.6001,4671.3999,4680.6001,4920
2026-04-06 18:00:00,4680.7998,4694.0000,4675.8999,4685.2002,3184
2026-04-06 19:00:00,4685.2002,4686.6001,4672.6001,4682.2002,2573
2026-04-06 20:00:00,4682.6001,4685.6001,4674.6001,4676.1001,920
2026-04-06 22:00:00,4678.6001,4694.8999,4675.6001,4685.1001,0
2026-04-06 23:00:00,4684.8999,4688.0000,4677.8999,4685.8999,859
2026-04-07 00:00:00,4685.8999,4689.1001,4675.7998,4681.8999,1692
2026-04-07 01:00:00,4681.3999,4692.0000,4641.3999,4651.8999,10971
2026-04-07 02:00:00,4652.2998,4679.2002,4645.0000,4675.8999,3438
2026-04-07 03:00:00,4675.8999,4679.3999,4664.7002,4674.8999,1706
2026-04-07 04:00:00,4675.2002,4690.2998,4670.7998,4686.3999,2476
2026-04-07 05:00:00,4686.8999,4687.5000,4648.3999,4668.0000,5065
2026-04-07 06:00:00,4668.1001,4681.8999,4662.7998,4680.5000,3953
2026-04-07 07:00:00,4684.7002,4684.7002,4661.6001,4671.1001,3750
2026-04-07 08:00:00,4671.2002,4717.6001,4669.6001,4709.6001,8194
2026-04-07 09:00:00,4709.7998,4721.2002,4684.0000,4696.6001,8561
2026-04-07 10:00:00,4696.7998,4706.6001,4674.8999,4677.5000,8402
2026-04-07 11:00:00,4677.1001,4690.0000,4653.8999,4684.6001,7000
2026-04-07 12:00:00,4685.2002,4696.2998,4671.6001,4676.1001,6139
2026-04-07 13:00:00,4676.2002,4688.7998,4660.0000,4668.6001,8082
2026-04-07 14:00:00,4668.5000,4687.3999,4631.8999,4658.1001,16969
2026-04-07 15:00:00,4658.2998,4685.0000,4650.0000,4681.2998,9889
2026-04-07 16:00:00,4681.7998,4694.6001,4678.1001,4682.3999,6317
2026-04-07 17:00:00,4682.5000,4712.7998,4679.3999,4701.7002,7814
2026-04-07 18:00:00,4702.2998,4712.7002,4683.0000,4688.5000,5367
2026-04-07 19:00:00,4688.5000,4745.7002,4686.8999,4727.2998,10531
2026-04-07 20:00:00,4727.2998,4743.7002,4723.0000,4733.2998,3858
2026-04-07 22:00:00,4747.2002,4847.1001,4740.5000,4845.1001,0
2026-04-07 23:00:00,4844.7998,4863.5000,4828.2998,4860.7002,11790
2026-04-08 00:00:00,4860.7002,4888.0000,4836.8999,4845.6001,14347
2026-04-08 01:00:00,4846.7002,4854.1001,4817.2002,4838.6001,15364
2026-04-08 02:00:00,4838.5000,4853.7998,4828.2002,4833.3999,5693
2026-04-08 03:00:00,4833.7998,4835.2998,4824.3999,4828.2002,3330
2026-04-08 04:00:00,4826.7998,4836.1001,4819.7998,4832.7002,3686
2026-04-08 05:00:00,4833.0000,4872.2002,4829.3999,4855.5000,6295
2026-04-08 06:00:00,4855.2002,4866.7998,4846.2002,4846.6001,10373
2026-04-08 07:00:00,4846.7998,4847.2998,4831.0000,4839.7002,5643
2026-04-08 08:00:00,4839.8999,4846.0000,4817.5000,4821.7998,6574
2026-04-08 09:00:00,4821.8999,4834.0000,4802.8999,4810.2002,7407
2026-04-08 10:00:00,4810.2998,4823.1001,4798.2002,4809.7002,5244
2026-04-08 11:00:00,4809.2998,4830.3999,4806.3999,4826.3999,7574
2026-04-08 12:00:00,4826.2998,4834.7998,4793.7002,4827.1001,11105
2026-04-08 13:00:00,4826.6001,4833.6001,4792.7998,4804.1001,14078
2026-04-08 14:00:00,4803.7002,4818.7998,4757.6001,4762.2002,20500
2026-04-08 15:00:00,4761.6001,4788.7998,4759.8999,4782.0000,10212
2026-04-08 16:00:00,4782.2002,4791.1001,4770.8999,4785.8999,6265
2026-04-08 17:00:00,4785.7002,4789.8999,4755.5000,4759.5000,10144
2026-04-08 18:00:00,4759.1001,4769.7998,4728.1001,4730.1001,11362
2026-04-08 19:00:00,4729.2998,4756.6001,4720.6001,4755.2998,6064
2026-04-08 20:00:00,4755.2002,4757.2998,4742.1001,4745.0000,1801
2026-04-08 22:00:00,4744.7998,4757.7002,4728.5000,4741.5000,0
2026-04-08 23:00:00,4741.2002,4743.3999,4728.5000,4738.7998,2259
2026-04-09 00:00:00,4739.3999,4742.3999,4718.6001,4730.3999,3881
2026-04-09 01:00:00,4730.2002,4752.2002,4722.3999,4751.2002,5911
2026-04-09 02:00:00,4751.5000,4756.6001,4741.0000,4742.1001,3799
2026-04-09 03:00:00,4742.2002,4743.3999,4728.0000,4735.0000,3062
2026-04-09 04:00:00,4734.6001,4748.3999,4733.0000,4744.2002,1950
2026-04-09 05:00:00,4743.8999,4749.6001,4729.1001,4736.3999,3592
2026-04-09 06:00:00,4736.7002,4749.2002,4727.2002,4736.2998,4878
2026-04-09 07:00:00,4736.5000,4755.2002,4729.5000,4748.3999,8895
2026-04-09 08:00:00,4748.2998,4758.6001,4744.1001,4750.5000,4214
2026-04-09 09:00:00,4750.1001,4758.5000,4747.7002,4753.8999,3833
2026-04-09 10:00:00,4753.8999,4771.3999,4748.1001,4765.7002,3965
2026-04-09 11:00:00,4765.7998,4782.7002,4762.8999,4781.2998,4044
2026-04-09 12:00:00,4781.7002,4785.0000,4759.6001,4770.8999,6789
2026-04-09 13:00:00,4771.2998,4802.7998,4763.8999,4789.6001,11381
2026-04-09 14:00:00,4790.0000,4801.7998,4772.5000,4794.0000,10881
2026-04-09 15:00:00,4794.0000,4823.8999,4786.2002,4817.3999,16462
2026-04-09 16:00:00,4817.7002,4825.5000,4808.7998,4813.0000,6507
2026-04-09 17:00:00,4813.5000,4826.0000,4810.8999,4822.2998,8397
2026-04-09 18:00:00,4822.6001,4822.7002,4792.2002,4796.6001,6445
2026-04-09 19:00:00,4796.6001,4806.8999,4790.7002,4793.0000,3483
2026-04-09 20:00:00,4793.0000,4797.3999,4784.6001,4790.5000,1549
2026-04-09 22:00:00,4790.5000,4810.0000,4782.2002,4787.6001,0
2026-04-09 23:00:00,4787.3999,4787.3999,4779.7998,4787.0000,1829
2026-04-10 00:00:00,4786.6001,4786.6001,4773.7998,4786.3999,3505
2026-04-10 01:00:00,4786.2002,4800.3999,4781.2998,4787.2998,5109
2026-04-10 02:00:00,4787.5000,4788.2002,4760.3999,4775.5000,6207
2026-04-10 03:00:00,4775.6001,4793.2998,4775.2002,4789.1001,3908
2026-04-10 04:00:00,4790.3999,4794.6001,4781.7998,4781.7998,2078
2026-04-10 05:00:00,4782.5000,4793.0000,4781.2998,4789.8999,2041
2026-04-10 06:00:00,4790.0000,4790.2002,4766.2998,4769.7002,4933
2026-04-10 07:00:00,4769.6001,4781.2002,4764.6001,4773.0000,2815
2026-04-10 08:00:00,4773.2998,4776.5000,4752.7002,4763.1001,6126
2026-04-10 09:00:00,4763.6001,4783.2998,4763.1001,4774.6001,4786
2026-04-10 10:00:00,4774.7002,4784.0000,4765.2998,4780.7002,3004
2026-04-10 11:00:00,4780.7002,4792.8999,4777.1001,4792.0000,2403
2026-04-10 12:00:00,4792.1001,4806.8999,4783.8999,4795.5000,9756
2026-04-10 13:00:00,4795.3999,4804.3999,4788.8999,4799.2998,9565
2026-04-10 14:00:00,4799.1001,4820.0000,4791.7002,4799.2998,12260
2026-04-10 15:00:00,4799.3999,4811.8999,4779.2998,4785.7998,9232
2026-04-10 16:00:00,4785.8999,4790.7002,4768.3999,4788.1001,8217
2026-04-10 17:00:00,4788.3999,4793.2998,4782.1001,4784.5000,6905
2026-04-10 18:00:00,4784.7002,4797.7002,4775.1001,4789.5000,4567
2026-04-10 19:00:00,4789.5000,4794.6001,4782.0000,4783.6001,2701
2026-04-10 20:00:00,4783.5000,4783.5000,4764.0000,4771.0000,3254
2026-04-12 22:00:00,4688.7002,4707.3999,4665.2002,4680.6001,6936
2026-04-12 23:00:00,4680.5000,4694.2002,4664.6001,4693.6001,3815
2026-04-13 00:00:00,4693.7002,4721.0000,4686.8999,4718.0000,3775
2026-04-13 01:00:00,4717.5000,4749.5000,4716.0000,4743.1001,7086
2026-04-13 02:00:00,4743.7002,4749.5000,4732.5000,4742.0000,2759
2026-04-13 03:00:00,4742.5000,4745.7998,4733.7002,4741.6001,1479
2026-04-13 04:00:00,4740.0000,4747.0000,4729.2002,4744.7002,2648
2026-04-13 05:00:00,4744.8999,4752.6001,4737.8999,4751.1001,2387
2026-04-13 06:00:00,4751.5000,4754.7002,4742.7002,4747.8999,3468
2026-04-13 07:00:00,4748.0000,4762.5000,4747.3999,4756.3999,3696
2026-04-13 08:00:00,4756.7002,4761.2002,4743.2998,4746.2998,3351
2026-04-13 09:00:00,4746.2998,4751.5000,4733.2002,4737.3999,4062
2026-04-13 10:00:00,4737.3999,4746.2002,4730.5000,4744.2002,2368
2026-04-13 11:00:00,4744.7998,4751.3999,4725.2002,4729.1001,3912
2026-04-13 12:00:00,4728.6001,4747.7998,4725.6001,4745.8999,6057
2026-04-13 13:00:00,4745.7998,4768.0000,4743.0000,4753.2998,13761
2026-04-13 14:00:00,4753.2002,4754.2998,4731.8999,4742.2002,8407
2026-04-13 15:00:00,4742.6001,4743.1001,4722.5000,4736.8999,5623
2026-04-13 16:00:00,4737.2002,4770.6001,4731.5000,4756.3999,14166
2026-04-13 17:00:00,4756.7002,4774.3999,4748.3999,4753.2998,12009
2026-04-13 18:00:00,4753.5000,4764.2002,4746.1001,4762.0000,2668
2026-04-13 19:00:00,4762.0000,4770.7002,4753.7998,4765.5000,3145
2026-04-13 20:00:00,4765.2998,4768.3999,4762.2002,4766.6001,1091
2026-04-13 22:00:00,4769.2998,4783.2998,4767.6001,4782.0000,0
2026-04-13 23:00:00,4782.0000,4789.7002,4778.2002,4781.2998,2053
2026-04-14 00:00:00,4781.7002,4799.3999,4775.5000,4792.7002,3390
2026-04-14 01:00:00,4792.7002,4802.7998,4784.1001,4787.2002,3839
2026-04-14 02:00:00,4787.1001,4800.3999,4784.2998,4797.6001,2277
2026-04-14 03:00:00,4797.7002,4797.7998,4787.8999,4792.2998,1150
2026-04-14 04:00:00,4790.0000,4799.2002,4789.2002,4796.2998,1117
2026-04-14 05:00:00,4796.1001,4796.2998,4780.0000,4782.2998,2584
2026-04-14 06:00:00,4782.6001,4806.2998,4782.3999,4805.3999,3622
2026-04-14 07:00:00,4805.3999,4820.3999,4790.8999,4800.2002,8922
2026-04-14 08:00:00,4799.6001,4813.7002,4797.2002,4810.0000,3480
2026-04-14 09:00:00,4810.5000,4813.0000,4794.7998,4801.6001,5260
2026-04-14 10:00:00,4801.7002,4811.1001,4773.2998,4791.1001,6404
2026-04-14 11:00:00,4790.6001,4805.7998,4789.3999,4797.1001,4787
2026-04-14 12:00:00,4797.1001,4800.2002,4784.2002,4793.2998,6565
2026-04-14 13:00:00,4793.0000,4828.8999,4792.8999,4818.7998,13726
2026-04-14 14:00:00,4818.3999,4842.0000,4816.7002,4827.2998,15730
2026-04-14 15:00:00,4827.2998,4839.7998,4814.3999,4831.8999,8092
2026-04-14 16:00:00,4832.1001,4844.0000,4829.0000,4833.5000,6345
2026-04-14 17:00:00,4833.3999,4867.7002,4832.8999,4859.5000,15236
2026-04-14 18:00:00,4859.6001,4867.7998,4855.2002,4860.1001,4222
2026-04-14 19:00:00,4860.2998,4870.0000,4860.2998,4868.7002,3359
2026-04-14 20:00:00,4869.2002,4870.2998,4863.0000,4864.5000,1559
2026-04-14 22:00:00,4862.7002,4874.6001,4857.2002,4859.5000,0
2026-04-14 23:00:00,4859.1001,4869.0000,4857.5000,4861.7002,2473
2026-04-15 00:00:00,4861.5000,4864.1001,4851.6001,4859.7002,2620
2026-04-15 01:00:00,4860.1001,4895.3999,4852.5000,4871.0000,8495
2026-04-15 02:00:00,4870.2998,4877.2002,4844.5000,4847.7002,4517
2026-04-15 03:00:00,4848.2002,4853.6001,4841.0000,4849.6001,2928
2026-04-15 04:00:00,4848.0000,4851.6001,4844.5000,4848.8999,1089
2026-04-15 05:00:00,4849.1001,4854.2998,4835.8999,4843.2998,3173
2026-04-15 06:00:00,4843.3999,4848.5000,4834.2002,4834.8999,3181
2026-04-15 07:00:00,4835.2002,4840.0000,4827.3999,4834.1001,5425
2026-04-15 08:00:00,4833.7998,4845.3999,4827.1001,4841.6001,4178
2026-04-15 09:00:00,4841.3999,4842.3999,4808.3999,4821.2002,7859
2026-04-15 10:00:00,4820.6001,4829.2002,4812.7002,4822.7998,3680
2026-04-15 11:00:00,4822.7998,4837.7998,4818.3999,4835.7002,3358
2026-04-15 12:00:00,4835.0000,4838.7002,4829.2998,4833.8999,4057
2026-04-15 13:00:00,4834.3999,4853.5000,4831.1001,4851.8999,7410
2026-04-15 14:00:00,4851.7002,4854.6001,4836.2002,4838.3999,7008
2026-04-15 15:00:00,4839.0000,4839.0000,4807.8999,4823.5000,10578
2026-04-15 16:00:00,4824.0000,4835.0000,4822.0000,4825.8999,6127
2026-04-15 17:00:00,4826.2002,4830.7998,4812.8999,4814.7998,5612
2026-04-15 18:00:00,4814.7998,4825.2998,4812.2002,4822.2002,3533
2026-04-15 19:00:00,4822.2002,4826.1001,4817.1001,4818.2998,1686
2026-04-15 20:00:00,4818.7002,4819.3999,4810.5000,4813.8999,1178
2026-04-15 22:00:00,4813.6001,4833.7998,4812.3999,4829.2002,0
2026-04-15 23:00:00,4829.2002,4848.6001,4829.2002,4845.3999,2689
2026-04-16 00:00:00,4845.3999,4859.7002,4841.1001,4854.7002,6260
2026-04-16 01:00:00,4854.7002,4858.6001,4832.8999,4839.8999,3063
2026-04-16 02:00:00,4840.7002,4847.2002,4834.6001,4842.1001,1734
2026-04-16 03:00:00,4841.7998,4849.6001,4841.5000,4847.7002,1357
2026-04-16 04:00:00,4846.2998,4856.1001,4845.2002,4855.7002,1204
2026-04-16 05:00:00,4855.5000,4861.2998,4843.7002,4844.1001,4390
2026-04-16 06:00:00,4843.6001,4852.1001,4836.0000,4848.2998,8371
2026-04-16 07:00:00,4848.0000,4852.7998,4838.2998,4843.0000,6619
2026-04-16 08:00:00,4842.7998,4843.2002,4827.7998,4834.7002,4341
2026-04-16 09:00:00,4834.8999,4839.5000,4827.7002,4834.2002,3324
2026-04-16 10:00:00,4834.1001,4838.7002,4825.6001,4838.7002,2183
2026-04-16 11:00:00,4838.7002,4844.2998,4836.7998,4843.8999,2185
2026-04-16 12:00:00,4844.1001,4845.0000,4833.0000,4837.7998,4452
2026-04-16 13:00:00,4838.2998,4846.2002,4805.2998,4815.8999,12136
2026-04-16 14:00:00,4815.7998,4828.3999,4792.1001,4810.2998,14057
2026-04-16 15:00:00,4810.3999,4834.7002,4809.8999,4828.2002,7900
2026-04-16 16:00:00,4828.6001,4831.3999,4806.0000,4812.7002,5836
2026-04-16 17:00:00,4812.6001,4816.6001,4802.0000,4810.1001,5596
2026-04-16 18:00:00,4810.0000,4815.5000,4806.5000,4809.7002,2187
2026-04-16 19:00:00,4810.8999,4819.7002,4810.2998,4814.5000,2245
2026-04-16 20:00:00,4814.7998,4815.1001,4806.0000,4810.8999,1172
2026-04-16 22:00:00,4811.7998,4818.7998,4811.3999,4816.0000,0
2026-04-16 23:00:00,4815.6001,4818.7002,4812.3999,4812.5000,661
2026-04-17 00:00:00,4812.0000,4822.2002,4806.7002,4816.2998,1571
2026-04-17 01:00:00,4815.6001,4816.5000,4785.8999,4810.2002,5852
2026-04-17 02:00:00,4809.7998,4815.0000,4804.2998,4804.6001,1861
2026-04-17 03:00:00,4804.7998,4819.1001,4804.7998,4814.1001,1690
2026-04-17 04:00:00,4813.8999,4825.6001,4813.1001,4824.2002,1647
2026-04-17 05:00:00,4823.7002,4827.2002,4815.1001,4815.8999,2754
2026-04-17 06:00:00,4815.8999,4816.5000,4800.0000,4805.5000,3515
2026-04-17 07:00:00,4806.0000,4815.2998,4800.2002,4805.5000,4069
2026-04-17 08:00:00,4806.1001,4818.7998,4802.6001,4817.7998,3350
2026-04-17 09:00:00,4817.7998,4822.7002,4812.0000,4812.2002,3446
2026-04-17 10:00:00,4812.6001,4816.0000,4803.1001,4809.0000,2512
2026-04-17 11:00:00,4809.2002,4834.0000,4805.5000,4822.0000,4953
2026-04-17 12:00:00,4821.7002,4870.7998,4819.7998,4869.0000,16391
2026-04-17 13:00:00,4869.0000,4917.7002,4856.8999,4903.1001,30171
2026-04-17 14:00:00,4903.2998,4908.8999,4883.3999,4895.7002,13244
2026-04-17 15:00:00,4896.2002,4903.5000,4877.2998,4889.7002,10994
2026-04-17 16:00:00,4889.5000,4896.0000,4886.0000,4889.0000,3510
2026-04-17 17:00:00,4889.0000,4891.6001,4875.0000,4884.6001,5717
2026-04-17 18:00:00,4884.7002,4890.1001,4877.0000,4879.6001,2583
2026-04-17 19:00:00,4879.8999,4882.6001,4873.6001,4875.5000,3124
2026-04-17 20:00:00,4875.6001,4876.2998,4848.0000,4849.3999,5343
2026-04-19 22:00:00,4813.3999,4815.0000,4797.6001,4799.3999,4068
2026-04-19 23:00:00,4798.8999,4799.3999,4752.0000,4775.0000,7507
2026-04-20 00:00:00,4774.3999,4793.7998,4764.2002,4792.0000,5566
2026-04-20 01:00:00,4792.0000,4834.5000,4790.2998,4827.7998,8257
2026-04-20 02:00:00,4827.3999,4828.7998,4813.1001,4813.2998,3314
2026-04-20 09:00:00,4879.6001,4879.6001,4804.6001,4811.3999,25218
2026-04-20 10:00:00,4811.7002,4879.6001,4809.6001,4815.7002,2236
2026-04-20 11:00:00,4815.7002,4879.6001,4806.2998,4830.8999,5065
2026-04-20 12:00:00,4830.7998,4842.8999,4818.7998,4823.2998,9971
2026-04-20 13:00:00,4823.6001,4847.2998,4819.7002,4838.7998,8710
2026-04-20 14:00:00,4838.7998,4847.8999,4811.8999,4824.8999,12687
2026-04-20 15:00:00,4825.7002,4829.7998,4812.6001,4819.8999,7638
2026-04-20 16:00:00,4819.7998,4826.6001,4812.5000,4825.6001,4422
2026-04-20 17:00:00,4825.8999,4832.3999,4824.0000,4827.1001,4628
2026-04-20 18:00:00,4827.6001,4837.0000,4827.6001,4834.7998,2573
2026-04-20 19:00:00,4834.7002,4842.1001,4829.7002,4834.7998,2916
2026-04-20 20:00:00,4835.0000,4842.7002,4832.7998,4841.0000,1634
2026-04-20 22:00:00,4842.3999,4854.7998,4841.1001,4848.5000,0
2026-04-20 23:00:00,4848.7002,4852.5000,4840.5000,4842.3999,1559
2026-04-21 00:00:00,4843.0000,4851.2002,4836.3999,4843.6001,2616
2026-04-21 01:00:00,4843.7998,4844.2998,4825.2998,4829.7998,2917
2026-04-21 02:00:00,4830.1001,4830.2002,4821.5000,4826.0000,2293
2026-04-21 03:00:00,4826.2002,4826.8999,4811.2002,4816.2998,4134
2026-04-21 04:00:00,4816.1001,4816.6001,4807.0000,4807.7002,3739
2026-04-21 05:00:00,4807.7998,4815.7002,4801.7002,4802.8999,5806
2026-04-21 06:00:00,4802.6001,4828.7998,4793.0000,4796.7998,9271
2026-04-21 07:00:00,4796.2998,4811.5000,4790.7998,4804.8999,4053
2026-04-21 08:00:00,4804.5000,4812.2002,4793.2998,4805.0000,3860
2026-04-21 09:00:00,4804.8999,4808.2998,4800.0000,4802.3999,4138
2026-04-21 10:00:00,4802.7998,4809.7002,4799.6001,4809.0000,2112
2026-04-21 11:00:00,4809.2002,4818.0000,4794.2998,4814.2002,4665
2026-04-21 12:00:00,4814.3999,4816.7002,4781.6001,4797.6001,9622
2026-04-21 13:00:00,4797.6001,4813.7998,4777.2998,4798.2002,13242
2026-04-21 14:00:00,4798.2002,4801.8999,4740.8999,4757.3999,25118
2026-04-21 15:00:00,4757.7998,4776.6001,4745.8999,4759.7998,15322
2026-04-21 16:00:00,4760.2998,4765.8999,4726.3999,4729.5000,13024
2026-04-21 17:00:00,4729.2998,4742.0000,4715.0000,4731.0000,16106
2026-04-21 18:00:00,4730.8999,4734.2002,4712.0000,4728.1001,7133
2026-04-21 19:00:00,4728.7002,4734.1001,4685.7998,4698.2998,11229
2026-04-21 20:00:00,4698.5000,4739.6001,4688.3999,4738.5000,6817
2026-04-21 22:00:00,4738.7002,4748.1001,4733.1001,4737.6001,0
2026-04-21 23:00:00,4737.1001,4758.3999,4736.0000,4755.7998,3191
2026-04-22 00:00:00,4756.2998,4766.0000,4756.1001,4757.7002,3128
2026-04-22 01:00:00,4757.3999,4772.5000,4753.5000,4769.7998,5273
2026-04-22 02:00:00,4770.2998,4776.2002,4767.5000,4773.5000,2943
2026-04-22 03:00:00,4773.1001,4782.7002,4770.3999,4777.0000,2997
2026-04-22 04:00:00,4776.1001,4777.3999,4770.1001,4772.3999,3063
2026-04-22 05:00:00,4772.3999,4789.8999,4769.8999,4786.3999,5726
2026-04-22 06:00:00,4786.0000,4786.5000,4777.5000,4786.0000,3500
2026-04-22 07:00:00,4785.8999,4790.7998,4778.3999,4779.5000,3673
2026-04-22 08:00:00,4779.6001,4781.3999,4770.5000,4775.7002,3494
2026-04-22 09:00:00,4775.5000,4781.1001,4771.0000,4773.3999,3333
2026-04-22 10:00:00,4773.6001,4779.2002,4764.2998,4778.1001,3222
2026-04-22 11:00:00,4777.8999,4779.6001,4766.2998,4768.8999,3844
2026-04-22 12:00:00,4769.2002,4779.0000,4761.1001,4762.6001,6246
2026-04-22 13:00:00,4762.8999,4779.3999,4754.6001,4771.7002,9514
2026-04-22 14:00:00,4771.5000,4776.2998,4746.8999,4754.2998,9685
2026-04-22 15:00:00,4754.2002,4758.3999,4743.2002,4746.2002,5602
2026-04-22 16:00:00,4746.1001,4754.1001,4742.1001,4747.5000,3921
2026-04-22 17:00:00,4747.3999,4758.3999,4747.2002,4756.3999,4066
2026-04-22 18:00:00,4756.1001,4770.2002,4748.3999,4760.7002,4582
2026-04-22 19:00:00,4761.0000,4764.3999,4755.7998,4759.0000,2597
2026-04-22 20:00:00,4759.3999,4759.8999,4753.1001,4758.2998,1469
2026-04-22 22:00:00,4759.2002,4763.6001,4742.7998,4743.2002,0
2026-04-22 23:00:00,4743.5000,4746.7998,4740.6001,4745.0000,1522
2026-04-23 00:00:00,4745.0000,4771.2998,4710.3999,4765.5000,10234
2026-04-23 01:00:00,4765.2998,4767.5000,4738.3999,4739.3999,5136
2026-04-23 02:00:00,4738.8999,4740.8999,4714.0000,4714.3999,7317
2026-04-23 03:00:00,4715.0000,4724.7998,4713.8999,4720.0000,3744
2026-04-23 04:00:00,4719.0000,4722.7002,4714.2998,4720.1001,1732
2026-04-23 05:00:00,4719.6001,4731.1001,4705.7002,4729.0000,4441
2026-04-23 06:00:00,4729.6001,4739.0000,4724.8999,4730.1001,6633
2026-04-23 07:00:00,4729.8999,4737.3999,4719.3999,4736.1001,7533
2026-04-23 08:00:00,4735.6001,4742.1001,4717.7998,4719.6001,3698
2026-04-23 09:00:00,4719.3999,4720.0000,4710.7002,4713.5000,5481
2026-04-23 10:00:00,4713.5000,4717.8999,4700.0000,4712.6001,5975
2026-04-23 11:00:00,4712.7998,4737.7998,4711.2998,4737.3999,5336
2026-04-23 12:00:00,4737.1001,4761.7002,4736.2998,4757.7002,13049
2026-04-23 13:00:00,4758.1001,4759.1001,4740.7998,4742.0000,8964
2026-04-23 14:00:00,4741.5000,4754.0000,4733.8999,4750.6001,8547
2026-04-23 15:00:00,4750.8999,4758.2002,4733.2998,4737.2998,6561
2026-04-23 16:00:00,4737.6001,4754.1001,4732.5000,4749.7998,4678
2026-04-23 17:00:00,4750.1001,4751.7002,4680.1001,4725.6001,24253
2026-04-23 18:00:00,4726.1001,4738.7002,4714.8999,4717.2002,5972
2026-04-23 19:00:00,4717.1001,4720.6001,4705.5000,4712.7998,4501
2026-04-23 20:00:00,4712.5000,4714.7998,4702.7002,4708.6001,1786
2026-04-23 22:00:00,4715.6001,4719.7998,4705.2998,4708.5000,0
2026-04-23 23:00:00,4708.7002,4716.1001,4702.0000,4710.7998,1374
2026-04-24 00:00:00,4711.7002,4723.1001,4706.2998,4719.7998,2269
2026-04-24 01:00:00,4719.7998,4726.7002,4705.7002,4715.1001,3093
2026-04-24 02:00:00,4715.2002,4716.3999,4687.2998,4692.3999,3891
2026-04-24 03:00:00,4692.0000,4693.5000,4683.5000,4687.5000,2939
2026-04-24 04:00:00,4686.8999,4691.5000,4672.2002,4689.2998,4411
2026-04-24 05:00:00,4689.6001,4702.2998,4684.3999,4701.5000,2955
2026-04-24 06:00:00,4701.7002,4703.1001,4681.6001,4687.1001,4071
2026-04-24 07:00:00,4687.1001,4710.7002,4686.2002,4709.3999,3406
2026-04-24 08:00:00,4710.1001,4712.7002,4700.1001,4705.5000,2738
2026-04-24 09:00:00,4706.1001,4711.8999,4694.8999,4697.7002,5609
2026-04-24 10:00:00,4697.3999,4701.5000,4689.6001,4693.0000,2660
2026-04-24 11:00:00,4693.1001,4733.8999,4693.0000,4723.2002,9734
2026-04-24 12:00:00,4723.2002,4727.8999,4706.2998,4716.8999,6628
2026-04-24 13:00:00,4717.2002,4734.2002,4705.3999,4727.8999,8244
2026-04-24 14:00:00,4728.0000,4757.1001,4723.2002,4743.2002,13412
2026-04-24 15:00:00,4743.3999,4750.3999,4730.7998,4743.8999,6640
2026-04-24 16:00:00,4743.6001,4746.5000,4735.6001,4743.7002,3072
2026-04-24 17:00:00,4744.3999,4747.0000,4735.7002,4740.1001,5213
2026-04-24 18:00:00,4740.3999,4741.5000,4733.0000,4738.7002,1856
2026-04-24 19:00:00,4739.3999,4742.3999,4729.5000,4732.1001,2597
2026-04-24 20:00:00,4731.8999,4733.3999,4721.1001,4725.3999,2765
2026-04-26 22:00:00,4696.1001,4704.0000,4694.0000,4699.6001,1529
2026-04-26 23:00:00,4699.1001,4700.0000,4689.1001,4694.7998,1737
2026-04-27 00:00:00,4695.2998,4713.1001,4686.6001,4712.6001,2781
2026-04-27 01:00:00,4712.3999,4724.7998,4705.5000,4717.1001,4501
2026-04-27 02:00:00,4717.7002,4738.2998,4710.6001,4732.8999,3720
2026-04-27 03:00:00,4733.2002,4744.7998,4729.6001,4739.7998,2739
2026-04-27 04:00:00,4739.7998,4745.7998,4738.2998,4740.5000,1520
2026-04-27 05:00:00,4741.2002,4741.2002,4724.0000,4725.7002,2966
2026-04-27 06:00:00,4725.3999,4730.8999,4724.2998,4727.6001,2210
2026-04-27 07:00:00,4727.3999,4733.5000,4725.0000,4727.8999,1957
2026-04-27 08:00:00,4728.3999,4730.0000,4720.2002,4722.0000,2299
2026-04-27 09:00:00,4722.2998,4723.6001,4714.7002,4719.1001,3418
2026-04-27 10:00:00,4719.2002,4726.3999,4714.7002,4724.2998,2067
2026-04-27 11:00:00,4724.2002,4724.5000,4713.5000,4719.7002,2269
2026-04-27 12:00:00,4720.1001,4728.0000,4712.0000,4714.1001,5212
2026-04-27 13:00:00,4714.7998,4718.8999,4703.2998,4711.6001,6827
2026-04-27 14:00:00,4711.2002,4712.2002,4691.2998,4693.2002,9115
2026-04-27 15:00:00,4693.3999,4697.1001,4681.2002,4684.7998,8890
2026-04-27 16:00:00,4684.6001,4694.2998,4681.5000,4691.1001,3540
2026-04-27 17:00:00,4691.3999,4700.8999,4682.5000,4697.2002,6866
2026-04-27 18:00:00,4696.7002,4700.2002,4693.6001,4695.7002,2077
2026-04-27 19:00:00,4695.5000,4697.8999,4691.7002,4696.2002,2530
2026-04-27 20:00:00,4695.8999,4697.7998,4691.7998,4697.7002,854
2026-04-27 22:00:00,4697.5000,4706.2998,4697.0000,4702.7002,0
2026-04-27 23:00:00,4703.2998,4710.2998,4702.1001,4707.1001,1091
2026-04-28 00:00:00,4707.1001,4716.5000,4705.2002,4705.6001,1782
2026-04-28 01:00:00,4705.2002,4705.7998,4681.3999,4684.7002,3590
2026-04-28 02:00:00,4684.6001,4694.0000,4679.8999,4683.0000,3665
2026-04-28 03:00:00,4682.8999,4690.1001,4682.2998,4685.6001,1971
2026-04-28 04:00:00,4684.6001,4685.1001,4679.7002,4681.2998,1998
2026-04-28 05:00:00,4681.3999,4681.5000,4638.0000,4646.6001,9724
2026-04-28 06:00:00,4645.8999,4656.8999,4636.5000,4642.7002,7469
2026-04-28 07:00:00,4642.6001,4653.2998,4634.3999,4646.6001,5794
2026-04-28 08:00:00,4647.0000,4649.3999,4628.2998,4643.6001,6167
2026-04-28 09:00:00,4643.3999,4644.0000,4617.7002,4618.6001,7096
2026-04-28 10:00:00,4618.3999,4630.5000,4616.7002,4616.7002,4285
2026-04-28 11:00:00,4616.6001,4622.3999,4568.0000,4575.2002,14625
2026-04-28 12:00:00,4575.6001,4613.7998,4567.6001,4607.3999,14740
2026-04-28 13:00:00,4607.0000,4608.2002,4583.7002,4593.3999,12342
2026-04-28 14:00:00,4593.0000,4594.0000,4570.0000,4588.2998,14033
2026-04-28 15:00:00,4587.8999,4600.2002,4580.5000,4600.1001,8230
2026-04-28 16:00:00,4600.0000,4608.7998,4591.3999,4606.2002,5516
2026-04-28 17:00:00,4606.2998,4615.8999,4601.0000,4609.0000,6812
2026-04-28 18:00:00,4609.3999,4614.7998,4606.0000,4608.3999,2205
2026-04-28 19:00:00,4608.5000,4614.1001,4607.2998,4609.6001,2131
2026-04-28 20:00:00,4609.3999,4612.8999,4605.7002,4609.6001,1417
2026-04-28 22:00:00,4611.3999,4614.0000,4606.2998,4607.7998,0
2026-04-28 23:00:00,4608.2998,4610.5000,4602.0000,4609.7002,1027
2026-04-29 00:00:00,4609.5000,4624.2998,4608.7998,4613.7002,3091
2026-04-29 01:00:00,4613.5000,4613.5000,4589.1001,4598.1001,4744
2026-04-29 02:00:00,4598.5000,4617.7002,4598.5000,4606.8999,3045
2026-04-29 03:00:00,4606.8999,4616.7002,4605.7002,4609.6001,1604
2026-04-29 04:00:00,4609.1001,4619.2998,4609.1001,4618.1001,1626
2026-04-29 05:00:00,4618.6001,4621.2998,4604.3999,4604.7002,1749
2026-04-29 06:00:00,4604.5000,4612.2998,4594.7998,4598.1001,4100
2026-04-29 07:00:00,4598.1001,4603.2002,4580.5000,4581.3999,6122
2026-04-29 08:00:00,4581.6001,4590.0000,4570.5000,4586.1001,5113
2026-04-29 09:00:00,4586.5000,4594.2998,4564.5000,4568.2998,6326
2026-04-29 10:00:00,4568.1001,4589.5000,4567.6001,4582.7002,3984
2026-04-29 11:00:00,4583.0000,4585.6001,4571.8999,4574.7002,3065
2026-04-29 12:00:00,4574.2002,4582.1001,4552.8999,4557.3999,6668
2026-04-29 13:00:00,4558.3999,4566.0000,4522.2002,4534.7002,15641
2026-04-29 14:00:00,4534.7002,4556.3999,4530.2998,4551.8999,11348
2026-04-29 15:00:00,4551.8999,4572.0000,4548.6001,4560.2002,10911
2026-04-29 16:00:00,4560.6001,4578.2998,4557.2002,4559.0000,7752
2026-04-29 17:00:00,4559.3999,4568.5000,4555.8999,4561.7998,6662
2026-04-29 18:00:00,4561.2002,4567.0000,4532.0000,4552.7002,9761
2026-04-29 19:00:00,4553.1001,4565.0000,4547.3999,4560.7998,4800
2026-04-29 20:00:00,4561.2002,4567.2998,4555.0000,4557.2998,2390
2026-04-29 22:00:00,4557.0000,4564.8999,4550.7998,4563.6001,0
2026-04-29 23:00:00,4564.5000,4574.2002,4561.6001,4573.7998,873
2026-04-30 00:00:00,4573.6001,4586.2998,4568.2002,4582.0000,3347
2026-04-30 01:00:00,4581.7002,4594.1001,4576.3999,4590.7998,3470
2026-04-30 02:00:00,4591.1001,4593.7998,4571.1001,4576.3999,3552
2026-04-30 03:00:00,4576.3999,4581.0000,4566.8999,4567.8999,2251
2026-04-30 04:00:00,4567.3999,4568.0000,4552.2002,4553.2002,2643
2026-04-30 05:00:00,4553.7002,4581.0000,4553.0000,4573.7002,2747
2026-04-30 06:00:00,4573.7002,4603.7002,4570.8999,4601.6001,6632
2026-04-30 07:00:00,4601.7998,4617.2998,4596.5000,4610.6001,6529
2026-04-30 08:00:00,4610.5000,4641.3999,4609.2002,4628.3999,7863
2026-04-30 09:00:00,4628.7002,4644.6001,4626.2998,4637.2002,6372
2026-04-30 10:00:00,4637.2002,4658.7998,4635.5000,4651.7002,6117
2026-04-30 11:00:00,4651.8999,4658.0000,4639.5000,4643.0000,8239
2026-04-30 12:00:00,4643.2998,4652.7002,4635.0000,4652.3999,7436
2026-04-30 13:00:00,4652.5000,4658.6001,4622.3999,4623.1001,10546
2026-04-30 14:00:00,4623.2002,4638.7002,4621.2998,4632.5000,9458
2026-04-30 15:00:00,4633.2998,4637.7998,4623.7002,4628.1001,5002
2026-04-30 16:00:00,4628.2002,4631.1001,4618.0000,4620.3999,6487
2026-04-30 17:00:00,4620.8999,4635.0000,4620.7998,4629.7998,6417
2026-04-30 18:00:00,4630.0000,4638.5000,4629.6001,4635.3999,2971
2026-04-30 19:00:00,4635.5000,4640.2998,4627.7002,4630.0000,2808
2026-04-30 20:00:00,4630.3999,4636.0000,4628.2998,4636.0000,1238
2026-04-30 22:00:00,4636.8999,4652.0000,4636.8999,4642.7002,0
2026-04-30 23:00:00,4643.2002,4646.7998,4638.7998,4638.8999,1160
2026-05-01 00:00:00,4639.0000,4643.5000,4630.5000,4631.7998,1414
2026-05-01 01:00:00,4631.6001,4634.1001,4625.8999,4632.6001,1704
2026-05-01 02:00:00,4632.6001,4648.1001,4628.0000,4630.5000,2608
2026-05-01 03:00:00,4630.1001,4643.5000,4628.8999,4638.6001,1655
2026-05-01 04:00:00,4637.7998,4640.2998,4620.2998,4620.3999,2509
2026-05-01 05:00:00,4620.7002,4628.2002,4614.1001,4616.2002,1957
2026-05-01 06:00:00,4616.2002,4619.3999,4602.2002,4606.7998,3120
2026-05-01 07:00:00,4606.0000,4609.7002,4586.7998,4589.5000,4557
2026-05-01 08:00:00,4589.7002,4594.0000,4575.8999,4580.2998,3541
2026-05-01 09:00:00,4580.1001,4584.0000,4570.0000,4573.6001,3221
2026-05-01 10:00:00,4573.7002,4587.3999,4572.3999,4577.8999,2204
2026-05-01 11:00:00,4577.7998,4590.6001,4573.0000,4590.0000,2684
2026-05-01 12:00:00,4589.5000,4619.2998,4586.0000,4602.1001,7746
2026-05-01 13:00:00,4601.6001,4640.8999,4596.8999,4637.5000,8223
2026-05-01 14:00:00,4636.8999,4673.0000,4635.7998,4643.6001,15612
2026-05-01 15:00:00,4644.0000,4659.2002,4630.3999,4654.3999,8564
2026-05-01 16:00:00,4654.0000,4661.2998,4644.8999,4650.6001,4390
2026-05-01 17:00:00,4650.2002,4654.5000,4638.3999,4641.2998,5506
2026-05-01 18:00:00,4641.7002,4642.7998,4625.2998,4636.1001,3419
2026-05-01 19:00:00,4636.2002,4639.6001,4621.0000,4623.0000,2750
2026-05-01 20:00:00,4623.0000,4644.5000,4619.0000,4644.5000,1556
2026-05-03 22:00:00,4633.2998,4640.8999,4623.5000,4630.7002,1470
2026-05-03 23:00:00,4630.0000,4632.3999,4622.3999,4625.0000,1025
2026-05-04 00:00:00,4624.7998,4627.8999,4612.5000,4623.6001,2027
2026-05-04 01:00:00,4624.7002,4625.3999,4603.7998,4624.2002,2219
2026-05-04 02:00:00,4624.0000,4629.8999,4602.0000,4616.8999,2830
2026-05-04 03:00:00,4616.6001,4627.8999,4609.6001,4627.7998,2393
2026-05-04 04:00:00,4626.5000,4626.5000,4615.7998,4616.6001,1787
2026-05-04 05:00:00,4616.0000,4624.0000,4603.2998,4610.2002,2980
2026-05-04 06:00:00,4610.1001,4611.8999,4594.5000,4599.7002,3014
2026-05-04 07:00:00,4599.2002,4604.3999,4588.6001,4589.7002,2486
2026-05-04 08:00:00,4589.8999,4592.6001,4584.5000,4587.5000,2895
2026-05-04 09:00:00,4587.8999,4595.2998,4582.0000,4586.0000,2029
2026-05-04 10:00:00,4586.6001,4586.8999,4535.0000,4573.2002,12623
2026-05-04 11:00:00,4573.5000,4581.7998,4562.3999,4571.1001,4966
2026-05-04 12:00:00,4571.2998,4590.3999,4570.3999,4579.2998,5534
2026-05-04 13:00:00,4579.6001,4588.1001,4566.2998,4575.0000,6823
2026-05-04 14:00:00,4574.8999,4594.7002,4564.3999,4572.7002,8032
2026-05-04 15:00:00,4572.7002,4577.8999,4520.6001,4531.6001,18313
2026-05-04 16:00:00,4531.3999,4537.1001,4510.1001,4520.3999,13140
2026-05-04 17:00:00,4521.1001,4541.7998,4520.8999,4532.5000,7255
2026-05-04 18:00:00,4532.8999,4535.2002,4519.7002,4526.2998,3044
2026-05-04 19:00:00,4525.8999,4536.8999,4521.0000,4527.6001,4753
2026-05-04 20:00:00,4527.5000,4533.8999,4521.2998,4532.3999,1757
2026-05-04 22:00:00,4534.0000,4535.8999,4524.7998,4527.0000,0
2026-05-04 23:00:00,4526.7998,4531.0000,4525.7002,4528.1001,832
2026-05-05 00:00:00,4528.6001,4540.1001,4522.7002,4538.8999,2745
2026-05-05 01:00:00,4538.8999,4551.5000,4534.5000,4550.3999,2723
2026-05-05 02:00:00,4550.5000,4556.3999,4544.0000,4548.2002,2298
2026-05-05 03:00:00,4548.1001,4551.7002,4541.3999,4544.7002,1477
2026-05-05 04:00:00,4543.5000,4545.7998,4537.0000,4543.0000,1649
2026-05-05 05:00:00,4543.0000,4561.2002,4540.3999,4555.2998,2799
2026-05-05 06:00:00,4555.2998,4561.5000,4543.2002,4557.5000,3315
2026-05-05 07:00:00,4557.8999,4568.1001,4553.2998,4555.3999,3304
2026-05-05 08:00:00,4555.3999,4569.3999,4555.2002,4568.2002,3248
2026-05-05 09:00:00,4568.6001,4570.5000,4561.1001,4566.5000,3505
2026-05-05 10:00:00,4566.7002,4567.2002,4550.0000,4554.1001,2786
2026-05-05 11:00:00,4554.0000,4575.5000,4550.1001,4572.8999,3866
2026-05-05 12:00:00,4572.7002,4585.3999,4564.2002,4574.7002,6663
2026-05-05 13:00:00,4575.0000,4596.2002,4575.0000,4589.7998,9660
2026-05-05 14:00:00,4590.2998,4597.5000,4576.3999,4593.2998,11254
2026-05-05 15:00:00,4593.6001,4595.1001,4579.2998,4579.3999,4376
2026-05-05 16:00:00,4579.3999,4579.8999,4564.6001,4572.1001,6343
2026-05-05 17:00:00,4571.7002,4573.6001,4563.7998,4570.2998,5086
2026-05-05 18:00:00,4570.5000,4576.5000,4568.0000,4571.7002,2391
2026-05-05 19:00:00,4571.6001,4572.0000,4562.2998,4566.0000,2512
2026-05-05 20:00:00,4566.0000,4570.7998,4564.8999,4567.7998,962
2026-05-05 22:00:00,4569.2998,4587.2002,4556.1001,4583.2002,0
2026-05-05 23:00:00,4583.5000,4606.2002,4579.3999,4604.5000,3333
2026-05-06 00:00:00,4604.1001,4631.2002,4598.2998,4629.7998,4719
2026-05-06 01:00:00,4629.8999,4639.7998,4620.3999,4636.3999,5513
2026-05-06 02:00:00,4636.2002,4651.7998,4635.7998,4650.6001,4722
2026-05-06 03:00:00,4650.6001,4662.0000,4648.0000,4653.5000,4686
2026-05-06 04:00:00,4653.6001,4664.3999,4653.2998,4660.0000,3436
2026-05-06 05:00:00,4660.0000,4674.7998,4655.6001,4673.8999,5023
2026-05-06 06:00:00,4673.8999,4680.2002,4667.7998,4679.5000,5370
2026-05-06 07:00:00,4679.7998,4693.2002,4668.5000,4692.3999,8958
2026-05-06 08:00:00,4692.7002,4714.2998,4682.7998,4712.0000,9457
2026-05-06 09:00:00,4712.0000,4720.2002,4699.7002,4713.3999,11803
2026-05-06 10:00:00,4713.2998,4734.6001,4707.3999,4729.6001,9749
2026-05-06 11:00:00,4729.3999,4732.7002,4702.0000,4703.2998,9417
2026-05-06 12:00:00,4703.2998,4704.7998,4671.0000,4694.3999,13878
2026-05-06 13:00:00,4694.1001,4719.2002,4679.5000,4713.5000,13571
2026-05-06 14:00:00,4713.3999,4728.7002,4708.7998,4714.2002,11787
2026-05-06 15:00:00,4714.2002,4717.2998,4699.2002,4699.2998,6023
2026-05-06 16:00:00,4699.0000,4703.5000,4690.6001,4694.0000,5182
2026-05-06 17:00:00,4693.8999,4699.1001,4689.7998,4694.7998,6487
2026-05-06 18:00:00,4695.1001,4701.2998,4692.7002,4696.7998,3132
2026-05-06 19:00:00,4697.1001,4711.2998,4697.1001,4703.0000,3765
2026-05-06 20:00:00,4703.5000,4710.3999,4695.7998,4703.1001,2125
2026-05-06 22:00:00,4702.2002,4709.2002,4698.0000,4704.1001,0
2026-05-06 23:00:00,4703.7002,4708.8999,4699.2998,4708.2002,1386
2026-05-07 00:00:00,4708.2998,4710.3999,4694.2002,4697.6001,2468
2026-05-07 01:00:00,4697.3999,4730.5000,4694.0000,4723.7002,6562
2026-05-07 02:00:00,4723.3999,4727.2998,4708.2002,4716.0000,2563
2026-05-07 03:00:00,4715.2002,4718.6001,4708.8999,4709.0000,1410
2026-05-07 04:00:00,4707.7002,4709.5000,4700.3999,4705.1001,2338
2026-05-07 05:00:00,4705.0000,4715.3999,4703.1001,4709.3999,2309
2026-05-07 06:00:00,4709.5000,4759.3999,4709.5000,4748.6001,7868
2026-05-07 07:00:00,4747.7998,4760.5000,4741.0000,4752.5000,6031
2026-05-07 08:00:00,4753.2002,4763.6001,4740.8999,4741.1001,6660
2026-05-07 09:00:00,4741.3999,4749.0000,4732.0000,4738.3999,5442
2026-05-07 10:00:00,4738.1001,4749.6001,4736.0000,4745.0000,3028
2026-05-07 11:00:00,4745.3999,4753.0000,4736.3999,4752.0000,4139
2026-05-07 12:00:00,4752.1001,4762.7002,4741.7002,4760.1001,8404
2026-05-07 13:00:00,4760.2002,4768.5000,4741.0000,4756.5000,11580
2026-05-07 14:00:00,4756.0000,4774.0000,4751.1001,4773.2998,13270
2026-05-07 15:00:00,4773.3999,4775.2002,4694.2998,4739.1001,12905
2026-05-07 16:00:00,4739.2998,4739.8999,4712.6001,4724.7998,11706
2026-05-07 17:00:00,4725.0000,4729.5000,4696.6001,4721.1001,25024
2026-05-07 18:00:00,4721.0000,4725.5000,4704.6001,4719.1001,6563
2026-05-07 19:00:00,4719.6001,4722.5000,4707.0000,4712.8999,4212
2026-05-07 20:00:00,4713.0000,4729.1001,4693.2998,4696.0000,4068
2026-05-07 22:00:00,4682.5000,4708.5000,4671.0000,4694.8999,0
2026-05-07 23:00:00,4694.3999,4714.3999,4693.8999,4713.2002,1629
2026-05-08 00:00:00,4713.3999,4718.5000,4702.7002,4710.0000,2412
2026-05-08 01:00:00,4710.1001,4734.2998,4709.1001,4731.2002,4467
2026-05-08 02:00:00,4731.1001,4741.3999,4715.3999,4721.7002,3497
2026-05-08 03:00:00,4721.6001,4739.7998,4719.2998,4729.0000,2252
2026-05-08 04:00:00,4728.6001,4731.8999,4716.6001,4719.3999,2211
2026-05-08 05:00:00,4719.6001,4740.0000,4718.2998,4736.0000,2147
2026-05-08 06:00:00,4736.5000,4743.5000,4721.1001,4734.2998,3944
2026-05-08 07:00:00,4734.0000,4734.8999,4706.2002,4717.3999,6270
2026-05-08 08:00:00,4717.2002,4732.8999,4715.8999,4724.7998,2612
2026-05-08 09:00:00,4725.3999,4732.5000,4716.8999,4721.6001,3270
2026-05-08 10:00:00,4721.3999,4737.7998,4720.7002,4729.3999,2592
2026-05-08 11:00:00,4730.1001,4737.0000,4723.2002,4727.5000,3506
2026-05-08 12:00:00,4727.5000,4741.6001,4709.6001,4734.1001,10610
2026-05-08 13:00:00,4733.3999,4758.6001,4725.7002,4757.7998,13327
2026-05-08 14:00:00,4757.7998,4760.3999,4723.1001,4725.7002,13223
2026-05-08 15:00:00,4725.7998,4730.7998,4711.5000,4716.6001,10420
2026-05-08 16:00:00,4716.3999,4729.8999,4715.0000,4721.8999,4564
2026-05-08 17:00:00,4721.8999,4732.1001,4721.7002,4730.3999,10898
2026-05-08 18:00:00,4730.3999,4738.6001,4729.2998,4731.8999,3024
2026-05-08 19:00:00,4731.5000,4736.3999,4730.6001,4733.3999,1986
2026-05-08 20:00:00,4733.7998,4733.8999,4723.2998,4730.7002,2075
2026-05-10 22:00:00,4696.7998,4704.5000,4690.0000,4700.1001,2147
2026-05-10 23:00:00,4700.0000,4707.5000,4697.2998,4700.2998,1740
2026-05-11 00:00:00,4699.8999,4702.1001,4678.3999,4692.5000,5051
2026-05-11 01:00:00,4692.0000,4714.1001,4683.5000,4694.2002,6290
2026-05-11 02:00:00,4694.7002,4709.0000,4684.7002,4690.0000,5125
2026-05-11 03:00:00,4689.6001,4698.2998,4683.1001,4687.0000,2809
2026-05-11 04:00:00,4686.3999,4687.7002,4675.8999,4679.7998,2618
2026-05-11 05:00:00,4679.7998,4688.7998,4655.1001,4659.6001,6147
2026-05-11 06:00:00,4659.5000,4688.7002,4656.6001,4686.7002,5518
2026-05-11 07:00:00,4686.8999,4688.6001,4672.7998,4676.3999,3301
2026-05-11 08:00:00,4676.2998,4687.5000,4672.7998,4675.8999,3633
2026-05-11 09:00:00,4675.6001,4678.3999,4658.7002,4665.2998,6450
2026-05-11 10:00:00,4665.0000,4675.8999,4664.5000,4672.2002,2995
2026-05-11 11:00:00,4672.6001,4686.0000,4672.6001,4683.2998,3770
2026-05-11 12:00:00,4682.8999,4710.2002,4675.8999,4708.7002,11000
2026-05-11 13:00:00,4708.8999,4758.3999,4707.2998,4745.7002,21316
2026-05-11 14:00:00,4745.7002,4748.5000,4724.6001,4735.3999,13139
2026-05-11 15:00:00,4735.2998,4748.1001,4732.2002,4741.7998,5462
2026-05-11 16:00:00,4742.0000,4743.2002,4716.7998,4726.1001,7320
2026-05-11 17:00:00,4726.0000,4734.2002,4725.3999,4733.0000,9394
2026-05-11 18:00:00,4733.1001,4738.7998,4730.1001,4733.7998,2600
2026-05-11 19:00:00,4734.2002,4746.5000,4731.7998,4743.5000,4586
2026-05-11 20:00:00,4743.7002,4748.5000,4739.5000,4745.6001,1702
2026-05-11 22:00:00,4745.2998,4766.7998,4745.2002,4760.7002,0
2026-05-11 23:00:00,4760.5000,4780.2998,4755.2002,4777.2002,5329
2026-05-12 00:00:00,4776.7002,4783.3999,4757.7998,4759.2998,4961
2026-05-12 01:00:00,4758.8999,4765.6001,4729.7998,4736.6001,5516
2026-05-12 02:00:00,4736.2998,4743.3999,4731.1001,4739.7998,2971
2026-05-12 03:00:00,4739.5000,4742.3999,4726.7998,4729.0000,2596
2026-05-12 04:00:00,4729.1001,4739.6001,4720.1001,4723.1001,2574
2026-05-12 05:00:00,4722.5000,4731.0000,4717.5000,4723.2002,3936
2026-05-12 06:00:00,4722.6001,4722.6001,4701.6001,4705.3999,6639
2026-05-12 07:00:00,4705.0000,4711.7002,4692.3999,4707.7998,5043
2026-05-12 08:00:00,4707.5000,4714.7998,4704.6001,4710.8999,2657
2026-05-12 09:00:00,4710.7002,4713.2998,4702.2002,4707.6001,3690
2026-05-12 10:00:00,4708.0000,4716.7002,4692.7998,4701.8999,4698
2026-05-12 11:00:00,4702.3999,4717.2002,4694.7002,4714.6001,3913
2026-05-12 12:00:00,4714.5000,4719.7998,4697.3999,4713.7998,9041
2026-05-12 13:00:00,4713.6001,4717.1001,4684.5000,4687.0000,13210
2026-05-12 14:00:00,4686.5000,4703.0000,4676.0000,4680.0000,10866
2026-05-12 15:00:00,4680.0000,4683.6001,4645.2002,4673.1001,18910
2026-05-12 16:00:00,4673.5000,4682.3999,4671.2998,4678.1001,4852
2026-05-12 17:00:00,4678.3999,4689.7998,4678.3999,4685.7002,10977
2026-05-12 18:00:00,4685.7002,4705.5000,4683.0000,4703.0000,4942
2026-05-12 19:00:00,4704.1001,4723.2998,4703.6001,4723.2002,4188
2026-05-12 20:00:00,4722.7998,4726.7002,4719.3999,4722.6001,1764
2026-05-12 22:00:00,4722.2998,4730.2002,4720.2998,4724.6001,0
2026-05-12 23:00:00,4724.5000,4731.6001,4723.0000,4724.7002,2894
2026-05-13 00:00:00,4724.5000,4734.7998,4721.0000,4723.0000,2859
2026-05-13 01:00:00,4722.6001,4725.1001,4709.2002,4710.8999,4567
2026-05-13 02:00:00,4710.5000,4715.7002,4696.0000,4700.6001,4072
2026-05-13 03:00:00,4700.5000,4714.2998,4697.1001,4703.0000,3029
2026-05-13 04:00:00,4704.5000,4711.3999,4703.3999,4707.8999,1367
2026-05-13 05:00:00,4707.5000,4715.7002,4701.2998,4711.3999,2464
2026-05-13 06:00:00,4711.7998,4723.1001,4706.8999,4709.7998,4357
2026-05-13 07:00:00,4709.7998,4716.6001,4704.7998,4710.3999,4382
2026-05-13 08:00:00,4710.2998,4712.0000,4701.7998,4707.7002,3497
2026-05-13 09:00:00,4707.7998,4709.2002,4692.2998,4709.0000,5883
2026-05-13 10:00:00,4708.3999,4718.2002,4701.0000,4701.6001,3041
2026-05-13 11:00:00,4701.7998,4713.8999,4698.6001,4705.2002,3113
2026-05-13 12:00:00,4704.8999,4709.3999,4682.0000,4690.7002,9990
2026-05-13 13:00:00,4690.6001,4702.0000,4676.0000,4686.2002,11058
2026-05-13 14:00:00,4686.2002,4698.2998,4679.7998,4686.7998,9935
2026-05-13 15:00:00,4687.1001,4708.0000,4686.0000,4703.2998,6097
2026-05-13 16:00:00,4703.0000,4717.8999,4702.7998,4703.5000,8297
2026-05-13 17:00:00,4703.7002,4709.2002,4692.6001,4693.3999,11680
2026-05-13 18:00:00,4693.7998,4702.0000,4685.5000,4692.8999,4130
2026-05-13 19:00:00,4692.6001,4698.6001,4691.2998,4696.1001,2143
2026-05-13 20:00:00,4696.0000,4701.3999,4693.7002,4697.1001,1059
2026-05-13 22:00:00,4696.7998,4707.2998,4695.5000,4706.3999,0
2026-05-13 23:00:00,4706.2002,4709.0000,4699.7002,4703.5000,832
2026-05-14 00:00:00,4703.1001,4713.7002,4696.2002,4712.0000,2120
2026-05-14 01:00:00,4712.2002,4714.0000,4690.2002,4695.0000,3819
2026-05-14 02:00:00,4695.5000,4706.5000,4686.0000,4692.7002,2465
2026-05-14 03:00:00,4692.7998,4699.3999,4679.2998,4680.7998,2850
2026-05-14 04:00:00,4680.7998,4719.7002,4673.2002,4709.2002,5598
2026-05-14 05:00:00,4709.5000,4711.2002,4696.0000,4696.2998,2585
2026-05-14 06:00:00,4696.2002,4709.2998,4692.7002,4707.2002,3244
2026-05-14 07:00:00,4706.7002,4725.7998,4697.7002,4700.1001,5792
2026-05-14 08:00:00,4699.5000,4713.6001,4698.8999,4700.2998,3367
2026-05-14 09:00:00,4699.7998,4709.2998,4694.6001,4706.1001,2763
2026-05-14 10:00:00,4706.0000,4711.8999,4698.0000,4704.1001,2516
2026-05-14 11:00:00,4703.5000,4711.6001,4695.8999,4700.3999,3102
2026-05-14 12:00:00,4700.2002,4716.8999,4698.3999,4711.7998,7363
2026-05-14 13:00:00,4712.2002,4715.2002,4671.2998,4685.2002,13305
2026-05-14 14:00:00,4685.0000,4707.2998,4683.0000,4685.7002,9451
2026-05-14 15:00:00,4685.6001,4695.7998,4683.0000,4691.8999,4380
2026-05-14 16:00:00,4692.1001,4693.5000,4676.1001,4684.7998,5124
2026-05-14 17:00:00,4684.3999,4689.6001,4682.7002,4684.2002,5545
2026-05-14 18:00:00,4684.5000,4684.5000,4672.5000,4677.2998,3937
2026-05-14 19:00:00,4677.3999,4677.3999,4658.0000,4659.5000,5696
2026-05-14 20:00:00,4659.6001,4663.0000,4649.2998,4655.3999,2804
2026-05-14 22:00:00,4654.5000,4667.0000,4651.0000,4666.7002,0
2026-05-14 23:00:00,4666.3999,4670.1001,4651.0000,4656.7002,2992
2026-05-15 00:00:00,4656.3999,4662.7998,4618.2998,4635.1001,8786
2026-05-15 01:00:00,4635.0000,4636.7002,4611.0000,4617.8999,7338
2026-05-15 02:00:00,4617.8999,4627.3999,4613.5000,4621.8999,3538
2026-05-15 03:00:00,4621.6001,4626.5000,4611.2998,4619.7998,3428
2026-05-15 04:00:00,4619.2998,4625.8999,4608.2002,4610.0000,2800
2026-05-15 05:00:00,4610.0000,4610.6001,4560.1001,4562.8999,11957
2026-05-15 06:00:00,4562.3999,4585.3999,4560.5000,4574.5000,8487
2026-05-15 07:00:00,4573.8999,4593.7998,4569.7998,4575.7002,8163
2026-05-15 08:00:00,4575.6001,4576.8999,4553.2002,4558.8999,8723
2026-05-15 09:00:00,4559.0000,4568.2002,4535.3999,4549.7998,9071
2026-05-15 10:00:00,4549.8999,4577.0000,4548.0000,4570.2002,8044
2026-05-15 11:00:00,4570.5000,4574.7998,4554.0000,4555.8999,5014
2026-05-15 12:00:00,4556.0000,4562.7002,4546.2998,4550.2002,8614
2026-05-15 13:00:00,4550.1001,4561.8999,4513.7998,4537.2998,19094
2026-05-15 14:00:00,4536.8999,4570.8999,4529.2998,4566.7998,13635
2026-05-15 15:00:00,4567.2998,4568.0000,4538.0000,4543.7998,7788
2026-05-15 16:00:00,4543.7998,4552.3999,4533.2002,4548.7002,5679
2026-05-15 17:00:00,4548.5000,4568.7002,4547.2002,4564.0000,7373
2026-05-15 18:00:00,4564.2998,4567.2998,4556.5000,4563.3999,2804
2026-05-15 19:00:00,4563.8999,4564.2002,4548.8999,4549.7998,3691
2026-05-15 20:00:00,4550.2002,4561.8999,4537.0000,4561.8999,2058
2026-05-17 22:00:00,4557.3999,4558.6001,4541.3999,4549.7002,2138
2026-05-17 23:00:00,4550.2002,4551.3999,4535.1001,4540.8999,1911
2026-05-18 00:00:00,4541.0000,4546.0000,4483.5000,4518.5000,9809
2026-05-18 01:00:00,4518.1001,4538.6001,4492.1001,4527.8999,8772
2026-05-18 02:00:00,4527.8999,4545.8999,4524.8999,4536.3999,4376
2026-05-18 03:00:00,4537.0000,4551.3999,4528.0000,4546.7998,4319
2026-05-18 04:00:00,4545.2002,4553.7998,4533.3999,4544.2002,5205
2026-05-18 05:00:00,4544.7998,4556.0000,4533.6001,4534.6001,5303
2026-05-18 06:00:00,4534.2998,4551.7998,4533.1001,4550.5000,6923
2026-05-18 07:00:00,4551.0000,4564.0000,4541.6001,4550.0000,5760
2026-05-18 08:00:00,4550.0000,4560.8999,4546.0000,4553.7998,3990
2026-05-18 09:00:00,4553.8999,4555.7002,4543.7998,4547.0000,3695
2026-05-18 10:00:00,4546.3999,4551.3999,4535.6001,4543.3999,3986
2026-05-18 11:00:00,4543.5000,4571.8999,4533.5000,4554.2002,9746
2026-05-18 12:00:00,4554.3999,4579.3999,4548.7998,4575.2002,9361
2026-05-18 13:00:00,4575.3999,4588.6001,4565.3999,4579.8999,12978
2026-05-18 14:00:00,4579.8999,4579.8999,4542.1001,4550.7998,15134
2026-05-18 15:00:00,4551.0000,4552.3999,4536.2002,4547.7002,7691
2026-05-18 16:00:00,4548.6001,4558.7002,4537.6001,4554.3999,10432
2026-05-18 17:00:00,4554.2998,4562.5000,4549.7998,4551.3999,5596
2026-05-18 18:00:00,4551.2998,4552.3999,4538.2998,4539.7998,3632
2026-05-18 19:00:00,4539.8999,4569.5000,4539.1001,4562.8999,6702
2026-05-18 20:00:00,4563.2998,4571.6001,4562.3999,4570.7998,1323
2026-05-18 22:00:00,4570.6001,4582.2998,4570.6001,4578.2002,0
2026-05-18 23:00:00,4578.2002,4593.2002,4577.8999,4585.5000,2156
2026-05-19 00:00:00,4585.3999,4593.1001,4564.7002,4566.2998,3854
2026-05-19 01:00:00,4565.6001,4575.3999,4557.6001,4567.0000,3609
2026-05-19 02:00:00,4566.7002,4566.7002,4548.6001,4550.2998,4018
2026-05-19 03:00:00,4549.8999,4558.1001,4545.2002,4548.8999,3526
2026-05-19 04:00:00,4547.7998,4548.7998,4540.8999,4545.3999,2047
2026-05-19 05:00:00,4545.6001,4549.8999,4533.8999,4543.7998,4755
2026-05-19 06:00:00,4543.7002,4557.1001,4536.5000,4551.2998,5310
2026-05-19 07:00:00,4550.3999,4562.7002,4544.7002,4560.7002,4900
2026-05-19 08:00:00,4560.7002,4562.5000,4539.1001,4546.3999,5403
2026-05-19 09:00:00,4545.7998,4550.0000,4538.7998,4545.0000,3629
2026-05-19 10:00:00,4544.5000,4548.0000,4528.6001,4547.8999,4535
2026-05-19 11:00:00,4547.7002,4551.5000,4533.1001,4534.0000,3549
2026-05-19 12:00:00,4533.7998,4550.8999,4530.2998,4541.6001,6508
2026-05-19 13:00:00,4540.3999,4541.0000,4467.1001,4506.7002,35176
2026-05-19 14:00:00,4506.6001,4517.0000,4487.0000,4496.8999,16526
2026-05-19 15:00:00,4497.8999,4512.8999,4492.7998,4511.7002,7388
2026-05-19 16:00:00,4512.0000,4516.0000,4499.5000,4511.2002,4793
2026-05-19 17:00:00,4511.0000,4514.6001,4502.6001,4504.6001,4982
2026-05-19 18:00:00,4504.5000,4507.5000,4493.1001,4496.7998,2427
2026-05-19 19:00:00,4496.3999,4500.7002,4484.7998,4487.0000,3410
2026-05-19 20:00:00,4486.8999,4491.8999,4484.2998,4485.3999,1485
2026-05-19 22:00:00,4486.6001,4488.7998,4480.0000,4487.6001,0
2026-05-19 23:00:00,4486.5000,4499.5000,4482.8999,4491.7998,2458
2026-05-20 00:00:00,4492.2002,4512.0000,4482.2002,4503.8999,3532
2026-05-20 01:00:00,4503.7998,4509.2998,4458.0000,4484.2998,7224
2026-05-20 02:00:00,4484.0000,4489.6001,4460.6001,4467.2002,4493
2026-05-20 03:00:00,4467.3999,4469.2002,4455.0000,4467.1001,3805
2026-05-20 04:00:00,4465.7998,4472.5000,4458.6001,4464.2002,2324
2026-05-20 05:00:00,4464.0000,4481.7998,4463.7998,4475.2002,3475
2026-05-20 06:00:00,4474.7998,4481.1001,4463.6001,4476.7002,4796
2026-05-20 07:00:00,4476.3999,4488.7002,4474.5000,4480.8999,5645
2026-05-20 08:00:00,4481.1001,4492.7998,4479.1001,4486.5000,5231
2026-05-20 09:00:00,4486.2002,4494.2002,4475.1001,4487.5000,8041
2026-05-20 10:00:00,4487.5000,4499.7998,4487.2998,4497.1001,5096
2026-05-20 11:00:00,4497.5000,4503.7002,4493.1001,4501.2002,5318
2026-05-20 12:00:00,4501.0000,4508.1001,4495.2998,4499.0000,9966
2026-05-20 13:00:00,4499.0000,4509.0000,4484.6001,4485.7002,11611
2026-05-20 14:00:00,4485.5000,4540.5000,4469.1001,4534.3999,26367
2026-05-20 15:00:00,4534.7998,4558.3999,4526.5000,4532.1001,14832
2026-05-20 16:00:00,4532.1001,4538.7998,4527.1001,4537.5000,6808
2026-05-20 17:00:00,4537.7002,4542.0000,4533.0000,4535.1001,6397
2026-05-20 18:00:00,4534.6001,4548.5000,4532.2998,4545.6001,3543
2026-05-20 19:00:00,4545.7998,4553.7998,4544.8999,4548.1001,3444
2026-05-20 20:00:00,4548.3999,4553.2002,4544.5000,4546.2002,2282
2026-05-20 22:00:00,4548.0000,4549.8999,4536.0000,4541.2002,0
2026-05-20 23:00:00,4540.8999,4548.6001,4535.6001,4548.0000,1374
2026-05-21 00:00:00,4548.2998,4554.6001,4538.7002,4547.0000,2182
2026-05-21 01:00:00,4548.0000,4572.3999,4541.3999,4562.8999,5859
2026-05-21 02:00:00,4562.6001,4566.7998,4533.2002,4535.2998,3748
2026-05-21 03:00:00,4534.6001,4541.7002,4528.2998,4529.8999,2257
2026-05-21 04:00:00,4529.3999,4541.6001,4528.3999,4540.0000,1629
2026-05-21 05:00:00,4539.7998,4541.6001,4519.0000,4528.8999,3253
2026-05-21 06:00:00,4528.0000,4541.2002,4520.0000,4523.1001,4701
2026-05-21 07:00:00,4522.8999,4525.7998,4513.2002,4520.7998,4691
2026-05-21 08:00:00,4520.8999,4538.2002,4519.2002,4534.2998,5113
2026-05-21 09:00:00,4533.7002,4544.2002,4528.7998,4531.7002,4265
2026-05-21 10:00:00,4531.6001,4537.6001,4505.7002,4511.8999,7174
2026-05-21 11:00:00,4512.2998,4522.5000,4508.7998,4515.0000,3005
2026-05-21 12:00:00,4515.2002,4520.2002,4501.3999,4505.0000,11145
2026-05-21 13:00:00,4505.1001,4522.2998,4488.2998,4513.7002,14316
2026-05-21 14:00:00,4514.1001,4516.7002,4499.2002,4510.0000,22074
2026-05-21 15:00:00,4510.5000,4517.0000,4498.0000,4513.0000,13713
2026-05-21 16:00:00,4513.2002,4522.3999,4513.1001,4520.7002,7374
2026-05-21 17:00:00,4521.0000,4561.2002,4515.0000,4553.1001,16159
2026-05-21 18:00:00,4553.0000,4557.7998,4528.6001,4533.7002,5574
2026-05-21 19:00:00,4533.3999,4545.0000,4531.2998,4544.1001,3176
2026-05-21 20:00:00,4543.8999,4545.8999,4540.7998,4544.2002,2517
2026-05-21 22:00:00,4544.2002,4547.0000,4540.3999,4544.1001,0
2026-05-21 23:00:00,4544.3999,4545.7998,4532.7002,4536.0000,934
2026-05-22 00:00:00,4536.2002,4541.8999,4526.5000,4528.3999,1793
2026-05-22 01:00:00,4527.6001,4537.2998,4521.7002,4526.7002,2528
2026-05-22 02:00:00,4526.8999,4530.3999,4519.3999,4523.7998,1882
2026-05-22 03:00:00,4523.8999,4530.5000,4519.7002,4529.8999,1889
2026-05-22 04:00:00,4530.6001,4533.7998,4526.6001,4528.1001,1152
2026-05-22 05:00:00,4528.3999,4535.3999,4508.2002,4512.3999,2984
2026-05-22 06:00:00,4511.8999,4529.6001,4511.1001,4527.7002,4267
2026-05-22 07:00:00,4527.2002,4528.2002,4516.7002,4522.7002,3594
2026-05-22 08:00:00,4522.7002,4531.8999,4516.8999,4522.8999,4597
2026-05-22 09:00:00,4522.3999,4536.7002,4515.0000,4532.8999,5303
2026-05-22 10:00:00,4532.8999,4537.6001,4511.3999,4515.5000,5689
2026-05-22 11:00:00,4515.7002,4525.7998,4512.0000,4521.5000,3528
2026-05-22 12:00:00,4521.1001,4537.3999,4515.7002,4529.5000,10425
2026-05-22 13:00:00,4529.6001,4535.7002,4510.0000,4514.5000,10329
2026-05-22 14:00:00,4514.5000,4515.0000,4488.0000,4501.3999,14962
2026-05-22 15:00:00,4501.6001,4523.2002,4501.0000,4521.0000,7937
2026-05-22 16:00:00,4521.2998,4528.3999,4512.7998,4516.2998,5715
2026-05-22 17:00:00,4516.5000,4529.8999,4514.5000,4520.2002,7341
2026-05-22 18:00:00,4520.5000,4522.7002,4513.5000,4517.0000,3408
2026-05-22 19:00:00,4516.8999,4517.7002,4505.6001,4510.0000,3717
2026-05-22 20:00:00,4510.1001,4523.2002,4505.3999,4523.2002,1621
2026-05-26 04:00:00,4542.7002,4543.6001,4523.8999,4526.1001,4458
2026-05-26 05:00:00,4525.7998,4535.6001,4523.3999,4527.7998,3073
2026-05-26 06:00:00,4527.8999,4536.7002,4527.3999,4531.7998,5367
2026-05-26 07:00:00,4531.8999,4539.8999,4521.7998,4538.6001,5737
2026-05-26 08:00:00,4539.0000,4539.6001,4520.2002,4524.7002,8306
2026-05-26 09:00:00,4524.2998,4527.2002,4512.2998,4523.1001,8433
2026-05-26 10:00:00,4523.0000,4540.8999,4519.5000,4534.8999,9571
2026-05-26 11:00:00,4535.1001,4537.0000,4503.0000,4507.5000,14849
2026-05-26 12:00:00,4507.1001,4524.2998,4500.2002,4520.7002,16727
2026-05-26 13:00:00,4520.6001,4532.2998,4512.6001,4514.6001,19814
2026-05-26 14:00:00,4515.1001,4525.6001,4508.2998,4515.6001,16707
2026-05-26 15:00:00,4515.6001,4515.7998,4502.5000,4506.7002,13472
2026-05-26 16:00:00,4506.5000,4512.0000,4499.2998,4505.2002,7572
2026-05-26 17:00:00,4504.8999,4508.8999,4487.3999,4490.0000,20936
2026-05-26 18:00:00,4490.0000,4499.2002,4480.0000,4498.7002,6964
2026-05-26 19:00:00,4499.0000,4509.7998,4497.2002,4508.7002,4716
2026-05-26 20:00:00,4509.0000,4511.7998,4504.2998,4507.2998,0
2026-05-26 22:00:00,4507.3999,4512.7002,4498.8999,4510.8999,1214
2026-05-26 23:00:00,4512.2998,4528.1001,4504.7002,4519.6001,1331
2026-05-27 00:00:00,4517.3999,4525.7998,4513.6001,4514.6001,730
2026-05-27 01:00:00,4516.7998,4520.2998,4506.2002,4507.5000,891
2026-05-27 02:00:00,4508.6001,4508.6001,4497.7998,4505.2002,695
2026-05-27 03:00:00,4505.2998,4510.3999,4496.2002,4496.2998,407
2026-05-27 04:00:00,4496.0000,4516.2002,4494.7998,4509.2998,858
2026-05-27 05:00:00,4508.7998,4512.7998,4490.5000,4496.5000,1803
2026-05-27 06:00:00,4496.3999,4497.7998,4478.5000,4484.5000,2862
2026-05-27 07:00:00,4485.2998,4520.6001,4479.5000,4513.2002,24479
2026-05-27 08:00:00,4513.1001,4529.5000,4512.2002,4528.7002,6610
2026-05-27 09:00:00,4528.5000,4528.7002,4517.8999,4521.7998,7261
2026-05-27 10:00:00,4521.6001,4522.2998,4472.7002,4476.2002,19486
2026-05-27 11:00:00,4476.2998,4483.8999,4454.2998,4458.2998,16635
2026-05-27 12:00:00,4458.5000,4496.5000,4457.2998,4469.3999,23030
2026-05-27 13:00:00,4469.2002,4469.7002,4431.0000,4458.2002,32963
2026-05-27 14:00:00,4458.1001,4487.2002,4457.0000,4465.6001,20310
2026-05-27 15:00:00,4465.3999,4473.0000,4459.5000,4468.0000,11942
2026-05-27 16:00:00,4468.1001,4485.3999,4465.6001,4482.3999,9219
2026-05-27 17:00:00,4482.3999,4485.8999,4472.7002,4481.8999,9843
2026-05-27 18:00:00,4481.6001,4490.0000,4479.0000,4485.8999,2941
2026-05-27 19:00:00,4486.0000,4486.7002,4480.7002,4483.0000,3755
2026-05-27 20:00:00,4482.7998,4490.6001,4481.7998,4488.5000,1578
2026-05-27 22:00:00,4488.0000,4502.0000,4485.5000,4488.0000,0
2026-05-27 23:00:00,4487.7002,4488.2002,4473.2002,4477.7002,1841
2026-05-28 00:00:00,4477.3999,4488.7998,4474.0000,4487.6001,1802
2026-05-28 01:00:00,4487.8999,4489.5000,4437.2998,4440.3999,6831
2026-05-28 02:00:00,4441.6001,4443.2002,4423.0000,4424.3999,6535
2026-05-28 03:00:00,4424.2002,4428.3999,4398.0000,4405.2998,6196
2026-05-28 04:00:00,4404.2002,4411.7998,4395.6001,4402.2002,3330
2026-05-28 05:00:00,4402.7002,4425.5000,4396.1001,4417.1001,5287
2026-05-28 06:00:00,4417.2002,4419.8999,4403.7998,4413.2998,4737
2026-05-28 07:00:00,4413.6001,4426.0000,4412.3999,4417.2002,5568
2026-05-28 08:00:00,4417.5000,4424.7998,4415.6001,4416.7998,3734
2026-05-28 09:00:00,4416.2998,4429.0000,4416.1001,4424.0000,4114
2026-05-28 10:00:00,4424.1001,4434.2998,4405.5000,4413.6001,5963
2026-05-28 11:00:00,4413.0000,4421.0000,4410.8999,4418.2002,3607
2026-05-28 12:00:00,4417.8999,4464.0000,4409.7998,4461.8999,11792
2026-05-28 13:00:00,4462.2998,4469.3999,4448.0000,4460.6001,12835
2026-05-28 14:00:00,4460.1001,4511.3999,4450.6001,4500.2998,25430
2026-05-28 15:00:00,4500.7002,4515.8999,4499.3999,4512.5000,7872
2026-05-28 16:00:00,4512.8999,4542.0000,4507.5000,4541.7998,10682
2026-05-28 17:00:00,4541.8999,4545.3999,4536.2998,4539.2998,1796
