Datetime,Open,High,Low,Close,Volume
2025-07-07 00:00:00,3328.6850,3329.4950,3305.7650,3310.7550,5.6745
2025-07-07 04:00:00,3310.7850,3315.0750,3300.4350,3302.0350,4.7376
2025-07-07 08:00:00,3301.9980,3312.6250,3296.1950,3301.7150,6.2099
2025-07-07 12:00:00,3301.6350,3321.8250,3300.3150,3320.6650,6.8215
2025-07-07 16:00:00,3320.6350,3340.2890,3319.9450,3336.9250,19.7002
2025-07-07 20:00:00,3337.0450,3345.5480,3333.5980,3334.3980,2.4567
2025-07-08 00:00:00,3334.3980,3337.8350,3329.3280,3331.2650,6.4331
2025-07-08 04:00:00,3331.2850,3339.2850,3327.1150,3333.7650,4.0497
2025-07-08 08:00:00,3333.7250,3333.7250,3319.7150,3324.8650,3.4316
2025-07-08 12:00:00,3324.9050,3329.6480,3286.9050,3298.0350,11.9025
2025-07-08 16:00:00,3298.0350,3310.1990,3295.6850,3302.7180,9.6244
2025-07-08 20:00:00,3302.6450,3303.9050,3296.9650,3301.9950,2.0602
2025-07-09 00:00:00,3302.0050,3307.7250,3284.6380,3293.0750,4.8260
2025-07-09 04:00:00,3293.0750,3297.5480,3285.4150,3291.6650,4.7797
2025-07-09 08:00:00,3291.6450,3295.7950,3282.4250,3284.6980,3.3329
2025-07-09 12:00:00,3284.6980,3312.7750,3284.6980,3309.4350,12.0878
2025-07-09 16:00:00,3309.4050,3316.5980,3307.5750,3315.4650,8.8263
2025-07-09 20:00:00,3315.5450,3320.9550,3311.3480,3317.4250,2.2764
2025-07-10 00:00:00,3317.4450,3326.0850,3315.3380,3315.5450,6.4658
2025-07-10 04:00:00,3315.5390,3329.2850,3314.6550,3320.8980,3.8105
2025-07-10 08:00:00,3320.8980,3330.0850,3318.0850,3320.2550,3.8917
2025-07-10 12:00:00,3320.2850,3329.2480,3309.9050,3319.4550,7.0681
2025-07-10 16:00:00,3319.4950,3325.7950,3311.9750,3324.7250,8.4675
2025-07-10 20:00:00,3324.7190,3326.1980,3321.5850,3323.5550,1.5767
2025-07-11 00:00:00,3323.5050,3335.9750,3323.3450,3333.4980,7.1704
2025-07-11 04:00:00,3333.4250,3343.4750,3329.3250,3341.6650,5.9891
2025-07-11 08:00:00,3341.6850,3349.9580,3332.6180,3347.1750,6.5042
2025-07-11 12:00:00,3347.1750,3368.5590,3343.8650,3358.6690,13.7542
2025-07-11 16:00:00,3358.5490,3359.5490,3348.9650,3356.2750,12.8826
2025-07-11 20:00:00,3356.3150,3358.7050,3353.3150,3354.7250,0.8771
2025-07-12 00:00:00,3354.7250,3354.7250,3354.7250,3354.7250,0.0000
2025-07-12 04:00:00,3354.7250,3354.7250,3354.7250,3354.7250,0.0000
2025-07-12 08:00:00,3354.7250,3354.7250,3354.7250,3354.7250,0.0000
2025-07-12 12:00:00,3354.7250,3354.7250,3354.7250,3354.7250,0.0000
2025-07-12 16:00:00,3354.7250,3354.7250,3354.7250,3354.7250,0.0000
2025-07-12 20:00:00,3354.7250,3354.7250,3354.7250,3354.7250,0.0000
2025-07-13 00:00:00,3354.7250,3354.7250,3354.7250,3354.7250,0.0000
2025-07-13 04:00:00,3354.7250,3354.7250,3354.7250,3354.7250,0.0000
2025-07-13 08:00:00,3354.7250,3354.7250,3354.7250,3354.7250,0.0000
2025-07-13 12:00:00,3354.7250,3354.7250,3354.7250,3354.7250,0.0000
2025-07-13 16:00:00,3354.7250,3354.7250,3354.7250,3354.7250,0.0000
2025-07-13 20:00:00,3354.7250,3373.7050,3354.7250,3367.4980,2.1136
2025-07-14 00:00:00,3367.4980,3373.1050,3353.5750,3356.8350,6.3464
2025-07-14 04:00:00,3356.7950,3374.8050,3353.4350,3371.7250,4.2185
2025-07-14 08:00:00,3371.8050,3374.4450,3363.6280,3363.8880,3.3336
2025-07-14 12:00:00,3363.8880,3366.4450,3340.7550,3344.9250,7.5528
2025-07-14 16:00:00,3344.9650,3351.5150,3342.9050,3343.9550,5.0801
2025-07-14 20:00:00,3344.0650,3346.2650,3341.1050,3345.0480,1.0161
2025-07-15 00:00:00,3345.0350,3358.0950,3344.4150,3357.6850,2.2821
2025-07-15 04:00:00,3357.6650,3364.9750,3357.2850,3364.1650,2.9354
2025-07-15 08:00:00,3364.1350,3366.1480,3353.9350,3354.6480,3.7747
2025-07-15 12:00:00,3354.6750,3360.0480,3325.1450,3328.7650,12.7660
2025-07-15 16:00:00,3328.7450,3331.7980,3320.0550,3330.3250,5.9962
2025-07-15 20:00:00,3330.2850,3331.5450,3323.0650,3330.7980,0.7376
2025-07-16 00:00:00,3330.8250,3334.9150,3324.8650,3334.1550,3.5054
2025-07-16 04:00:00,3334.2050,3341.8650,3332.6250,3337.7050,5.0530
2025-07-16 08:00:00,3337.8850,3342.7750,3333.5850,3339.1050,3.3376
2025-07-16 12:00:00,3339.0850,3377.1850,3319.4990,3343.1480,15.7841
2025-07-16 16:00:00,3343.2450,3357.1750,3338.7480,3346.8550,14.6092
2025-07-16 20:00:00,3346.8490,3352.0250,3345.1250,3346.2750,1.4623
2025-07-17 00:00:00,3346.2480,3347.1650,3336.1480,3341.3050,4.0975
2025-07-17 04:00:00,3341.2850,3344.5480,3324.9550,3325.6350,3.6095
2025-07-17 08:00:00,3325.6650,3332.2550,3322.0980,3323.9980,3.6190
2025-07-17 12:00:00,3324.0050,3338.2480,3309.5750,3336.6050,11.1707
2025-07-17 16:00:00,3336.6050,3340.8950,3335.2750,3339.5350,5.8964
2025-07-17 20:00:00,3339.5350,3343.8950,3337.2050,3340.0550,1.5217
2025-07-18 00:00:00,3340.0950,3344.0480,3333.8950,3334.4150,2.6625
2025-07-18 04:00:00,3334.3450,3349.9350,3331.6450,3349.6550,4.1255
2025-07-18 08:00:00,3349.6850,3357.4980,3346.0250,3354.1250,5.1642
2025-07-18 12:00:00,3354.0850,3361.0350,3350.9950,3353.4850,6.9706
2025-07-18 16:00:00,3353.5050,3357.2350,3347.4950,3348.1550,5.2869
2025-07-18 20:00:00,3348.1490,3351.7450,3347.5550,3349.6550,0.7722
2025-07-19 00:00:00,3349.6550,3349.6550,3349.6550,3349.6550,0.0000
2025-07-19 04:00:00,3349.6550,3349.6550,3349.6550,3349.6550,0.0000
2025-07-19 08:00:00,3349.6550,3349.6550,3349.6550,3349.6550,0.0000
2025-07-19 12:00:00,3349.6550,3349.6550,3349.6550,3349.6550,0.0000
2025-07-19 16:00:00,3349.6550,3349.6550,3349.6550,3349.6550,0.0000
2025-07-19 20:00:00,3349.6550,3349.6550,3349.6550,3349.6550,0.0000
2025-07-20 00:00:00,3349.6550,3349.6550,3349.6550,3349.6550,0.0000
2025-07-20 04:00:00,3349.6550,3349.6550,3349.6550,3349.6550,0.0000
2025-07-20 08:00:00,3349.6550,3349.6550,3349.6550,3349.6550,0.0000
2025-07-20 12:00:00,3349.6550,3349.6550,3349.6550,3349.6550,0.0000
2025-07-20 16:00:00,3349.6550,3349.6550,3349.6550,3349.6550,0.0000
2025-07-20 20:00:00,3349.6550,3350.0150,3344.7980,3348.8980,0.7121
2025-07-21 00:00:00,3348.8350,3358.3550,3347.4180,3351.0350,2.2231
2025-07-21 04:00:00,3351.0150,3370.5650,3350.3980,3364.5050,6.2554
2025-07-21 08:00:00,3364.5450,3375.4550,3362.5950,3375.2050,6.7895
2025-07-21 12:00:00,3375.1950,3401.3390,3374.3550,3397.7750,10.7790
2025-07-21 16:00:00,3397.8250,3399.5480,3391.1450,3398.6480,6.7556
2025-07-21 20:00:00,3398.6480,3402.4750,3392.8980,3396.2980,1.6274
2025-07-22 00:00:00,3396.2980,3397.4750,3384.9450,3392.3650,4.0315
2025-07-22 04:00:00,3392.2350,3392.2350,3383.1150,3387.3750,3.9015
2025-07-22 08:00:00,3387.4250,3391.4450,3384.4450,3391.1650,3.2108
2025-07-22 12:00:00,3391.1250,3430.3650,3390.7250,3426.2950,13.1575
2025-07-22 16:00:00,3426.3150,3433.2790,3426.0790,3431.2480,7.2976
2025-07-22 20:00:00,3431.2480,3432.9150,3426.0150,3427.3050,2.0645
2025-07-23 00:00:00,3427.3050,3438.6550,3418.9150,3422.7450,8.0452
2025-07-23 04:00:00,3422.8250,3429.4650,3416.1650,3420.4850,5.6055
2025-07-23 08:00:00,3420.5050,3433.6480,3420.0050,3428.0550,4.5383
2025-07-23 12:00:00,3428.0450,3429.7550,3398.0000,3398.0150,13.7325
2025-07-23 16:00:00,3398.0090,3398.0090,3381.2150,3390.0350,9.0213
2025-07-23 20:00:00,3390.0350,3392.2350,3385.7650,3389.8850,1.2966
2025-07-24 00:00:00,3389.9850,3393.1650,3374.3480,3383.5650,6.7625
2025-07-24 04:00:00,3383.5050,3385.1350,3365.7850,3367.3950,5.3068
2025-07-24 08:00:00,3367.4150,3374.4850,3361.0650,3361.9750,6.2664
2025-07-24 12:00:00,3362.0150,3377.1450,3351.1680,3372.4090,12.1414
2025-07-24 16:00:00,3372.3750,3373.6390,3366.1250,3370.2650,9.8685
2025-07-24 20:00:00,3370.2750,3371.1650,3364.9480,3369.1480,2.7459
2025-07-25 00:00:00,3369.1450,3373.2950,3358.4750,3358.9550,4.7170
2025-07-25 04:00:00,3358.9350,3363.2480,3352.5150,3353.8850,5.2115
2025-07-25 08:00:00,3353.9050,3355.1250,3338.4650,3340.8650,4.2177
2025-07-25 12:00:00,3340.8050,3347.3980,3324.8050,3327.5750,10.5878
2025-07-25 16:00:00,3327.5150,3340.0850,3326.0480,3337.3850,6.5559
2025-07-25 20:00:00,3337.3490,3338.8980,3335.5450,3335.5750,0.5506
2025-07-26 00:00:00,3335.5750,3335.5750,3335.5750,3335.5750,0.0000
2025-07-26 04:00:00,3335.5750,3335.5750,3335.5750,3335.5750,0.0000
2025-07-26 08:00:00,3335.5750,3335.5750,3335.5750,3335.5750,0.0000
2025-07-26 12:00:00,3335.5750,3335.5750,3335.5750,3335.5750,0.0000
2025-07-26 16:00:00,3335.5750,3335.5750,3335.5750,3335.5750,0.0000
2025-07-26 20:00:00,3335.5750,3335.5750,3335.5750,3335.5750,0.0000
2025-07-27 00:00:00,3335.5750,3335.5750,3335.5750,3335.5750,0.0000
2025-07-27 04:00:00,3335.5750,3335.5750,3335.5750,3335.5750,0.0000
2025-07-27 08:00:00,3335.5750,3335.5750,3335.5750,3335.5750,0.0000
2025-07-27 12:00:00,3335.5750,3335.5750,3335.5750,3335.5750,0.0000
2025-07-27 16:00:00,3335.5750,3335.5750,3335.5750,3335.5750,0.0000
2025-07-27 20:00:00,3335.5750,3337.1480,3316.9380,3333.3980,2.2865
2025-07-28 00:00:00,3333.3950,3343.1550,3327.4650,3343.0950,3.5062
2025-07-28 04:00:00,3343.0750,3345.1450,3333.7480,3334.7950,4.1179
2025-07-28 08:00:00,3334.7750,3340.5750,3332.0650,3336.2650,3.4175
2025-07-28 12:00:00,3336.3750,3338.1750,3301.4650,3314.5650,8.2097
2025-07-28 16:00:00,3314.4950,3318.7850,3308.6050,3317.0150,7.3839
2025-07-28 20:00:00,3317.0090,3318.3150,3310.1550,3312.4050,2.6139
2025-07-29 00:00:00,3312.3850,3320.6480,3307.8150,3312.3980,4.2120
2025-07-29 04:00:00,3312.4050,3322.1980,3308.8150,3316.8480,4.3808
2025-07-29 08:00:00,3316.8450,3329.7350,3314.6850,3315.0550,3.9958
2025-07-29 12:00:00,3315.0150,3333.9080,3311.6750,3320.5190,8.8644
2025-07-29 16:00:00,3320.4850,3330.6480,3318.8450,3324.8480,4.9980
2025-07-29 20:00:00,3324.9350,3328.9980,3324.5150,3327.1980,0.8827
2025-07-30 00:00:00,3327.1750,3333.5050,3321.6550,3328.2050,4.6759
2025-07-30 04:00:00,3328.2050,3332.0150,3322.7980,3327.5650,3.9025
2025-07-30 08:00:00,3327.5850,3333.8150,3323.7950,3330.6750,4.5942
2025-07-30 12:00:00,3330.6750,3331.7250,3288.4150,3290.2350,13.3918
2025-07-30 16:00:00,3290.2450,3304.7350,3267.9550,3269.1950,17.2342
2025-07-30 20:00:00,3269.2150,3285.6150,3268.7450,3285.0750,2.7205
2025-07-31 00:00:00,3285.0450,3298.4350,3282.5350,3294.8480,4.1471
2025-07-31 04:00:00,3294.7480,3309.5050,3293.4850,3304.4650,4.1155
2025-07-31 08:00:00,3304.4350,3314.7050,3293.5550,3305.9980,5.2385
2025-07-31 12:00:00,3305.8650,3310.9950,3291.0550,3295.2750,14.4445
2025-07-31 16:00:00,3295.2750,3298.2350,3289.4750,3290.7450,10.1902
2025-07-31 20:00:00,3290.7350,3294.9950,3287.8450,3288.3550,1.4657
2025-08-01 00:00:00,3288.3750,3296.8750,3281.4350,3291.1950,4.1860
2025-08-01 04:00:00,3291.1950,3300.1480,3284.9980,3286.6250,4.4413
2025-08-01 08:00:00,3286.5980,3302.9050,3285.1150,3300.1980,3.5788
2025-08-01 12:00:00,3300.2350,3354.9550,3297.2750,3348.3480,20.6059
2025-08-01 16:00:00,3348.3390,3361.0480,3340.2980,3356.9550,8.3796
2025-08-01 20:00:00,3356.9650,3363.4250,3356.7750,3362.4250,0.8199
2025-08-02 00:00:00,3362.4250,3362.4250,3362.4250,3362.4250,0.0000
2025-08-02 04:00:00,3362.4250,3362.4250,3362.4250,3362.4250,0.0000
2025-08-02 08:00:00,3362.4250,3362.4250,3362.4250,3362.4250,0.0000
2025-08-02 12:00:00,3362.4250,3362.4250,3362.4250,3362.4250,0.0000
2025-08-02 16:00:00,3362.4250,3362.4250,3362.4250,3362.4250,0.0000
2025-08-02 20:00:00,3362.4250,3362.4250,3362.4250,3362.4250,0.0000
2025-08-03 00:00:00,3362.4250,3362.4250,3362.4250,3362.4250,0.0000
2025-08-03 04:00:00,3362.4250,3362.4250,3362.4250,3362.4250,0.0000
2025-08-03 08:00:00,3362.4250,3362.4250,3362.4250,3362.4250,0.0000
2025-08-03 12:00:00,3362.4250,3362.4250,3362.4250,3362.4250,0.0000
2025-08-03 16:00:00,3362.4250,3362.4250,3362.4250,3362.4250,0.0000
2025-08-03 20:00:00,3362.4250,3369.0850,3354.3150,3361.8050,1.2549
2025-08-04 00:00:00,3361.7850,3362.1250,3344.7480,3360.0980,3.8784
2025-08-04 04:00:00,3360.0550,3362.4950,3351.4980,3355.6480,4.1641
2025-08-04 08:00:00,3355.6650,3370.5050,3352.6550,3370.1450,5.1648
2025-08-04 12:00:00,3370.1750,3385.2050,3360.8850,3374.0780,11.0648
2025-08-04 16:00:00,3374.0490,3377.9980,3370.3790,3375.8480,6.4454
2025-08-04 20:00:00,3375.8350,3379.4950,3372.5950,3377.1980,0.9759
2025-08-05 00:00:00,3377.1980,3382.1980,3371.8980,3371.8980,3.3501
2025-08-05 04:00:00,3371.8250,3375.3850,3365.5750,3373.5350,5.3486
2025-08-05 08:00:00,3373.5050,3374.4480,3349.6390,3351.1150,7.4242
2025-08-05 12:00:00,3351.0690,3389.9050,3349.6680,3389.3980,10.6687
2025-08-05 16:00:00,3389.3980,3390.2890,3376.6250,3378.8380,5.4465
2025-08-05 20:00:00,3378.8450,3383.7550,3377.9650,3383.0650,0.8788
2025-08-06 00:00:00,3383.0050,3385.0980,3372.9480,3374.3750,3.3257
2025-08-06 04:00:00,3374.4480,3378.4950,3368.8750,3373.4450,3.0173
2025-08-06 08:00:00,3373.4050,3374.6650,3358.0150,3365.0050,3.9912
2025-08-06 12:00:00,3365.0050,3379.7980,3360.0350,3377.2980,10.1557
2025-08-06 16:00:00,3377.2150,3379.2950,3368.8650,3371.4950,6.3360
2025-08-06 20:00:00,3371.4850,3374.3850,3366.9250,3369.9050,2.1321
2025-08-07 00:00:00,3369.9350,3384.0050,3364.8950,3379.4480,9.3576
2025-08-07 04:00:00,3379.4480,3397.1050,3371.4980,3395.9750,10.5002
2025-08-07 08:00:00,3396.0050,3396.4150,3371.5450,3378.0150,15.6578
2025-08-07 12:00:00,3378.0350,3393.6250,3373.5050,3389.9550,21.6524
2025-08-07 16:00:00,3389.9450,3400.4980,3384.1450,3399.5850,16.0674
2025-08-07 20:00:00,3399.5790,3408.6750,3387.1850,3400.1090,10.4400
2025-08-08 00:00:00,3400.1190,3402.3290,3380.8390,3395.6690,38.1321
2025-08-08 04:00:00,3395.3690,3403.9250,3388.3580,3401.7550,29.9643
2025-08-08 08:00:00,3401.4250,3402.4230,3380.0350,3385.7850,34.9801
2025-08-08 12:00:00,3385.8090,3401.5290,3380.8850,3395.1250,42.8623
2025-08-08 16:00:00,3395.2050,3404.2130,3373.2880,3398.1480,20.2181
2025-08-08 20:00:00,3398.1480,3398.7090,3390.8850,3398.5790,1.1600
2025-08-09 00:00:00,3398.5790,3398.5790,3398.5790,3398.5790,0.0000
2025-08-09 04:00:00,3398.5790,3398.5790,3398.5790,3398.5790,0.0000
2025-08-09 08:00:00,3398.5790,3398.5790,3398.5790,3398.5790,0.0000
2025-08-09 12:00:00,3398.5790,3398.5790,3398.5790,3398.5790,0.0000
2025-08-09 16:00:00,3398.5790,3398.5790,3398.5790,3398.5790,0.0000
2025-08-09 20:00:00,3398.5790,3398.5790,3398.5790,3398.5790,0.0000
2025-08-10 00:00:00,3398.5790,3398.5790,3398.5790,3398.5790,0.0000
2025-08-10 04:00:00,3398.5790,3398.5790,3398.5790,3398.5790,0.0000
2025-08-10 08:00:00,3398.5790,3398.5790,3398.5790,3398.5790,0.0000
2025-08-10 12:00:00,3398.5790,3398.5790,3398.5790,3398.5790,0.0000
2025-08-10 16:00:00,3398.5790,3398.5790,3398.5790,3398.5790,0.0000
2025-08-10 20:00:00,3398.5790,3404.7980,3389.3590,3391.2550,1.4793
2025-08-11 00:00:00,3391.2750,3391.4250,3367.2050,3378.0250,12.4310
2025-08-11 04:00:00,3378.0750,3379.8950,3356.8050,3359.9350,11.3697
2025-08-11 08:00:00,3359.9750,3365.6650,3349.5050,3355.1150,12.9114
2025-08-11 12:00:00,3355.0750,3362.6650,3341.2280,3349.2350,14.9263
2025-08-11 16:00:00,3349.2350,3358.7480,3340.8080,3351.4050,11.9847
2025-08-11 20:00:00,3351.4850,3351.6650,3341.1450,3348.8480,2.3921
2025-08-12 00:00:00,3348.8480,3357.2350,3345.9250,3349.2650,4.3065
2025-08-12 04:00:00,3349.2650,3357.9450,3341.8850,3355.4050,5.4168
2025-08-12 08:00:00,3355.3750,3355.5950,3335.9150,3347.3350,5.7513
2025-08-12 12:00:00,3347.3650,3359.1980,3330.8980,3349.6150,17.2595
2025-08-12 16:00:00,3349.6550,3351.0590,3345.4050,3347.4750,10.0157
2025-08-12 20:00:00,3347.4050,3353.5650,3345.8350,3350.4350,1.5811
2025-08-13 00:00:00,3350.4350,3354.1990,3342.4390,3349.4690,6.7620
2025-08-13 04:00:00,3349.4690,3360.7980,3345.3980,3354.3950,5.2366
2025-08-13 08:00:00,3354.2190,3366.8650,3352.5480,3362.1550,5.3923
2025-08-13 12:00:00,3362.2150,3370.5050,3353.8890,3357.5690,9.6973
2025-08-13 16:00:00,3357.5690,3360.7550,3349.7550,3357.6650,5.7996
2025-08-13 20:00:00,3357.6450,3363.2550,3355.1550,3362.5650,0.9814
2025-08-14 00:00:00,3362.5650,3374.5550,3355.2650,3360.3250,5.3494
2025-08-14 04:00:00,3360.3250,3366.2480,3343.3650,3345.8750,5.9172
2025-08-14 08:00:00,3345.8350,3358.9980,3341.2780,3355.2750,5.5454
2025-08-14 12:00:00,3355.2950,3358.2480,3333.9480,3341.5980,14.8373
2025-08-14 16:00:00,3341.5450,3341.9050,3329.6450,3337.8150,8.0378
2025-08-14 20:00:00,3337.8090,3338.3250,3331.9450,3335.2480,1.3765
2025-08-15 00:00:00,3335.2450,3344.6650,3332.1550,3343.1950,3.0867
2025-08-15 04:00:00,3343.1650,3348.5950,3339.9250,3346.1050,3.5249
2025-08-15 08:00:00,3346.0750,3348.1480,3336.0050,3342.1250,3.7679
2025-08-15 12:00:00,3342.1050,3345.8050,3332.7050,3342.1480,9.4413
2025-08-15 16:00:00,3342.1480,3342.2480,3334.2250,3338.9480,4.1209
2025-08-15 20:00:00,3338.9480,3339.3480,3334.6450,3334.6450,0.4847
2025-08-16 00:00:00,3334.6450,3334.6450,3334.6450,3334.6450,0.0000
2025-08-16 04:00:00,3334.6450,3334.6450,3334.6450,3334.6450,0.0000
2025-08-16 08:00:00,3334.6450,3334.6450,3334.6450,3334.6450,0.0000
2025-08-16 12:00:00,3334.6450,3334.6450,3334.6450,3334.6450,0.0000
2025-08-16 16:00:00,3334.6450,3334.6450,3334.6450,3334.6450,0.0000
2025-08-16 20:00:00,3334.6450,3334.6450,3334.6450,3334.6450,0.0000
2025-08-17 00:00:00,3334.6450,3334.6450,3334.6450,3334.6450,0.0000
2025-08-17 04:00:00,3334.6450,3334.6450,3334.6450,3334.6450,0.0000
2025-08-17 08:00:00,3334.6450,3334.6450,3334.6450,3334.6450,0.0000
2025-08-17 12:00:00,3334.6450,3334.6450,3334.6450,3334.6450,0.0000
2025-08-17 16:00:00,3334.6450,3334.6450,3334.6450,3334.6450,0.0000
2025-08-17 20:00:00,3334.6450,3338.8480,3323.3350,3326.8950,1.0675
2025-08-18 00:00:00,3326.9450,3351.5980,3326.6250,3346.8550,4.0023
2025-08-18 04:00:00,3346.8550,3358.2150,3345.9680,3348.7980,5.6621
2025-08-18 08:00:00,3348.7250,3351.5350,3344.2480,3345.1790,5.9067
2025-08-18 12:00:00,3345.4150,3348.6250,3332.0350,3335.4480,12.2839
2025-08-18 16:00:00,3335.4480,3335.6890,3330.0850,3333.3950,4.7882
2025-08-18 20:00:00,3333.3650,3334.5980,3330.3050,3330.7450,0.8158
2025-08-19 00:00:00,3330.7250,3341.3950,3325.8850,3337.5980,5.1266
2025-08-19 04:00:00,3337.5250,3341.6480,3334.2450,3340.5980,4.0710
2025-08-19 08:00:00,3340.5980,3345.1650,3336.2980,3339.4980,7.3995
2025-08-19 12:00:00,3339.5050,3340.3480,3320.7780,3322.4980,9.6001
2025-08-19 16:00:00,3322.4980,3324.2450,3314.7750,3315.7350,3.2031
2025-08-19 20:00:00,3315.6950,3317.3650,3312.6650,3314.1350,1.2075
2025-08-20 00:00:00,3313.9350,3318.3750,3311.2550,3317.3450,4.7114
2025-08-20 04:00:00,3317.3250,3327.2950,3317.0450,3324.6490,5.1951
2025-08-20 08:00:00,3324.6790,3332.7380,3320.7480,3332.0950,8.1240
2025-08-20 12:00:00,3332.2750,3350.1980,3331.8650,3340.5450,7.1098
2025-08-20 16:00:00,3340.5550,3349.0750,3340.5550,3348.6480,5.0930
2025-08-20 20:00:00,3348.5480,3351.9350,3346.1850,3346.7650,1.2401
2025-08-21 00:00:00,3346.7350,3346.7350,3339.4550,3339.6980,3.4757
2025-08-21 04:00:00,3339.5050,3341.3350,3334.0080,3339.4950,3.0567
2025-08-21 08:00:00,3339.4750,3342.0250,3324.9480,3333.4450,3.7568
2025-08-21 12:00:00,3333.5250,3347.9350,3333.5250,3343.4650,8.5411
2025-08-21 16:00:00,3343.4550,3343.7550,3336.4250,3338.6150,3.8895
2025-08-21 20:00:00,3338.5950,3340.4350,3337.2150,3338.1850,0.7332
2025-08-22 00:00:00,3338.1450,3340.0750,3331.5750,3331.7650,3.6376
2025-08-22 04:00:00,3331.8550,3334.9350,3325.5250,3327.2950,4.4400
2025-08-22 08:00:00,3327.2750,3331.5950,3325.1650,3329.2150,4.6075
2025-08-22 12:00:00,3329.2150,3378.5850,3321.0450,3367.6480,13.4003
2025-08-22 16:00:00,3367.6480,3375.3650,3367.6480,3373.0980,5.9522
2025-08-22 20:00:00,3372.9980,3373.3980,3369.9250,3371.2350,0.4875
2025-08-23 00:00:00,3371.2350,3371.2350,3371.2350,3371.2350,0.0000
2025-08-23 04:00:00,3371.2350,3371.2350,3371.2350,3371.2350,0.0000
2025-08-23 08:00:00,3371.2350,3371.2350,3371.2350,3371.2350,0.0000
2025-08-23 12:00:00,3371.2350,3371.2350,3371.2350,3371.2350,0.0000
2025-08-23 16:00:00,3371.2350,3371.2350,3371.2350,3371.2350,0.0000
2025-08-23 20:00:00,3371.2350,3371.2350,3371.2350,3371.2350,0.0000
2025-08-24 00:00:00,3371.2350,3371.2350,3371.2350,3371.2350,0.0000
2025-08-24 04:00:00,3371.2350,3371.2350,3371.2350,3371.2350,0.0000
2025-08-24 08:00:00,3371.2350,3371.2350,3371.2350,3371.2350,0.0000
2025-08-24 12:00:00,3371.2350,3371.2350,3371.2350,3371.2350,0.0000
2025-08-24 16:00:00,3371.2350,3371.2350,3371.2350,3371.2350,0.0000
2025-08-24 20:00:00,3371.2350,3371.6980,3365.6850,3368.8650,0.7524
2025-08-25 00:00:00,3368.8450,3369.4150,3359.4950,3367.1450,2.6477
2025-08-25 04:00:00,3367.1450,3369.6950,3362.9150,3365.9980,2.2902
2025-08-25 08:00:00,3365.9980,3371.3750,3361.8250,3370.3350,2.4897
2025-08-25 12:00:00,3370.3850,3376.1350,3361.9050,3373.8550,6.3961
2025-08-25 16:00:00,3373.8650,3374.6750,3365.0050,3365.2250,3.1518
2025-08-25 20:00:00,3365.2250,3367.0050,3351.4350,3354.6480,1.9319
2025-08-26 00:00:00,3354.7250,3386.4250,3351.1750,3372.0580,9.4604
2025-08-26 04:00:00,3372.0150,3378.9550,3366.9850,3376.6350,4.8695
2025-08-26 08:00:00,3376.6650,3380.2350,3367.0450,3377.3750,5.1464
2025-08-26 12:00:00,3377.4050,3389.1750,3370.1150,3386.3480,7.9681
2025-08-26 16:00:00,3386.3480,3390.6750,3380.1150,3389.5480,4.3844
2025-08-26 20:00:00,3389.5480,3394.1950,3388.5750,3390.6480,1.1408
2025-08-27 00:00:00,3390.5750,3393.2950,3380.3050,3380.4850,6.3437
2025-08-27 04:00:00,3380.5350,3381.8050,3373.6650,3381.3550,5.5318
2025-08-27 08:00:00,3381.3350,3385.3250,3373.7250,3376.6250,5.1651
2025-08-27 12:00:00,3376.5950,3390.1580,3374.0950,3387.7950,5.6116
2025-08-27 16:00:00,3387.7950,3398.5690,3387.3250,3395.9450,5.5249
2025-08-27 20:00:00,3396.0750,3399.1750,3393.9950,3395.4650,1.4917
2025-08-28 00:00:00,3395.4850,3397.8750,3384.4450,3389.9950,6.7575
2025-08-28 04:00:00,3389.9550,3397.5550,3387.4150,3395.6550,3.6554
2025-08-28 08:00:00,3395.5050,3407.4850,3393.5550,3403.8850,8.1390
2025-08-28 12:00:00,3403.8950,3413.3450,3393.8350,3410.7980,7.9553
2025-08-28 16:00:00,3410.7980,3423.0690,3409.7650,3421.9350,8.1336
2025-08-28 20:00:00,3421.9350,3422.3090,3414.5080,3414.5080,2.4375
2025-08-29 00:00:00,3414.5080,3417.6450,3407.6950,3410.6750,9.1233
2025-08-29 04:00:00,3410.6550,3412.5150,3406.2150,3412.0550,6.1318
2025-08-29 08:00:00,3412.0750,3414.6350,3404.1850,3410.6050,4.7231
2025-08-29 12:00:00,3410.6050,3447.4350,3406.5250,3445.2450,13.5328
2025-08-29 16:00:00,3445.2350,3453.5650,3440.5580,3452.4980,9.6831
2025-08-29 20:00:00,3452.4980,3452.5150,3444.8450,3446.8050,1.3660
2025-08-30 00:00:00,3446.8050,3446.8050,3446.8050,3446.8050,0.0000
2025-08-30 04:00:00,3446.8050,3446.8050,3446.8050,3446.8050,0.0000
2025-08-30 08:00:00,3446.8050,3446.8050,3446.8050,3446.8050,0.0000
2025-08-30 12:00:00,3446.8050,3446.8050,3446.8050,3446.8050,0.0000
2025-08-30 16:00:00,3446.8050,3446.8050,3446.8050,3446.8050,0.0000
2025-08-30 20:00:00,3446.8050,3446.8050,3446.8050,3446.8050,0.0000
2025-08-31 00:00:00,3446.8050,3446.8050,3446.8050,3446.8050,0.0000
2025-08-31 04:00:00,3446.8050,3446.8050,3446.8050,3446.8050,0.0000
2025-08-31 08:00:00,3446.8050,3446.8050,3446.8050,3446.8050,0.0000
2025-08-31 12:00:00,3446.8050,3446.8050,3446.8050,3446.8050,0.0000
2025-08-31 16:00:00,3446.8050,3446.8050,3446.8050,3446.8050,0.0000
2025-08-31 20:00:00,3446.8050,3452.2550,3441.8250,3447.6850,1.4974
2025-09-01 00:00:00,3447.6850,3485.7980,3436.5480,3474.3650,16.0688
2025-09-01 04:00:00,3474.4050,3489.5950,3467.2950,3477.6750,8.5545
2025-09-01 08:00:00,3477.6950,3479.6550,3465.9050,3469.8950,5.5378
2025-09-01 12:00:00,3469.8750,3481.1650,3466.9850,3473.9050,4.7509
2025-09-01 16:00:00,3473.9050,3478.7850,3472.1450,3476.2250,1.4057
2025-09-01 20:00:00,3476.2250,3480.9980,3473.8780,3478.9650,1.6607
2025-09-02 00:00:00,3478.9150,3508.2280,3476.6250,3494.8750,11.6622
2025-09-02 04:00:00,3494.8350,3498.1150,3471.9150,3476.6050,11.9535
2025-09-02 08:00:00,3476.6150,3489.8450,3469.8050,3489.5950,6.4631
2025-09-02 12:00:00,3489.5750,3520.2150,3474.1350,3520.2150,18.9735
2025-09-02 16:00:00,3520.2050,3539.8490,3517.8450,3536.6980,12.7184
2025-09-02 20:00:00,3536.6980,3537.5480,3525.8480,3529.6980,3.0199
2025-09-03 00:00:00,3529.6980,3546.3980,3527.7480,3530.6350,10.6083
2025-09-03 04:00:00,3530.6650,3538.0650,3526.5080,3533.7250,7.9684
2025-09-03 08:00:00,3533.6750,3549.3850,3532.0650,3547.4250,6.5444
2025-09-03 12:00:00,3547.4050,3567.1850,3541.1050,3563.7350,12.6368
2025-09-03 16:00:00,3563.6980,3578.1750,3561.0350,3563.4150,9.1759
2025-09-03 20:00:00,3563.4150,3565.9550,3554.2050,3560.1750,5.3892
2025-09-04 00:00:00,3560.2150,3563.1480,3510.4250,3528.8550,10.9258
2025-09-04 04:00:00,3528.8350,3541.4750,3524.1450,3540.9150,5.6237
2025-09-04 08:00:00,3540.8650,3549.6550,3536.1980,3545.3750,5.0007
2025-09-04 12:00:00,3545.1950,3558.4650,3534.5480,3552.6980,13.3091
2025-09-04 16:00:00,3552.6980,3555.8650,3542.3550,3549.5050,4.7404
2025-09-04 20:00:00,3549.5550,3554.2050,3539.7150,3552.4150,2.2408
2025-09-05 00:00:00,3552.3950,3558.8550,3545.5150,3558.1350,7.6731
2025-09-05 04:00:00,3558.1850,3560.9650,3546.4450,3548.0250,4.7913
2025-09-05 08:00:00,3547.8950,3554.9850,3544.6050,3553.0750,3.2614
2025-09-05 12:00:00,3553.1750,3597.5580,3548.6250,3591.8250,20.3284
2025-09-05 16:00:00,3591.7850,3599.9050,3590.1850,3594.4980,9.6555
2025-09-05 20:00:00,3594.4980,3594.9550,3585.1950,3585.1950,1.2472
2025-09-06 00:00:00,3585.1950,3585.1950,3585.1950,3585.1950,0.0000
2025-09-06 04:00:00,3585.1950,3585.1950,3585.1950,3585.1950,0.0000
2025-09-06 08:00:00,3585.1950,3585.1950,3585.1950,3585.1950,0.0000
2025-09-06 12:00:00,3585.1950,3585.1950,3585.1950,3585.1950,0.0000
2025-09-06 16:00:00,3585.1950,3585.1950,3585.1950,3585.1950,0.0000
2025-09-06 20:00:00,3585.1950,3585.1950,3585.1950,3585.1950,0.0000
2025-09-07 00:00:00,3585.1950,3585.1950,3585.1950,3585.1950,0.0000
2025-09-07 04:00:00,3585.1950,3585.1950,3585.1950,3585.1950,0.0000
2025-09-07 08:00:00,3585.1950,3585.1950,3585.1950,3585.1950,0.0000
2025-09-07 12:00:00,3585.1950,3585.1950,3585.1950,3585.1950,0.0000
2025-09-07 16:00:00,3585.1950,3585.1950,3585.1950,3585.1950,0.0000
2025-09-07 20:00:00,3585.1950,3596.3490,3577.6980,3590.7980,4.6801
2025-09-08 00:00:00,3590.7980,3596.8150,3582.6650,3583.1350,11.6184
2025-09-08 04:00:00,3583.1550,3613.3950,3579.3650,3609.1850,6.2877
2025-09-08 08:00:00,3609.1550,3622.2450,3607.0150,3619.6550,5.3188
2025-09-08 12:00:00,3619.6350,3646.1150,3614.3850,3639.1550,12.5076
2025-09-08 16:00:00,3639.1550,3641.4080,3631.7650,3636.3850,5.8900
2025-09-08 20:00:00,3636.3850,3637.8480,3628.0350,3634.7350,2.6390
2025-09-09 00:00:00,3634.6950,3654.4480,3633.3050,3645.6850,8.0328
2025-09-09 04:00:00,3645.7350,3659.1250,3636.3750,3644.1380,8.1247
2025-09-09 08:00:00,3644.1380,3656.4950,3641.6450,3647.7950,6.8650
2025-09-09 12:00:00,3647.8450,3673.6450,3626.6650,3645.3650,15.1650
2025-09-09 16:00:00,3645.3550,3649.1980,3628.3350,3629.1850,6.2552
2025-09-09 20:00:00,3629.1550,3640.4980,3618.5050,3633.3550,3.2853
2025-09-10 00:00:00,3633.3850,3638.0480,3619.9650,3636.3650,5.9349
2025-09-10 04:00:00,3636.3750,3648.2850,3636.3750,3643.8150,4.2131
2025-09-10 08:00:00,3643.8550,3657.2380,3641.7350,3648.8580,4.1775
2025-09-10 12:00:00,3648.8580,3656.5650,3638.3180,3644.3950,10.3404
2025-09-10 16:00:00,3644.3650,3649.5980,3635.0650,3641.7850,4.3315
2025-09-10 20:00:00,3641.7750,3645.3450,3637.6450,3644.6850,1.6122
2025-09-11 00:00:00,3644.7050,3648.8950,3629.7150,3631.7950,5.4459
2025-09-11 04:00:00,3631.9250,3637.7050,3622.3950,3629.7050,5.0247
2025-09-11 08:00:00,3629.6850,3631.5850,3613.9450,3616.5650,6.4461
2025-09-11 12:00:00,3616.5950,3643.8480,3611.4650,3632.9350,13.1332
2025-09-11 16:00:00,3632.9350,3641.7750,3630.2250,3636.6850,7.2647
2025-09-11 20:00:00,3636.6050,3638.0750,3631.2650,3631.5950,1.2367
2025-09-12 00:00:00,3631.5750,3653.0650,3630.2950,3652.7350,5.0843
2025-09-12 04:00:00,3652.7050,3656.4350,3647.6450,3648.1450,3.8145
2025-09-12 08:00:00,3648.1250,3651.9750,3637.3750,3646.8550,4.3737
2025-09-12 12:00:00,3646.8750,3654.1850,3637.8480,3644.2850,10.4420
2025-09-12 16:00:00,3644.2750,3650.5550,3642.3950,3644.0550,3.8591
2025-09-12 20:00:00,3643.9950,3645.1450,3640.7750,3642.6350,1.2817
2025-09-13 00:00:00,3642.6350,3642.6350,3642.6350,3642.6350,0.0000
2025-09-13 04:00:00,3642.6350,3642.6350,3642.6350,3642.6350,0.0000
2025-09-13 08:00:00,3642.6350,3642.6350,3642.6350,3642.6350,0.0000
2025-09-13 12:00:00,3642.6350,3642.6350,3642.6350,3642.6350,0.0000
2025-09-13 16:00:00,3642.6350,3642.6350,3642.6350,3642.6350,0.0000
2025-09-13 20:00:00,3642.6350,3642.6350,3642.6350,3642.6350,0.0000
2025-09-14 00:00:00,3642.6350,3642.6350,3642.6350,3642.6350,0.0000
2025-09-14 04:00:00,3642.6350,3642.6350,3642.6350,3642.6350,0.0000
2025-09-14 08:00:00,3642.6350,3642.6350,3642.6350,3642.6350,0.0000
2025-09-14 12:00:00,3642.6350,3642.6350,3642.6350,3642.6350,0.0000
2025-09-14 16:00:00,3642.6350,3642.6350,3642.6350,3642.6350,0.0000
2025-09-14 20:00:00,3642.6350,3646.0480,3636.6650,3637.9650,1.1273
2025-09-15 00:00:00,3637.9550,3646.2050,3626.1480,3645.8850,5.4895
2025-09-15 04:00:00,3645.9150,3646.7150,3633.4690,3643.6950,4.9151
2025-09-15 08:00:00,3643.6050,3646.6150,3635.5480,3642.3950,3.9445
2025-09-15 12:00:00,3642.4150,3681.6350,3636.5980,3680.1950,8.2887
2025-09-15 16:00:00,3680.2250,3685.3450,3674.4350,3680.7350,7.8958
2025-09-15 20:00:00,3680.7350,3681.8980,3675.8350,3676.5980,1.8869
2025-09-16 00:00:00,3676.5980,3689.1690,3674.4550,3680.8250,5.6475
2025-09-16 04:00:00,3680.9550,3694.0150,3679.9950,3686.2250,4.8261
2025-09-16 08:00:00,3686.2250,3699.3650,3685.9350,3697.0150,5.5859
2025-09-16 12:00:00,3697.0850,3702.8280,3678.6250,3686.0850,18.5185
2025-09-16 16:00:00,3686.0650,3691.0450,3684.4850,3689.4250,6.4775
2025-09-16 20:00:00,3689.3850,3695.0550,3688.7550,3694.0850,1.2947
2025-09-17 00:00:00,3694.0650,3695.1850,3674.2080,3681.5150,10.3307
2025-09-17 04:00:00,3681.5350,3685.7050,3666.4350,3666.7850,8.3834
2025-09-17 08:00:00,3666.7580,3670.8450,3659.8150,3665.7850,5.1617
2025-09-17 12:00:00,3665.8350,3687.0050,3665.4450,3684.0150,8.0224
2025-09-17 16:00:00,3684.0350,3707.3080,3645.7650,3661.4980,15.1053
2025-09-17 20:00:00,3661.4650,3671.7350,3652.4050,3668.7480,2.3396
2025-09-18 00:00:00,3668.8350,3669.6350,3651.5650,3658.3750,8.0072
2025-09-18 04:00:00,3658.4550,3659.6950,3633.4850,3658.7850,8.0677
2025-09-18 08:00:00,3658.8350,3672.7850,3653.5150,3666.9450,4.6083
2025-09-18 12:00:00,3666.9650,3672.2480,3627.4650,3641.0850,11.6065
2025-09-18 16:00:00,3641.0950,3647.0450,3640.2350,3646.3650,5.8470
2025-09-18 20:00:00,3646.4480,3646.9050,3637.6050,3639.8950,1.1923
2025-09-19 00:00:00,3639.9850,3656.0850,3631.9380,3653.5050,6.6975
2025-09-19 04:00:00,3653.5250,3661.0250,3643.0250,3653.7550,7.7112
2025-09-19 08:00:00,3653.7350,3658.9950,3645.4950,3648.2750,3.5176
2025-09-19 12:00:00,3648.2950,3675.6950,3643.4950,3670.6250,9.7218
2025-09-19 16:00:00,3670.6550,3685.0890,3666.3550,3684.2390,7.9612
2025-09-19 20:00:00,3684.2790,3684.7480,3680.7650,3684.4890,1.0267
2025-09-20 00:00:00,3684.4890,3684.4890,3684.4890,3684.4890,0.0000
2025-09-20 04:00:00,3684.4890,3684.4890,3684.4890,3684.4890,0.0000
2025-09-20 08:00:00,3684.4890,3684.4890,3684.4890,3684.4890,0.0000
2025-09-20 12:00:00,3684.4890,3684.4890,3684.4890,3684.4890,0.0000
2025-09-20 16:00:00,3684.4890,3684.4890,3684.4890,3684.4890,0.0000
2025-09-20 20:00:00,3684.4890,3684.4890,3684.4890,3684.4890,0.0000
2025-09-21 00:00:00,3684.4890,3684.4890,3684.4890,3684.4890,0.0000
2025-09-21 04:00:00,3684.4890,3684.4890,3684.4890,3684.4890,0.0000
2025-09-21 08:00:00,3684.4890,3684.4890,3684.4890,3684.4890,0.0000
2025-09-21 12:00:00,3684.4890,3684.4890,3684.4890,3684.4890,0.0000
2025-09-21 16:00:00,3684.4890,3684.4890,3684.4890,3684.4890,0.0000
2025-09-21 20:00:00,3684.4890,3691.8950,3683.3650,3686.0650,1.9893
2025-09-22 00:00:00,3686.0850,3697.3050,3685.2350,3695.2650,6.7433
2025-09-22 04:00:00,3695.2650,3719.6450,3689.7950,3713.0450,6.1133
2025-09-22 08:00:00,3713.0050,3728.1450,3712.2250,3724.4750,5.1310
2025-09-22 12:00:00,3724.5250,3736.2150,3711.8980,3736.0350,12.3600
2025-09-22 16:00:00,3736.0050,3748.5350,3734.9550,3747.5050,5.4286
2025-09-22 20:00:00,3747.4180,3748.9480,3737.7280,3747.5980,1.8942
2025-09-23 00:00:00,3747.5980,3759.0350,3736.4550,3746.4150,9.3944
2025-09-23 04:00:00,3746.3950,3758.6150,3743.0250,3753.1650,8.5603
2025-09-23 08:00:00,3753.1250,3790.8650,3752.9050,3783.3750,8.0288
2025-09-23 12:00:00,3783.3950,3788.6480,3767.1850,3779.1150,10.7004
2025-09-23 16:00:00,3779.3350,3785.5150,3751.8050,3764.1550,9.1980
2025-09-23 20:00:00,3764.1650,3769.8480,3761.3590,3763.5350,1.9484
2025-09-24 00:00:00,3763.5050,3771.5450,3750.3290,3765.1650,9.1348
2025-09-24 04:00:00,3765.1350,3778.9980,3763.0550,3777.2150,6.1412
2025-09-24 08:00:00,3777.2450,3777.6050,3759.4750,3768.8750,4.5149
2025-09-24 12:00:00,3768.8550,3772.7480,3739.5350,3740.9950,10.6764
2025-09-24 16:00:00,3740.9650,3745.1050,3717.3480,3729.8580,11.7464
2025-09-24 20:00:00,3729.8580,3745.1250,3729.7650,3742.8150,1.9368
2025-09-25 00:00:00,3742.7750,3751.3480,3729.3650,3736.4250,8.4290
2025-09-25 04:00:00,3736.4250,3754.7750,3731.5480,3752.0950,6.0760
2025-09-25 08:00:00,3752.0650,3761.4250,3740.9450,3752.8550,7.0755
2025-09-25 12:00:00,3752.8850,3755.6850,3721.9150,3735.7750,13.5634
2025-09-25 16:00:00,3735.7550,3758.0550,3732.1750,3746.4050,9.2185
2025-09-25 20:00:00,3746.4050,3752.3150,3737.7550,3744.4750,2.2724
2025-09-26 00:00:00,3744.4450,3753.0350,3734.2750,3745.3350,8.4306
2025-09-26 04:00:00,3745.3750,3753.8450,3739.0150,3747.8550,6.4502
2025-09-26 08:00:00,3747.8850,3754.9750,3742.7550,3748.4950,4.5999
2025-09-26 12:00:00,3748.5150,3783.5950,3746.1350,3780.2450,13.6401
2025-09-26 16:00:00,3780.2350,3783.0450,3764.3450,3766.5250,8.1327
2025-09-26 20:00:00,3766.4750,3769.4150,3758.9480,3759.0050,1.1198
2025-09-27 00:00:00,3759.0050,3759.0050,3759.0050,3759.0050,0.0000
2025-09-27 04:00:00,3759.0050,3759.0050,3759.0050,3759.0050,0.0000
2025-09-27 08:00:00,3759.0050,3759.0050,3759.0050,3759.0050,0.0000
2025-09-27 12:00:00,3759.0050,3759.0050,3759.0050,3759.0050,0.0000
2025-09-27 16:00:00,3759.0050,3759.0050,3759.0050,3759.0050,0.0000
2025-09-27 20:00:00,3759.0050,3759.0050,3759.0050,3759.0050,0.0000
2025-09-28 00:00:00,3759.0050,3759.0050,3759.0050,3759.0050,0.0000
2025-09-28 04:00:00,3759.0050,3759.0050,3759.0050,3759.0050,0.0000
2025-09-28 08:00:00,3759.0050,3759.0050,3759.0050,3759.0050,0.0000
2025-09-28 12:00:00,3759.0050,3759.0050,3759.0050,3759.0050,0.0000
2025-09-28 16:00:00,3759.0050,3759.0050,3759.0050,3759.0050,0.0000
2025-09-28 20:00:00,3759.0050,3772.2850,3755.8980,3766.6480,1.2654
2025-09-29 00:00:00,3766.6480,3799.2450,3763.6650,3794.1550,8.4741
2025-09-29 04:00:00,3794.1350,3819.5750,3792.2950,3805.9980,7.4474
2025-09-29 08:00:00,3805.9980,3831.2050,3805.9980,3828.7350,5.7001
2025-09-29 12:00:00,3828.7550,3833.0450,3809.0850,3830.2150,12.9948
2025-09-29 16:00:00,3830.2350,3833.3050,3822.3750,3828.6150,8.5530
2025-09-29 20:00:00,3828.5450,3834.0050,3825.4150,3832.6550,2.2825
2025-09-30 00:00:00,3832.6850,3867.0150,3830.7980,3864.4650,7.7752
2025-09-30 04:00:00,3864.5550,3871.5050,3839.1950,3843.6450,11.4653
2025-09-30 08:00:00,3843.6750,3847.0350,3792.8750,3815.0450,10.3470
2025-09-30 12:00:00,3815.0450,3854.4350,3808.7450,3838.7650,13.5132
2025-09-30 16:00:00,3838.6150,3860.5350,3837.6480,3858.7980,7.1247
2025-09-30 20:00:00,3858.8980,3862.8650,3850.3650,3862.7650,2.3469
2025-10-01 00:00:00,3862.7750,3875.2950,3855.3850,3861.8750,6.7827
2025-10-01 04:00:00,3861.8750,3879.5180,3853.0550,3878.9950,5.9322
2025-10-01 08:00:00,3879.0350,3895.1450,3877.7980,3883.4150,5.9689
2025-10-01 12:00:00,3883.4850,3890.8980,3856.3150,3868.3150,12.9771
2025-10-01 16:00:00,3868.3050,3871.6750,3854.8850,3867.4980,8.6605
2025-10-01 20:00:00,3867.4980,3870.2050,3857.3750,3863.1650,3.0816
2025-10-02 00:00:00,3863.1950,3869.8480,3852.6350,3866.2350,5.4056
2025-10-02 04:00:00,3866.2550,3874.6150,3861.5180,3868.2980,5.5148
2025-10-02 08:00:00,3868.2980,3886.4480,3864.4950,3886.0480,5.4027
2025-10-02 12:00:00,3886.0480,3896.9580,3819.0950,3828.0150,14.7677
2025-10-02 16:00:00,3827.9780,3858.8950,3826.9850,3855.3450,9.6075
2025-10-02 20:00:00,3855.3550,3863.4550,3851.7950,3862.1450,1.9400
2025-10-03 00:00:00,3862.1050,3862.5150,3837.7850,3842.5750,4.8157
2025-10-03 04:00:00,3842.5350,3865.0950,3841.4150,3864.1050,3.5862
2025-10-03 08:00:00,3864.0850,3867.5250,3854.5480,3861.8850,6.7135
2025-10-03 12:00:00,3861.9150,3891.4750,3860.3350,3889.2750,12.6027
2025-10-03 16:00:00,3889.2850,3889.5350,3877.0550,3885.5550,11.6428
2025-10-03 20:00:00,3885.5550,3886.9850,3882.6980,3886.8250,0.8935
2025-10-04 00:00:00,3886.8250,3886.8250,3886.8250,3886.8250,0.0000
2025-10-04 04:00:00,3886.8250,3886.8250,3886.8250,3886.8250,0.0000
2025-10-04 08:00:00,3886.8250,3886.8250,3886.8250,3886.8250,0.0000
2025-10-04 12:00:00,3886.8250,3886.8250,3886.8250,3886.8250,0.0000
2025-10-04 16:00:00,3886.8250,3886.8250,3886.8250,3886.8250,0.0000
2025-10-04 20:00:00,3886.8250,3886.8250,3886.8250,3886.8250,0.0000
2025-10-05 00:00:00,3886.8250,3886.8250,3886.8250,3886.8250,0.0000
2025-10-05 04:00:00,3886.8250,3886.8250,3886.8250,3886.8250,0.0000
2025-10-05 08:00:00,3886.8250,3886.8250,3886.8250,3886.8250,0.0000
2025-10-05 12:00:00,3886.8250,3886.8250,3886.8250,3886.8250,0.0000
2025-10-05 16:00:00,3886.8250,3886.8250,3886.8250,3886.8250,0.0000
2025-10-05 20:00:00,3886.8250,3920.4850,3883.2480,3909.3550,3.8438
2025-10-06 00:00:00,3909.4250,3931.8050,3898.6580,3929.3750,6.6534
2025-10-06 04:00:00,3929.3750,3944.9550,3922.2350,3941.3250,8.4638
2025-10-06 08:00:00,3941.4050,3949.3050,3930.8750,3938.0050,7.7284
2025-10-06 12:00:00,3937.9850,3963.9550,3926.4450,3962.2750,12.1236
2025-10-06 16:00:00,3962.2850,3969.9250,3945.6480,3959.2450,8.2233
2025-10-06 20:00:00,3959.2250,3975.9250,3957.0150,3969.2480,4.1709
2025-10-07 00:00:00,3969.2480,3977.1250,3955.5850,3973.2450,6.6339
2025-10-07 04:00:00,3973.2150,3976.7650,3943.1480,3945.7250,7.5908
2025-10-07 08:00:00,3945.6150,3968.9650,3940.6850,3966.8250,6.1257
2025-10-07 12:00:00,3966.8650,3990.8450,3961.5550,3965.8980,15.5450
2025-10-07 16:00:00,3965.8980,3987.5050,3962.8350,3979.9150,11.6671
2025-10-07 20:00:00,3979.9150,3995.7750,3979.9080,3994.1450,2.6062
2025-10-08 00:00:00,3994.0980,4016.3450,3984.0450,4014.4980,6.7764
2025-10-08 04:00:00,4014.5980,4038.8850,4014.3480,4034.0550,7.1774
2025-10-08 08:00:00,4033.9750,4049.3980,4030.5250,4037.7950,6.7217
2025-10-08 12:00:00,4037.7950,4050.3250,4026.0550,4045.5150,12.5790
2025-10-08 16:00:00,4045.4950,4059.0980,4031.8750,4044.5550,12.3383
2025-10-08 20:00:00,4044.6250,4046.4550,4001.0250,4011.4650,5.4456
2025-10-09 00:00:00,4011.4480,4036.1350,4002.3950,4026.5850,9.8469
2025-10-09 04:00:00,4026.6150,4043.4050,4022.3650,4031.3750,7.5065
2025-10-09 08:00:00,4031.3350,4046.4550,4030.1280,4044.2350,5.3223
2025-10-09 12:00:00,4044.2050,4057.7650,4003.7650,4014.3950,22.3795
2025-10-09 16:00:00,4014.2850,4021.4980,3943.7880,3972.8950,16.7773
2025-10-09 20:00:00,3972.9850,3990.7150,3957.9550,3989.5480,2.9927
2025-10-10 00:00:00,3989.3990,3994.1750,3960.4980,3961.4990,8.7477
2025-10-10 04:00:00,3961.4990,3977.5750,3946.6750,3971.7050,9.6640
2025-10-10 08:00:00,3971.7250,4006.3850,3969.9350,3986.8450,9.6175
2025-10-10 12:00:00,3986.8350,4022.7480,3970.4850,3997.5250,16.1901
2025-10-10 16:00:00,3997.6050,4021.0750,3974.8450,4011.0150,14.5076
2025-10-10 20:00:00,4011.0550,4020.5950,4005.4650,4017.8450,2.2114
2025-10-11 00:00:00,4017.8450,4017.8450,4017.8450,4017.8450,0.0000
2025-10-11 04:00:00,4017.8450,4017.8450,4017.8450,4017.8450,0.0000
2025-10-11 08:00:00,4017.8450,4017.8450,4017.8450,4017.8450,0.0000
2025-10-11 12:00:00,4017.8450,4017.8450,4017.8450,4017.8450,0.0000
2025-10-11 16:00:00,4017.8450,4017.8450,4017.8450,4017.8450,0.0000
2025-10-11 20:00:00,4017.8450,4017.8450,4017.8450,4017.8450,0.0000
2025-10-12 00:00:00,4017.8450,4017.8450,4017.8450,4017.8450,0.0000
2025-10-12 04:00:00,4017.8450,4017.8450,4017.8450,4017.8450,0.0000
2025-10-12 08:00:00,4017.8450,4017.8450,4017.8450,4017.8450,0.0000
2025-10-12 12:00:00,4017.8450,4017.8450,4017.8450,4017.8450,0.0000
2025-10-12 16:00:00,4017.8450,4017.8450,4017.8450,4017.8450,0.0000
2025-10-12 20:00:00,4017.8450,4059.9380,4000.5350,4034.7050,5.0132
2025-10-13 00:00:00,4034.8850,4059.4250,4024.2950,4051.7280,10.0742
2025-10-13 04:00:00,4051.7280,4077.7480,4050.6750,4070.7050,9.2238
2025-10-13 08:00:00,4070.6550,4085.0650,4068.7150,4073.7450,6.1995
2025-10-13 12:00:00,4073.7850,4107.1580,4072.9650,4104.6750,10.1957
2025-10-13 16:00:00,4104.7350,4117.0050,4090.5650,4108.3850,10.5861
2025-10-13 20:00:00,4108.4450,4131.7480,4105.8050,4127.7980,3.4328
2025-10-14 00:00:00,4127.8980,4166.0650,4119.0650,4162.8850,10.8757
2025-10-14 04:00:00,4162.7850,4179.3550,4089.8050,4126.1750,16.1323
2025-10-14 08:00:00,4126.1550,4144.8980,4121.2880,4130.1550,10.8082
2025-10-14 12:00:00,4130.1750,4142.3480,4097.5980,4137.6750,14.6558
2025-10-14 16:00:00,4137.6950,4155.0750,4127.5550,4141.3550,12.8344
2025-10-14 20:00:00,4141.4950,4166.9550,4139.1650,4161.3250,3.3262
2025-10-15 00:00:00,4161.3050,4190.5150,4153.4650,4186.8150,8.8311
2025-10-15 04:00:00,4186.9050,4209.6450,4172.8480,4207.5450,6.1785
2025-10-15 08:00:00,4207.5950,4217.9950,4163.1490,4198.4650,8.6194
2025-10-15 12:00:00,4198.4980,4212.1350,4175.7790,4190.3480,17.9978
2025-10-15 16:00:00,4190.3480,4213.2850,4182.3450,4210.0150,15.8315
2025-10-15 20:00:00,4210.0980,4215.5550,4199.2850,4209.2850,4.7587
2025-10-16 00:00:00,4209.2850,4241.9550,4204.6980,4233.5450,9.7669
2025-10-16 04:00:00,4233.2350,4239.1850,4203.1750,4230.4550,9.3615
2025-10-16 08:00:00,4230.4850,4247.3550,4221.6650,4240.2650,7.6877
2025-10-16 12:00:00,4240.2650,4275.7480,4227.1850,4273.3450,15.0261
2025-10-16 16:00:00,4273.3750,4312.6480,4261.2150,4307.0250,16.9708
2025-10-16 20:00:00,4307.1350,4379.1250,4307.0980,4365.2250,8.2203
2025-10-17 00:00:00,4365.2050,4371.4450,4278.2950,4366.5250,14.4758
2025-10-17 04:00:00,4366.5550,4378.4550,4308.2350,4342.0850,12.4721
2025-10-17 08:00:00,4342.1650,4349.5050,4286.4350,4286.7950,15.7629
2025-10-17 12:00:00,4286.7750,4319.7850,4216.4650,4237.2350,27.6659
2025-10-17 16:00:00,4237.2450,4244.7250,4185.4250,4225.3950,18.0591
2025-10-17 20:00:00,4225.7250,4252.1980,4219.7650,4250.8550,2.1694
2025-10-18 00:00:00,4250.8550,4250.8550,4250.8550,4250.8550,0.0000
2025-10-18 04:00:00,4250.8550,4250.8550,4250.8550,4250.8550,0.0000
2025-10-18 08:00:00,4250.8550,4250.8550,4250.8550,4250.8550,0.0000
2025-10-18 12:00:00,4250.8550,4250.8550,4250.8550,4250.8550,0.0000
2025-10-18 16:00:00,4250.8550,4250.8550,4250.8550,4250.8550,0.0000
2025-10-18 20:00:00,4250.8550,4250.8550,4250.8550,4250.8550,0.0000
2025-10-19 00:00:00,4250.8550,4250.8550,4250.8550,4250.8550,0.0000
2025-10-19 04:00:00,4250.8550,4250.8550,4250.8550,4250.8550,0.0000
2025-10-19 08:00:00,4250.8550,4250.8550,4250.8550,4250.8550,0.0000
2025-10-19 12:00:00,4250.8550,4250.8550,4250.8550,4250.8550,0.0000
2025-10-19 16:00:00,4250.8550,4250.8550,4250.8550,4250.8550,0.0000
2025-10-19 20:00:00,4250.8550,4273.6850,4233.2980,4237.6050,4.1891
2025-10-20 00:00:00,4237.6250,4270.9950,4218.5050,4264.3790,13.7378
2025-10-20 04:00:00,4264.3790,4268.0480,4221.0050,4254.8950,12.9722
2025-10-20 08:00:00,4254.8750,4279.2350,4245.4350,4278.9050,7.0986
2025-10-20 12:00:00,4278.9050,4355.3450,4272.3550,4348.8980,18.2012
2025-10-20 16:00:00,4348.8980,4381.2980,4336.9450,4377.8480,14.2295
2025-10-20 20:00:00,4377.8850,4379.9480,4345.9480,4359.9050,5.4979
2025-10-21 00:00:00,4360.0050,4372.1080,4332.5950,4346.3950,9.5225
2025-10-21 04:00:00,4346.3650,4346.8250,4293.1250,4298.0050,9.5859
2025-10-21 08:00:00,4298.0050,4301.4250,4244.0850,4253.1450,13.5517
2025-10-21 12:00:00,4253.1650,4257.4450,4078.2590,4138.3850,33.0661
2025-10-21 16:00:00,4138.4050,4143.6950,4092.9450,4108.6850,15.7786
2025-10-21 20:00:00,4108.6380,4132.2350,4089.6450,4092.6180,4.6364
2025-10-22 00:00:00,4092.6180,4142.8150,4003.2980,4128.2480,15.6639
2025-10-22 04:00:00,4128.2480,4161.1650,4106.6650,4132.7150,11.1344
2025-10-22 08:00:00,4132.6180,4135.5950,4014.7580,4027.4050,21.6570
2025-10-22 12:00:00,4027.4350,4084.9150,4010.7950,4036.7850,21.6318
2025-10-22 16:00:00,4036.8850,4113.3650,4022.9550,4102.1450,14.0881
2025-10-22 20:00:00,4101.8850,4116.0550,4080.0780,4087.3050,5.1485
2025-10-23 00:00:00,4087.2950,4100.6350,4065.4050,4090.9350,11.0035
2025-10-23 04:00:00,4090.9550,4137.4480,4079.4680,4093.8950,12.8677
2025-10-23 08:00:00,4094.0150,4125.2450,4094.0150,4109.3750,8.0777
2025-10-23 12:00:00,4109.3950,4154.4350,4099.9650,4141.5650,13.1669
2025-10-23 16:00:00,4141.5750,4148.3350,4116.2850,4118.1250,7.8765
2025-10-23 20:00:00,4118.1950,4132.3050,4105.6750,4121.3750,2.9309
2025-10-24 00:00:00,4121.4050,4144.1450,4107.2550,4122.1250,5.8367
2025-10-24 04:00:00,4122.0850,4123.0450,4069.3050,4073.9480,8.9667
2025-10-24 08:00:00,4073.9650,4077.4250,4043.6180,4061.2550,8.9244
2025-10-24 12:00:00,4061.2050,4134.7450,4059.6150,4130.1950,15.1308
2025-10-24 16:00:00,4130.2350,4138.3250,4101.7350,4103.8650,8.3556
2025-10-24 20:00:00,4103.9450,4113.6550,4096.5150,4111.5550,1.0337
2025-10-25 00:00:00,4111.5550,4111.5550,4111.5550,4111.5550,0.0000
2025-10-25 04:00:00,4111.5550,4111.5550,4111.5550,4111.5550,0.0000
2025-10-25 08:00:00,4111.5550,4111.5550,4111.5550,4111.5550,0.0000
2025-10-25 12:00:00,4111.5550,4111.5550,4111.5550,4111.5550,0.0000
2025-10-25 16:00:00,4111.5550,4111.5550,4111.5550,4111.5550,0.0000
2025-10-25 20:00:00,4111.5550,4111.5550,4111.5550,4111.5550,0.0000
2025-10-26 00:00:00,4111.5550,4111.5550,4111.5550,4111.5550,0.0000
2025-10-26 04:00:00,4111.5550,4111.5550,4111.5550,4111.5550,0.0000
2025-10-26 08:00:00,4111.5550,4111.5550,4111.5550,4111.5550,0.0000
2025-10-26 12:00:00,4111.5550,4111.5550,4111.5550,4111.5550,0.0000
2025-10-26 16:00:00,4111.5550,4111.5550,4111.5550,4111.5550,0.0000
2025-10-26 20:00:00,4111.5550,4111.5550,4061.3150,4064.1650,3.8016
2025-10-27 00:00:00,4064.2750,4097.5450,4057.8450,4069.4650,7.7584
2025-10-27 04:00:00,4069.4050,4084.7350,4053.5050,4068.5150,6.9877
2025-10-27 08:00:00,4068.3650,4070.2350,4015.0550,4023.8250,10.1190
2025-10-27 12:00:00,4023.8550,4050.0950,3971.0680,3989.6980,19.4077
2025-10-27 16:00:00,3989.6980,4009.8450,3983.7280,3989.9650,18.0613
2025-10-27 20:00:00,3989.9750,4004.2950,3978.8850,3998.2050,6.4961
2025-10-28 00:00:00,3998.1750,4019.4050,3972.4450,3992.6350,8.6643
2025-10-28 04:00:00,3992.6850,3994.0050,3921.2480,3932.1150,8.4259
2025-10-28 08:00:00,3932.1450,3935.5550,3886.1990,3923.0550,11.7562
2025-10-28 12:00:00,3923.3750,3969.4050,3905.3350,3964.5850,11.7166
2025-10-28 16:00:00,3964.5950,3970.2050,3944.9350,3960.2750,8.1599
2025-10-28 20:00:00,3960.1250,3967.5150,3914.5480,3964.5350,3.1586
2025-10-29 00:00:00,3964.5350,3982.0750,3943.6050,3962.9580,7.6059
2025-10-29 04:00:00,3963.0050,4001.3850,3950.6680,4001.3850,6.6144
2025-10-29 08:00:00,4001.3850,4029.5250,4000.2780,4016.3950,6.9605
2025-10-29 12:00:00,4016.3650,4029.9550,3989.1650,3992.6950,13.0045
2025-10-29 16:00:00,3992.7250,4007.0250,3927.5850,3945.4750,17.7142
2025-10-29 20:00:00,3945.4350,3953.7350,3916.3480,3952.4650,4.1586
2025-10-30 00:00:00,3952.4950,3966.2150,3915.0650,3937.8050,7.9991
2025-10-30 04:00:00,3937.8350,3982.2950,3934.5050,3961.0050,9.0840
2025-10-30 08:00:00,3960.9950,4011.4980,3959.8950,3974.2250,8.2867
2025-10-30 12:00:00,3974.2450,4014.6350,3959.9550,4001.5850,22.8297
2025-10-30 16:00:00,4001.5650,4025.7050,3990.9050,4023.2050,11.8594
2025-10-30 20:00:00,4023.1550,4045.9250,4015.9550,4036.3450,3.3911
2025-10-31 00:00:00,4036.2250,4039.1350,3990.9380,3995.9550,8.0052
2025-10-31 04:00:00,3995.9950,4025.3050,3988.7650,4020.7550,7.5735
2025-10-31 08:00:00,4020.7850,4026.8080,3998.5150,4010.1450,8.9856
2025-10-31 12:00:00,4010.3350,4036.0350,4008.8050,4012.4850,12.0205
2025-10-31 16:00:00,4012.4450,4014.9450,3971.9650,4001.0750,12.5317
2025-10-31 20:00:00,4001.0450,4006.2480,3995.9550,4001.5050,1.4544
2025-11-01 00:00:00,4001.5050,4001.5050,4001.5050,4001.5050,0.0000
2025-11-01 04:00:00,4001.5050,4001.5050,4001.5050,4001.5050,0.0000
2025-11-01 08:00:00,4001.5050,4001.5050,4001.5050,4001.5050,0.0000
2025-11-01 12:00:00,4001.5050,4001.5050,4001.5050,4001.5050,0.0000
2025-11-01 16:00:00,4001.5050,4001.5050,4001.5050,4001.5050,0.0000
2025-11-01 20:00:00,4001.5050,4001.5050,4001.5050,4001.5050,0.0000
2025-11-02 00:00:00,4001.5050,4001.5050,4001.5050,4001.5050,0.0000
2025-11-02 04:00:00,4001.5050,4001.5050,4001.5050,4001.5050,0.0000
2025-11-02 08:00:00,4001.5050,4001.5050,4001.5050,4001.5050,0.0000
2025-11-02 12:00:00,4001.5050,4001.5050,4001.5050,4001.5050,0.0000
2025-11-02 16:00:00,4001.5050,4001.5050,4001.5050,4001.5050,0.0000
2025-11-02 20:00:00,4001.5050,4001.5050,3977.4150,3979.4350,1.3583
2025-11-03 00:00:00,3979.2850,4015.1450,3962.3250,4011.0650,7.3837
2025-11-03 04:00:00,4011.0550,4025.6250,3997.4790,4025.0780,6.0533
2025-11-03 08:00:00,4025.0780,4027.8650,3992.8750,4007.3650,7.6811
2025-11-03 12:00:00,4007.4050,4030.3850,4001.4150,4008.3050,13.2089
2025-11-03 16:00:00,4008.1790,4013.2090,3994.9890,4004.3950,13.0436
2025-11-03 20:00:00,4004.3950,4014.6950,3980.6250,3996.9250,8.6481
2025-11-04 00:00:00,3996.9750,3999.1550,3975.4350,3994.3450,6.6043
2025-11-04 04:00:00,3994.3350,3996.2150,3966.3950,3993.6450,6.4348
2025-11-04 08:00:00,3993.9850,4000.4750,3985.7650,3994.6850,5.3008
2025-11-04 12:00:00,3994.7350,3997.2950,3928.4750,3956.6250,11.3191
2025-11-04 16:00:00,3956.6650,3975.4050,3931.8550,3937.1450,8.0682
2025-11-04 20:00:00,3937.1950,3941.9250,3930.2750,3934.3280,8.4794
2025-11-05 00:00:00,3934.3250,3964.9950,3929.6480,3960.5650,5.9465
2025-11-05 04:00:00,3960.4590,3978.3450,3959.5850,3972.3050,4.6090
2025-11-05 08:00:00,3972.2850,3986.9150,3955.8250,3966.6850,5.0573
2025-11-05 12:00:00,3966.6550,3985.4250,3961.9450,3978.0750,8.0275
2025-11-05 16:00:00,3978.1750,3990.2350,3974.7450,3987.4980,6.0777
2025-11-05 20:00:00,3987.5980,3989.9750,3966.0950,3973.5150,3.7105
2025-11-06 00:00:00,3973.4750,3990.2050,3964.3550,3987.3150,4.1832
2025-11-06 04:00:00,3987.3450,4009.0450,3982.0350,4005.4450,3.9293
2025-11-06 08:00:00,4005.3980,4019.1750,4004.1550,4017.7850,5.8723
2025-11-06 12:00:00,4017.7450,4019.2750,3974.8950,3979.9450,12.6155
2025-11-06 16:00:00,3979.9750,3994.9750,3965.4250,3984.9980,11.6750
2025-11-06 20:00:00,3984.6350,3989.5150,3973.6550,3988.8750,5.5006
2025-11-07 00:00:00,3988.9050,4003.1150,3984.2950,3990.1550,4.1732
2025-11-07 04:00:00,3990.1250,4009.5950,3985.2750,4007.6150,3.6916
2025-11-07 08:00:00,4007.7080,4013.9750,3993.5350,4002.7250,4.7673
2025-11-07 12:00:00,4002.7450,4008.2450,3983.8550,3990.7750,8.4133
2025-11-07 16:00:00,3990.7750,4027.2250,3989.7850,4006.5050,10.7809
2025-11-07 20:00:00,4006.4290,4006.6650,3994.2450,4000.2890,2.5020
2025-11-08 00:00:00,4000.2890,4000.2890,4000.2890,4000.2890,0.0000
2025-11-08 04:00:00,4000.2890,4000.2890,4000.2890,4000.2890,0.0000
2025-11-08 08:00:00,4000.2890,4000.2890,4000.2890,4000.2890,0.0000
2025-11-08 12:00:00,4000.2890,4000.2890,4000.2890,4000.2890,0.0000
2025-11-08 16:00:00,4000.2890,4000.2890,4000.2890,4000.2890,0.0000
2025-11-08 20:00:00,4000.2890,4000.2890,4000.2890,4000.2890,0.0000
2025-11-09 00:00:00,4000.2890,4000.2890,4000.2890,4000.2890,0.0000
2025-11-09 04:00:00,4000.2890,4000.2890,4000.2890,4000.2890,0.0000
2025-11-09 08:00:00,4000.2890,4000.2890,4000.2890,4000.2890,0.0000
2025-11-09 12:00:00,4000.2890,4000.2890,4000.2890,4000.2890,0.0000
2025-11-09 16:00:00,4000.2890,4000.2890,4000.2890,4000.2890,0.0000
2025-11-09 20:00:00,4000.2890,4012.1050,3996.6980,4011.6350,0.9055
2025-11-10 00:00:00,4011.6650,4053.1250,4010.9150,4049.9750,6.3902
2025-11-10 04:00:00,4049.8350,4078.8750,4049.6150,4075.0750,4.8494
2025-11-10 08:00:00,4075.1050,4086.1150,4071.2650,4085.1650,5.1422
2025-11-10 12:00:00,4085.2050,4105.7150,4074.0650,4084.1450,9.9606
2025-11-10 16:00:00,4084.1250,4115.6050,4081.8150,4113.0250,7.6240
2025-11-10 20:00:00,4113.0450,4122.5150,4106.4250,4119.7050,3.6587
2025-11-11 00:00:00,4119.9950,4147.8450,4116.0550,4146.6750,5.5120
2025-11-11 04:00:00,4146.6550,4148.7550,4124.5250,4129.4250,5.0499
2025-11-11 08:00:00,4129.3050,4145.7250,4128.5850,4142.5990,5.1319
2025-11-11 12:00:00,4142.5990,4146.5450,4096.8450,4106.4750,9.4328
2025-11-11 16:00:00,4106.4650,4125.9450,4105.0000,4122.8850,7.5834
2025-11-11 20:00:00,4122.9850,4144.4650,4122.2350,4142.4050,2.8899
2025-11-12 00:00:00,4142.3750,4145.2550,4111.6150,4111.7850,6.4069
2025-11-12 04:00:00,4111.7450,4125.0450,4098.6650,4116.9250,6.1770
2025-11-12 08:00:00,4116.9550,4133.3850,4112.0150,4125.7650,6.6105
2025-11-12 12:00:00,4125.7950,4185.4150,4122.4950,4181.1090,12.9788
2025-11-12 16:00:00,4181.0950,4211.4950,4179.8350,4197.2290,18.0447
2025-11-12 20:00:00,4197.1790,4208.1780,4187.0050,4190.9750,5.0590
2025-11-13 00:00:00,4190.9650,4212.9050,4179.6250,4212.5650,8.2368
2025-11-13 04:00:00,4212.5450,4219.9850,4203.0650,4219.9650,7.1668
2025-11-13 08:00:00,4219.9450,4239.9050,4218.9750,4230.3150,9.2743
2025-11-13 12:00:00,4230.1650,4244.9250,4184.3550,4202.2750,18.6003
2025-11-13 16:00:00,4202.3050,4210.6980,4144.9650,4163.6550,20.0623
2025-11-13 20:00:00,4163.6750,4186.4550,4159.9950,4185.7250,6.4702
2025-11-14 00:00:00,4185.7950,4211.0150,4173.3450,4204.1150,7.2145
2025-11-14 04:00:00,4204.0850,4205.4550,4158.6850,4180.9550,11.6370
2025-11-14 08:00:00,4180.8950,4186.8350,4130.6850,4132.7250,9.6490
2025-11-14 12:00:00,4132.7250,4140.4650,4031.9550,4093.4050,18.3366
2025-11-14 16:00:00,4093.5150,4110.9150,4080.6450,4089.7850,10.7127
2025-11-14 20:00:00,4089.8550,4092.1950,4075.3450,4082.0190,3.2702
2025-11-15 00:00:00,4082.0190,4082.0190,4082.0190,4082.0190,0.0000
2025-11-15 04:00:00,4082.0190,4082.0190,4082.0190,4082.0190,0.0000
2025-11-15 08:00:00,4082.0190,4082.0190,4082.0190,4082.0190,0.0000
2025-11-15 12:00:00,4082.0190,4082.0190,4082.0190,4082.0190,0.0000
2025-11-15 16:00:00,4082.0190,4082.0190,4082.0190,4082.0190,0.0000
2025-11-15 20:00:00,4082.0190,4082.0190,4082.0190,4082.0190,0.0000
2025-11-16 00:00:00,4082.0190,4082.0190,4082.0190,4082.0190,0.0000
2025-11-16 04:00:00,4082.0190,4082.0190,4082.0190,4082.0190,0.0000
2025-11-16 08:00:00,4082.0190,4082.0190,4082.0190,4082.0190,0.0000
2025-11-16 12:00:00,4082.0190,4082.0190,4082.0190,4082.0190,0.0000
2025-11-16 16:00:00,4082.0190,4082.0190,4082.0190,4082.0190,0.0000
2025-11-16 20:00:00,4082.0190,4106.2950,4070.3950,4096.1980,1.7131
2025-11-17 00:00:00,4096.2480,4101.6050,4069.5750,4082.6550,7.6992
2025-11-17 04:00:00,4082.6350,4088.9850,4049.5050,4087.8950,6.4001
2025-11-17 08:00:00,4088.0950,4095.6850,4060.9050,4078.2550,6.4386
2025-11-17 12:00:00,4078.2450,4092.0650,4060.4350,4064.0750,9.4063
2025-11-17 16:00:00,4063.9450,4080.8950,4010.6550,4011.0150,11.1271
2025-11-17 20:00:00,4010.9850,4054.8480,4006.7350,4036.3450,5.0528
2025-11-18 00:00:00,4036.4350,4044.9350,4008.2150,4013.0750,7.8373
2025-11-18 04:00:00,4013.0950,4024.9850,3997.6580,4013.5650,7.4475
2025-11-18 08:00:00,4013.5850,4050.1850,4010.2250,4039.2950,6.6598
2025-11-18 12:00:00,4039.3150,4081.6450,4028.9050,4052.7650,13.8798
2025-11-18 16:00:00,4052.9250,4081.7980,4040.1450,4080.9650,9.4776
2025-11-18 20:00:00,4080.9950,4082.2750,4064.7350,4076.6350,5.3097
2025-11-19 00:00:00,4076.5950,4080.4450,4055.2480,4066.7350,7.1364
2025-11-19 04:00:00,4066.7550,4098.4150,4064.3350,4086.7450,6.0112
2025-11-19 08:00:00,4086.7350,4118.9050,4078.1250,4112.7350,6.3908
2025-11-19 12:00:00,4112.7150,4132.6750,4089.8550,4096.5150,11.5857
2025-11-19 16:00:00,4096.4550,4098.3650,4055.3850,4073.4750,11.7400
2025-11-19 20:00:00,4073.5050,4107.8250,4065.4250,4104.1650,4.7440
2025-11-20 00:00:00,4104.2650,4109.8050,4039.9980,4072.0750,9.6284
2025-11-20 04:00:00,4072.1050,4080.2750,4054.0250,4059.6550,6.5032
2025-11-20 08:00:00,4059.5350,4072.4950,4038.6050,4060.5150,6.2642
2025-11-20 12:00:00,4060.3850,4107.0550,4059.8550,4070.0280,14.8619
2025-11-20 16:00:00,4069.9650,4086.9650,4043.3480,4084.3980,17.5744
2025-11-20 20:00:00,4084.3750,4088.6450,4072.3250,4078.6750,9.1178
2025-11-21 00:00:00,4078.6650,4081.0150,4049.0650,4055.8850,7.9548
2025-11-21 04:00:00,4055.8950,4064.6450,4024.5380,4031.3250,7.9832
2025-11-21 08:00:00,4031.3650,4063.1450,4022.0750,4036.3250,10.5659
2025-11-21 12:00:00,4036.2750,4083.6450,4034.4850,4069.3650,17.4374
2025-11-21 16:00:00,4069.2890,4100.8390,4062.7050,4087.3590,14.1878
2025-11-21 20:00:00,4087.3650,4088.4950,4054.3850,4064.2790,5.4015
2025-11-22 00:00:00,4064.2790,4064.2790,4064.2790,4064.2790,0.0000
2025-11-22 04:00:00,4064.2790,4064.2790,4064.2790,4064.2790,0.0000
2025-11-22 08:00:00,4064.2790,4064.2790,4064.2790,4064.2790,0.0000
2025-11-22 12:00:00,4064.2790,4064.2790,4064.2790,4064.2790,0.0000
2025-11-22 16:00:00,4064.2790,4064.2790,4064.2790,4064.2790,0.0000
2025-11-22 20:00:00,4064.2790,4064.2790,4064.2790,4064.2790,0.0000
2025-11-23 00:00:00,4064.2790,4064.2790,4064.2790,4064.2790,0.0000
2025-11-23 04:00:00,4064.2790,4064.2790,4064.2790,4064.2790,0.0000
2025-11-23 08:00:00,4064.2790,4064.2790,4064.2790,4064.2790,0.0000
2025-11-23 12:00:00,4064.2790,4064.2790,4064.2790,4064.2790,0.0000
2025-11-23 16:00:00,4064.2790,4064.2790,4064.2790,4064.2790,0.0000
2025-11-23 20:00:00,4064.2790,4077.2850,4064.2790,4074.9050,1.1902
2025-11-24 00:00:00,4074.8950,4075.8550,4040.3750,4050.1150,6.1412
2025-11-24 04:00:00,4050.0750,4067.3650,4039.9450,4059.8750,6.3363
2025-11-24 08:00:00,4059.8250,4077.0150,4059.4250,4069.7350,6.5204
2025-11-24 12:00:00,4069.7150,4093.5750,4065.3250,4091.5380,14.0926
2025-11-24 16:00:00,4091.4750,4125.5550,4087.6850,4118.2450,13.5119
2025-11-24 20:00:00,4118.1890,4144.1480,4117.7250,4143.4980,5.5460
2025-11-25 00:00:00,4143.2980,4155.5850,4122.2650,4142.8950,8.7580
2025-11-25 04:00:00,4142.8950,4151.8150,4129.7850,4132.1680,6.9169
2025-11-25 08:00:00,4132.1850,4139.1380,4109.4150,4133.2750,6.5268
2025-11-25 12:00:00,4133.2650,4150.5480,4110.6850,4123.0780,13.9025
2025-11-25 16:00:00,4123.0780,4159.0450,4121.8580,4133.5050,13.7064
2025-11-25 20:00:00,4133.5350,4138.1290,4127.6780,4133.5050,4.5594
2025-11-26 00:00:00,4133.5250,4169.2550,4132.4450,4165.7650,5.7497
2025-11-26 04:00:00,4165.7450,4168.4250,4146.4350,4157.2050,4.6235
2025-11-26 08:00:00,4157.2250,4172.8480,4154.4750,4171.3050,7.3464
2025-11-26 12:00:00,4171.2750,4173.1450,4135.6750,4165.1150,10.0442
2025-11-26 16:00:00,4165.2350,4171.4850,4157.8550,4163.0850,7.5639
2025-11-26 20:00:00,4163.0650,4168.4050,4161.1650,4164.2480,3.1536
2025-11-27 00:00:00,4163.8250,4166.7980,4143.9450,4147.2050,5.7803
2025-11-27 04:00:00,4147.1750,4162.2350,4142.4250,4159.8280,6.0544
2025-11-27 08:00:00,4159.9050,4166.8250,4148.1650,4157.1150,5.5261
2025-11-27 12:00:00,4157.1250,4161.5750,4148.8950,4157.8250,4.4144
2025-11-27 16:00:00,4157.8050,4160.1150,4151.2350,4157.4480,2.0122
2025-11-27 20:00:00,4157.4480,4163.5650,4156.3550,4163.0250,0.2641
2025-11-28 00:00:00,4163.0250,4193.0150,4162.6250,4183.6350,4.7524
2025-11-28 04:00:00,4183.5550,4188.5850,4170.7400,4174.2950,2.9206
2025-11-28 08:00:00,4174.2950,4179.4550,4150.0750,4170.9180,11.4187
2025-11-28 12:00:00,4170.9180,4208.6350,4166.9350,4203.6450,7.9862
2025-11-28 16:00:00,4203.5650,4226.7350,4197.5950,4218.9590,7.4607
2025-11-28 20:00:00,4218.9590,4218.9590,4218.9590,4218.9590,0.0000
2025-11-29 00:00:00,4218.9590,4218.9590,4218.9590,4218.9590,0.0000
2025-11-29 04:00:00,4218.9590,4218.9590,4218.9590,4218.9590,0.0000
2025-11-29 08:00:00,4218.9590,4218.9590,4218.9590,4218.9590,0.0000
2025-11-29 12:00:00,4218.9590,4218.9590,4218.9590,4218.9590,0.0000
2025-11-29 16:00:00,4218.9590,4218.9590,4218.9590,4218.9590,0.0000
2025-11-29 20:00:00,4218.9590,4218.9590,4218.9590,4218.9590,0.0000
2025-11-30 00:00:00,4218.9590,4218.9590,4218.9590,4218.9590,0.0000
2025-11-30 04:00:00,4218.9590,4218.9590,4218.9590,4218.9590,0.0000
2025-11-30 08:00:00,4218.9590,4218.9590,4218.9590,4218.9590,0.0000
2025-11-30 12:00:00,4218.9590,4218.9590,4218.9590,4218.9590,0.0000
2025-11-30 16:00:00,4218.9590,4218.9590,4218.9590,4218.9590,0.0000
2025-11-30 20:00:00,4218.9590,4230.3490,4204.3480,4221.8050,1.7221
2025-12-01 00:00:00,4221.6550,4256.2450,4218.0550,4239.0550,11.7899
2025-12-01 04:00:00,4239.0750,4246.6650,4215.2750,4244.9980,9.7395
2025-12-01 08:00:00,4244.9980,4262.0250,4237.9580,4254.3550,8.8964
2025-12-01 12:00:00,4254.3350,4264.3850,4219.3450,4232.2250,11.9531
2025-12-01 16:00:00,4232.2550,4244.4850,4222.8350,4236.7450,11.1625
2025-12-01 20:00:00,4236.6750,4241.2250,4224.2350,4227.2480,3.2971
2025-12-02 00:00:00,4227.3480,4229.4750,4197.8950,4216.5150,6.6540
2025-12-02 04:00:00,4216.5450,4226.1050,4202.9850,4213.1650,5.2986
2025-12-02 08:00:00,4213.1950,4216.9550,4180.8950,4205.2850,5.5332
2025-12-02 12:00:00,4205.2550,4230.3650,4163.4580,4169.2550,12.3295
2025-12-02 16:00:00,4169.3750,4200.0480,4166.5450,4196.1350,7.9438
2025-12-02 20:00:00,4196.1650,4215.8250,4194.5550,4212.4350,3.2943
2025-12-03 00:00:00,4212.4050,4228.7650,4204.3250,4220.9350,8.2971
2025-12-03 04:00:00,4220.8750,4225.1850,4200.0650,4206.0850,7.0467
2025-12-03 08:00:00,4206.5150,4210.0080,4194.4050,4208.4650,6.6042
2025-12-03 12:00:00,4208.5050,4241.2350,4204.8350,4216.1450,13.1768
2025-12-03 16:00:00,4216.1050,4224.9850,4194.9450,4207.6250,10.3210
2025-12-03 20:00:00,4207.6350,4212.5650,4201.9150,4206.9850,3.3951
2025-12-04 00:00:00,4206.9550,4216.7150,4187.1250,4195.5650,7.5289
2025-12-04 04:00:00,4195.5050,4198.8850,4175.0050,4193.5950,7.3691
2025-12-04 08:00:00,4193.5850,4206.3350,4183.3150,4198.3050,6.8247
2025-12-04 12:00:00,4198.1990,4213.2750,4185.1550,4207.1480,11.6117
2025-12-04 16:00:00,4207.2350,4219.2550,4199.4350,4208.7750,8.3764
2025-12-04 20:00:00,4208.6350,4210.1480,4203.6550,4205.9150,2.3032
2025-12-05 00:00:00,4205.9750,4210.5180,4194.4650,4209.3450,5.9208
2025-12-05 04:00:00,4209.3250,4230.4850,4207.8150,4224.2450,7.0259
2025-12-05 08:00:00,4224.2450,4227.3050,4215.7350,4223.5250,5.0448
2025-12-05 12:00:00,4223.5250,4259.1050,4221.2850,4243.4650,13.5357
2025-12-05 16:00:00,4243.6150,4245.5250,4198.2150,4207.3650,12.3433
2025-12-05 20:00:00,4207.5350,4207.5350,4191.8150,4197.4050,5.5542
2025-12-06 00:00:00,4197.4050,4197.4050,4197.4050,4197.4050,0.0000
2025-12-06 04:00:00,4197.4050,4197.4050,4197.4050,4197.4050,0.0000
2025-12-06 08:00:00,4197.4050,4197.4050,4197.4050,4197.4050,0.0000
2025-12-06 12:00:00,4197.4050,4197.4050,4197.4050,4197.4050,0.0000
2025-12-06 16:00:00,4197.4050,4197.4050,4197.4050,4197.4050,0.0000
2025-12-06 20:00:00,4197.4050,4197.4050,4197.4050,4197.4050,0.0000
2025-12-07 00:00:00,4197.4050,4197.4050,4197.4050,4197.4050,0.0000
2025-12-07 04:00:00,4197.4050,4197.4050,4197.4050,4197.4050,0.0000
2025-12-07 08:00:00,4197.4050,4197.4050,4197.4050,4197.4050,0.0000
2025-12-07 12:00:00,4197.4050,4197.4050,4197.4050,4197.4050,0.0000
2025-12-07 16:00:00,4197.4050,4197.4050,4197.4050,4197.4050,0.0000
2025-12-07 20:00:00,4197.4050,4202.4950,4193.3850,4200.6650,0.3104
2025-12-08 00:00:00,4201.2450,4212.9150,4197.2250,4209.9150,6.4890
2025-12-08 04:00:00,4209.8750,4218.7550,4204.4350,4206.5950,5.4535
2025-12-08 08:00:00,4206.5650,4216.4050,4199.4180,4208.3950,5.0090
2025-12-08 12:00:00,4208.3750,4215.2750,4175.9980,4182.6650,9.9032
2025-12-08 16:00:00,4182.6250,4197.6550,4176.6650,4186.8650,7.2199
2025-12-08 20:00:00,4186.7950,4195.3550,4184.7050,4194.5350,2.2484
2025-12-09 00:00:00,4194.4350,4198.5680,4185.7850,4194.4050,5.5099
2025-12-09 04:00:00,4194.2950,4195.4350,4169.8450,4182.1350,6.9311
2025-12-09 08:00:00,4182.1850,4212.6450,4182.1850,4202.8850,6.2857
2025-12-09 12:00:00,4202.9550,4216.1050,4189.2290,4212.2880,10.5276
2025-12-09 16:00:00,4212.2780,4221.3450,4201.0850,4212.4050,8.6858
2025-12-09 20:00:00,4212.3750,4215.8050,4204.8950,4210.4480,7.7296
2025-12-10 00:00:00,4210.4480,4218.6150,4203.3650,4206.0950,7.3706
2025-12-10 04:00:00,4206.0250,4214.2250,4201.5250,4203.1450,5.0166
2025-12-10 08:00:00,4203.1150,4206.4350,4187.5250,4197.1350,5.7927
2025-12-10 12:00:00,4197.1150,4206.8250,4188.6450,4193.4750,9.5477
2025-12-10 16:00:00,4193.5750,4219.5450,4181.5650,4216.3650,14.5975
2025-12-10 20:00:00,4216.3350,4238.4450,4210.9350,4232.2250,5.8048
2025-12-11 00:00:00,4232.2350,4247.4650,4209.0950,4216.5350,8.8109
2025-12-11 04:00:00,4216.4690,4218.4950,4203.9050,4215.8450,6.6511
2025-12-11 08:00:00,4215.8650,4225.7750,4209.4450,4210.9950,4.6975
2025-12-11 12:00:00,4211.0150,4261.2150,4205.0350,4255.7850,11.5975
2025-12-11 16:00:00,4255.8250,4285.7050,4249.8550,4273.3150,9.3342
2025-12-11 20:00:00,4273.2850,4283.5480,4263.9950,4275.9050,4.4837
2025-12-12 00:00:00,4275.9050,4279.9480,4264.1480,4270.4250,7.6451
2025-12-12 04:00:00,4270.4050,4290.2450,4265.8050,4286.9750,6.4880
2025-12-12 08:00:00,4286.8950,4339.0750,4286.8950,4336.1650,9.7838
2025-12-12 12:00:00,4336.1350,4353.3250,4282.8950,4290.0750,16.5780
2025-12-12 16:00:00,4290.0550,4303.5550,4256.8450,4296.3850,12.7118
2025-12-12 20:00:00,4296.3650,4303.9350,4288.4750,4298.7050,4.7386
2025-12-13 00:00:00,4298.7050,4298.7050,4298.7050,4298.7050,0.0000
2025-12-13 04:00:00,4298.7050,4298.7050,4298.7050,4298.7050,0.0000
2025-12-13 08:00:00,4298.7050,4298.7050,4298.7050,4298.7050,0.0000
2025-12-13 12:00:00,4298.7050,4298.7050,4298.7050,4298.7050,0.0000
2025-12-13 16:00:00,4298.7050,4298.7050,4298.7050,4298.7050,0.0000
2025-12-13 20:00:00,4298.7050,4298.7050,4298.7050,4298.7050,0.0000
2025-12-14 00:00:00,4298.7050,4298.7050,4298.7050,4298.7050,0.0000
2025-12-14 04:00:00,4298.7050,4298.7050,4298.7050,4298.7050,0.0000
2025-12-14 08:00:00,4298.7050,4298.7050,4298.7050,4298.7050,0.0000
2025-12-14 12:00:00,4298.7050,4298.7050,4298.7050,4298.7050,0.0000
2025-12-14 16:00:00,4298.7050,4298.7050,4298.7050,4298.7050,0.0000
2025-12-14 20:00:00,4298.7050,4308.1950,4293.7980,4301.9750,1.0316
2025-12-15 00:00:00,4302.1550,4329.4150,4299.9450,4327.0050,6.4199
2025-12-15 04:00:00,4326.9550,4347.1850,4322.9150,4338.9850,7.0578
2025-12-15 08:00:00,4338.9750,4349.9950,4335.0080,4342.5750,6.7816
2025-12-15 12:00:00,4342.5550,4348.1950,4311.3150,4318.0350,11.9695
2025-12-15 16:00:00,4318.0050,4318.6950,4285.0550,4314.0150,10.3954
2025-12-15 20:00:00,4314.0350,4314.1980,4299.3650,4303.9650,3.7827
2025-12-16 00:00:00,4303.9550,4317.6950,4280.3850,4290.7250,7.9749
2025-12-16 04:00:00,4290.6950,4292.0550,4271.1250,4287.4550,6.1375
2025-12-16 08:00:00,4287.3550,4289.2150,4273.5850,4278.3450,5.6387
2025-12-16 12:00:00,4278.3450,4334.9350,4276.6050,4319.6250,11.6629
2025-12-16 16:00:00,4319.5950,4323.0850,4291.0750,4310.3150,11.6587
2025-12-16 20:00:00,4310.2990,4314.1250,4300.5350,4307.6950,4.7175
2025-12-17 00:00:00,4307.7650,4327.5650,4307.2750,4323.5650,7.0973
2025-12-17 04:00:00,4323.5850,4342.2550,4315.3750,4317.7150,7.2854
2025-12-17 08:00:00,4317.6250,4323.0750,4306.3050,4316.1150,5.1309
2025-12-17 12:00:00,4316.1250,4348.6750,4314.7250,4330.1150,13.2121
2025-12-17 16:00:00,4330.3550,4346.3750,4319.9850,4336.8950,10.2656
2025-12-17 20:00:00,4336.9350,4346.1350,4335.0850,4338.6480,3.5220
2025-12-18 00:00:00,4338.6480,4342.7350,4324.2050,4332.9550,7.1836
2025-12-18 04:00:00,4332.9250,4337.5950,4328.3750,4331.2050,6.0154
2025-12-18 08:00:00,4331.1850,4332.3750,4320.4850,4325.4650,9.6612
2025-12-18 12:00:00,4325.4550,4342.8450,4308.2850,4337.8680,14.3164
2025-12-18 16:00:00,4337.7450,4374.3950,4321.7650,4324.7350,13.1261
2025-12-18 20:00:00,4324.7950,4338.0850,4324.3550,4334.8650,4.2821
2025-12-19 00:00:00,4334.8450,4335.4950,4308.7150,4317.8350,5.3093
2025-12-19 04:00:00,4317.8050,4329.4150,4316.7250,4322.4450,6.5742
2025-12-19 08:00:00,4322.3350,4333.4750,4320.8150,4327.0750,5.5067
2025-12-19 12:00:00,4327.0750,4348.9750,4319.5280,4347.6350,9.9276
2025-12-19 16:00:00,4347.5950,4356.3650,4341.8450,4345.0650,9.4865
2025-12-19 20:00:00,4345.0250,4346.2950,4336.2750,4338.6690,2.3414
2025-12-20 00:00:00,4338.6690,4338.6690,4338.6690,4338.6690,0.0000
2025-12-20 04:00:00,4338.6690,4338.6690,4338.6690,4338.6690,0.0000
2025-12-20 08:00:00,4338.6690,4338.6690,4338.6690,4338.6690,0.0000
2025-12-20 12:00:00,4338.6690,4338.6690,4338.6690,4338.6690,0.0000
2025-12-20 16:00:00,4338.6690,4338.6690,4338.6690,4338.6690,0.0000
2025-12-20 20:00:00,4338.6690,4338.6690,4338.6690,4338.6690,0.0000
2025-12-21 00:00:00,4338.6690,4338.6690,4338.6690,4338.6690,0.0000
2025-12-21 04:00:00,4338.6690,4338.6690,4338.6690,4338.6690,0.0000
2025-12-21 08:00:00,4338.6690,4338.6690,4338.6690,4338.6690,0.0000
2025-12-21 12:00:00,4338.6690,4338.6690,4338.6690,4338.6690,0.0000
2025-12-21 16:00:00,4338.6690,4338.6690,4338.6690,4338.6690,0.0000
2025-12-21 20:00:00,4338.6690,4355.9480,4336.6350,4354.9150,0.9980
2025-12-22 00:00:00,4354.8850,4394.6150,4354.8850,4392.2650,6.8163
2025-12-22 04:00:00,4392.2480,4420.1650,4390.9480,4414.0190,6.7194
2025-12-22 08:00:00,4414.0190,4415.5550,4405.7550,4410.0450,5.6918
2025-12-22 12:00:00,4410.0250,4435.3380,4405.9050,4431.5480,9.7158
2025-12-22 16:00:00,4431.5480,4441.9480,4427.9750,4433.3950,10.3084
2025-12-22 20:00:00,4433.2980,4461.5980,4431.3850,4459.8650,5.3108
2025-12-23 00:00:00,4459.8650,4497.3450,4457.7050,4486.4250,8.5820
2025-12-23 04:00:00,4486.3350,4489.4050,4469.2650,4486.3750,8.4901
2025-12-23 08:00:00,4486.3450,4494.0050,4477.9450,4493.3250,7.3717
2025-12-23 12:00:00,4493.2650,4497.1750,4429.9750,4458.1480,11.6496
2025-12-23 16:00:00,4458.1850,4496.1050,4455.5590,4490.6180,10.7622
2025-12-23 20:00:00,4490.6180,4510.1750,4481.2980,4503.1250,7.5254
2025-12-24 00:00:00,4503.0950,4525.7650,4467.9190,4492.8250,11.7565
2025-12-24 04:00:00,4492.8750,4501.2250,4483.1950,4483.6250,6.9259
2025-12-24 08:00:00,4483.5850,4499.5250,4477.8050,4491.2350,7.5978
2025-12-24 12:00:00,4491.2350,4495.7050,4447.8950,4458.2350,15.8256
2025-12-24 16:00:00,4458.1950,4487.5150,4455.7250,4479.0290,8.8206
2025-12-24 20:00:00,4479.0290,4479.0290,4479.0290,4479.0290,0.0000
2025-12-25 00:00:00,4479.0290,4479.0290,4479.0290,4479.0290,0.0000
2025-12-25 04:00:00,4479.0290,4479.0290,4479.0290,4479.0290,0.0000
2025-12-25 08:00:00,4479.0290,4479.0290,4479.0290,4479.0290,0.0000
2025-12-25 12:00:00,4479.0290,4479.0290,4479.0290,4479.0290,0.0000
2025-12-25 16:00:00,4479.0290,4479.0290,4479.0290,4479.0290,0.0000
2025-12-25 20:00:00,4479.0290,4499.6250,4479.0290,4494.7850,1.4574
2025-12-26 00:00:00,4494.8750,4530.9750,4491.5350,4501.5650,14.9280
2025-12-26 04:00:00,4501.5890,4519.1550,4500.2350,4510.5550,13.3333
2025-12-26 08:00:00,4510.6250,4523.1650,4502.5050,4509.4950,13.8762
2025-12-26 12:00:00,4509.5450,4547.0450,4503.2050,4546.2450,16.6189
2025-12-26 16:00:00,4546.2750,4549.7150,4509.6250,4523.5150,18.0371
2025-12-26 20:00:00,4523.5350,4535.3950,4521.4980,4532.3650,6.3306
2025-12-27 00:00:00,4532.3650,4532.3650,4532.3650,4532.3650,0.0000
2025-12-27 04:00:00,4532.3650,4532.3650,4532.3650,4532.3650,0.0000
2025-12-27 08:00:00,4532.3650,4532.3650,4532.3650,4532.3650,0.0000
2025-12-27 12:00:00,4532.3650,4532.3650,4532.3650,4532.3650,0.0000
2025-12-27 16:00:00,4532.3650,4532.3650,4532.3650,4532.3650,0.0000
2025-12-27 20:00:00,4532.3650,4532.3650,4532.3650,4532.3650,0.0000
2025-12-28 00:00:00,4532.3650,4532.3650,4532.3650,4532.3650,0.0000
2025-12-28 04:00:00,4532.3650,4532.3650,4532.3650,4532.3650,0.0000
2025-12-28 08:00:00,4532.3650,4532.3650,4532.3650,4532.3650,0.0000
2025-12-28 12:00:00,4532.3650,4532.3650,4532.3650,4532.3650,0.0000
2025-12-28 16:00:00,4532.3650,4532.3650,4532.3650,4532.3650,0.0000
2025-12-28 20:00:00,4532.3650,4549.2980,4522.6250,4526.4480,3.4708
2025-12-29 00:00:00,4526.4480,4527.5450,4471.4980,4516.3150,19.3756
2025-12-29 04:00:00,4516.1450,4519.3250,4444.7350,4474.1750,15.0223
2025-12-29 08:00:00,4474.2750,4488.2550,4433.8350,4446.3250,10.8619
2025-12-29 12:00:00,4446.5450,4467.2880,4300.6980,4325.0650,17.5356
2025-12-29 16:00:00,4325.0150,4347.1480,4314.8450,4336.6550,10.7712
2025-12-29 20:00:00,4336.6850,4346.8150,4322.9650,4345.4550,5.5872
2025-12-30 00:00:00,4345.4650,4368.9250,4324.1950,4358.8750,13.3500
2025-12-30 04:00:00,4358.8950,4383.0350,4357.2850,4372.0980,9.3977
2025-12-30 08:00:00,4372.0980,4391.5150,4349.9550,4383.9650,7.8946
2025-12-30 12:00:00,4383.9650,4403.9980,4355.3350,4364.8850,20.6208
2025-12-30 16:00:00,4365.0850,4381.6250,4337.5650,4348.3450,16.8399
2025-12-30 20:00:00,4348.3450,4355.2450,4328.7650,4338.6550,6.8247
2025-12-31 00:00:00,4338.6550,4372.9050,4332.3850,4347.8980,16.3390
2025-12-31 04:00:00,4348.0980,4350.8980,4273.8050,4330.7380,14.6784
2025-12-31 08:00:00,4330.7380,4337.0650,4302.9980,4310.7250,8.2752
2025-12-31 12:00:00,4310.7750,4353.0480,4302.5980,4337.1450,12.5380
2025-12-31 16:00:00,4337.1750,4339.5050,4307.5850,4311.1150,9.6711
2025-12-31 20:00:00,4311.1250,4324.2850,4304.1950,4318.6790,3.6975
2026-01-01 00:00:00,4318.6790,4318.6790,4318.6790,4318.6790,0.0000
2026-01-01 04:00:00,4318.6790,4318.6790,4318.6790,4318.6790,0.0000
2026-01-01 08:00:00,4318.6790,4318.6790,4318.6790,4318.6790,0.0000
2026-01-01 12:00:00,4318.6790,4318.6790,4318.6790,4318.6790,0.0000
2026-01-01 16:00:00,4318.6790,4318.6790,4318.6790,4318.6790,0.0000
2026-01-01 20:00:00,4318.6790,4351.0050,4318.6790,4347.8050,0.8631
2026-01-02 00:00:00,4347.7980,4375.3980,4341.0750,4374.7480,7.1971
2026-01-02 04:00:00,4374.7590,4383.1650,4370.5980,4382.5250,5.6759
2026-01-02 08:00:00,4382.5450,4398.9980,4380.5550,4392.5350,6.4477
2026-01-02 12:00:00,4392.5650,4401.9280,4330.0650,4335.0950,12.0197
2026-01-02 16:00:00,4335.0550,4337.0950,4309.6180,4317.8450,9.6452
2026-01-02 20:00:00,4317.8150,4333.1650,4316.9250,4331.5750,3.2221
2026-01-03 00:00:00,4331.5750,4331.5750,4331.5750,4331.5750,0.0000
2026-01-03 04:00:00,4331.5750,4331.5750,4331.5750,4331.5750,0.0000
2026-01-03 08:00:00,4331.5750,4331.5750,4331.5750,4331.5750,0.0000
2026-01-03 12:00:00,4331.5750,4331.5750,4331.5750,4331.5750,0.0000
2026-01-03 16:00:00,4331.5750,4331.5750,4331.5750,4331.5750,0.0000
2026-01-03 20:00:00,4331.5750,4331.5750,4331.5750,4331.5750,0.0000
2026-01-04 00:00:00,4331.5750,4331.5750,4331.5750,4331.5750,0.0000
2026-01-04 04:00:00,4331.5750,4331.5750,4331.5750,4331.5750,0.0000
2026-01-04 08:00:00,4331.5750,4331.5750,4331.5750,4331.5750,0.0000
2026-01-04 12:00:00,4331.5750,4331.5750,4331.5750,4331.5750,0.0000
2026-01-04 16:00:00,4331.5750,4331.5750,4331.5750,4331.5750,0.0000
2026-01-04 20:00:00,4331.5750,4375.6650,4331.5750,4372.3450,2.5305
2026-01-05 00:00:00,4372.2750,4421.1950,4370.0250,4399.6150,14.1039
2026-01-05 04:00:00,4399.6450,4426.0950,4397.0050,4421.4650,10.9843
2026-01-05 08:00:00,4421.4650,4439.6750,4410.2850,4419.0350,10.4334
2026-01-05 12:00:00,4419.0650,4455.4250,4396.0450,4448.2750,12.1801
2026-01-05 16:00:00,4448.2550,4454.1250,4432.0950,4439.4850,7.6912
2026-01-05 20:00:00,4439.4480,4459.8150,4436.5550,4440.2850,4.2687
2026-01-06 00:00:00,4440.2850,4467.8850,4427.7250,4467.3050,8.9129
2026-01-06 04:00:00,4467.2980,4473.9150,4449.1980,4459.1250,9.4793
2026-01-06 08:00:00,4459.1050,4475.4850,4442.0950,4462.9480,13.3291
2026-01-06 12:00:00,4463.0480,4490.6150,4453.5350,4478.0250,18.8644
2026-01-06 16:00:00,4477.9780,4493.7750,4471.1780,4481.1950,14.1713
2026-01-06 20:00:00,4481.1550,4500.3480,4480.1350,4493.2350,5.6536
2026-01-07 00:00:00,4493.1850,4495.5950,4459.3080,4474.5050,10.1943
2026-01-07 04:00:00,4474.5250,4475.7550,4441.2480,4460.9350,8.3940
2026-01-07 08:00:00,4460.7850,4474.6480,4446.2550,4447.1350,8.2979
2026-01-07 12:00:00,4447.5050,4454.8050,4423.1350,4445.8950,13.1593
2026-01-07 16:00:00,4445.8450,4468.0750,4443.6150,4456.8750,12.3347
2026-01-07 20:00:00,4456.8350,4463.7350,4449.6880,4463.2050,4.5829
2026-01-08 00:00:00,4463.1450,4466.0750,4433.2750,4439.9250,11.0807
2026-01-08 04:00:00,4439.9250,4440.2550,4415.2150,4430.7450,10.2243
2026-01-08 08:00:00,4430.7250,4435.1450,4419.4380,4422.6750,6.6802
2026-01-08 12:00:00,4422.7350,4456.3150,4407.4850,4454.0150,15.2631
2026-01-08 16:00:00,4454.0350,4465.1650,4444.5650,4451.8950,8.9966
2026-01-08 20:00:00,4451.8750,4483.5480,4451.2850,4475.4850,4.0988
2026-01-09 00:00:00,4475.4450,4476.6750,4452.5850,4463.9050,7.9560
2026-01-09 04:00:00,4463.8750,4477.1250,4457.9850,4469.9350,5.1990
2026-01-09 08:00:00,4470.0250,4477.4450,4463.9050,4475.0480,5.2876
2026-01-09 12:00:00,4474.9950,4516.8980,4458.5950,4511.9880,14.6905
2026-01-09 16:00:00,4511.9880,4513.9080,4481.6150,4498.9250,17.4141
2026-01-09 20:00:00,4498.8650,4510.9980,4497.4050,4509.0150,6.0365
2026-01-10 00:00:00,4509.0150,4509.0150,4509.0150,4509.0150,0.0000
2026-01-10 04:00:00,4509.0150,4509.0150,4509.0150,4509.0150,0.0000
2026-01-10 08:00:00,4509.0150,4509.0150,4509.0150,4509.0150,0.0000
2026-01-10 12:00:00,4509.0150,4509.0150,4509.0150,4509.0150,0.0000
2026-01-10 16:00:00,4509.0150,4509.0150,4509.0150,4509.0150,0.0000
2026-01-10 20:00:00,4509.0150,4509.0150,4509.0150,4509.0150,0.0000
2026-01-11 00:00:00,4509.0150,4509.0150,4509.0150,4509.0150,0.0000
2026-01-11 04:00:00,4509.0150,4509.0150,4509.0150,4509.0150,0.0000
2026-01-11 08:00:00,4509.0150,4509.0150,4509.0150,4509.0150,0.0000
2026-01-11 12:00:00,4509.0150,4509.0150,4509.0150,4509.0150,0.0000
2026-01-11 16:00:00,4509.0150,4509.0150,4509.0150,4509.0150,0.0000
2026-01-11 20:00:00,4509.0150,4544.7350,4509.0150,4539.8550,1.9448
2026-01-12 00:00:00,4539.7750,4601.0480,4536.0550,4570.2850,12.8327
2026-01-12 04:00:00,4570.3050,4589.4650,4563.1180,4587.4850,7.0169
2026-01-12 08:00:00,4587.4550,4599.2450,4579.2350,4584.9950,6.7358
2026-01-12 12:00:00,4585.0150,4627.2750,4578.1450,4621.1350,14.2223
2026-01-12 16:00:00,4620.7650,4629.9750,4600.2150,4610.9750,9.7712
2026-01-12 20:00:00,4611.0150,4611.6250,4577.3350,4599.0950,6.7907
2026-01-13 00:00:00,4599.2050,4599.4550,4575.2750,4593.9550,7.7682
2026-01-13 04:00:00,4593.9250,4601.9450,4573.3250,4580.4450,5.9026
2026-01-13 08:00:00,4580.4950,4596.8550,4579.5050,4588.3650,5.3653
2026-01-13 12:00:00,4588.4350,4634.2850,4577.6150,4618.9050,16.7070
2026-01-13 16:00:00,4618.8850,4620.4450,4580.8350,4597.3050,15.0765
2026-01-13 20:00:00,4597.3250,4598.6550,4569.1850,4596.8050,6.2676
2026-01-14 00:00:00,4596.7950,4629.8650,4596.7450,4627.9550,7.1248
2026-01-14 04:00:00,4627.9750,4639.5350,4617.6850,4632.1450,8.0101
2026-01-14 08:00:00,4632.1250,4639.4250,4621.2650,4630.1450,5.9114
2026-01-14 12:00:00,4630.3750,4641.5950,4599.1650,4617.7150,12.7875
2026-01-14 16:00:00,4617.7350,4642.6950,4600.9850,4638.9950,12.6861
2026-01-14 20:00:00,4639.0450,4641.3350,4602.5750,4615.0150,6.2512
2026-01-15 00:00:00,4614.9350,4617.9150,4580.9250,4592.0150,10.4988
2026-01-15 04:00:00,4592.0150,4613.3650,4580.8150,4601.5650,8.0994
2026-01-15 08:00:00,4601.5850,4622.7550,4597.6850,4619.0050,5.5854
2026-01-15 12:00:00,4619.1050,4620.5550,4582.1350,4615.1450,15.4952
2026-01-15 16:00:00,4615.1650,4624.3250,4600.9750,4615.6350,12.2086
2026-01-15 20:00:00,4615.6350,4620.4480,4600.3990,4609.8550,7.1611
2026-01-16 00:00:00,4609.8350,4610.8450,4590.9750,4596.1150,7.9735
2026-01-16 04:00:00,4596.0550,4615.7350,4593.8650,4607.2850,7.2260
2026-01-16 08:00:00,4607.2450,4615.9650,4598.2850,4612.3350,4.3615
2026-01-16 12:00:00,4612.3650,4620.0350,4536.5150,4570.8550,15.0111
2026-01-16 16:00:00,4570.8350,4598.8350,4567.1380,4590.2450,10.2094
2026-01-16 20:00:00,4590.2850,4598.0850,4580.3350,4595.5150,4.7121
2026-01-17 00:00:00,4595.5150,4595.5150,4595.5150,4595.5150,0.0000
2026-01-17 04:00:00,4595.5150,4595.5150,4595.5150,4595.5150,0.0000
2026-01-17 08:00:00,4595.5150,4595.5150,4595.5150,4595.5150,0.0000
2026-01-17 12:00:00,4595.5150,4595.5150,4595.5150,4595.5150,0.0000
2026-01-17 16:00:00,4595.5150,4595.5150,4595.5150,4595.5150,0.0000
2026-01-17 20:00:00,4595.5150,4595.5150,4595.5150,4595.5150,0.0000
2026-01-18 00:00:00,4595.5150,4595.5150,4595.5150,4595.5150,0.0000
2026-01-18 04:00:00,4595.5150,4595.5150,4595.5150,4595.5150,0.0000
2026-01-18 08:00:00,4595.5150,4595.5150,4595.5150,4595.5150,0.0000
2026-01-18 12:00:00,4595.5150,4595.5150,4595.5150,4595.5150,0.0000
2026-01-18 16:00:00,4595.5150,4595.5150,4595.5150,4595.5150,0.0000
2026-01-18 20:00:00,4595.5150,4690.2650,4595.5150,4672.3650,2.8176
2026-01-19 00:00:00,4672.3750,4681.7350,4652.8450,4658.0480,8.6108
2026-01-19 04:00:00,4658.2080,4678.8550,4657.8980,4664.9550,5.6380
2026-01-19 08:00:00,4664.9550,4673.6550,4659.4250,4660.2950,5.2747
2026-01-19 12:00:00,4660.3350,4675.9550,4659.8250,4674.0550,6.7729
2026-01-19 16:00:00,4674.0850,4680.1050,4666.8480,4669.9750,3.5773
2026-01-19 20:00:00,4669.9750,4676.4480,4664.1850,4665.1350,0.7704
2026-01-20 00:00:00,4665.1450,4681.3550,4659.2450,4679.9850,6.1327
2026-01-20 04:00:00,4679.9650,4722.5050,4679.4050,4715.9150,7.3284
2026-01-20 08:00:00,4715.9450,4737.2850,4714.7450,4732.8850,6.6588
2026-01-20 12:00:00,4732.6780,4750.8350,4715.0750,4737.2150,16.5385
2026-01-20 16:00:00,4737.2350,4766.1450,4728.6850,4760.5550,10.8842
2026-01-20 20:00:00,4760.5050,4780.8950,4747.0480,4775.6250,4.5756
2026-01-21 00:00:00,4775.6050,4849.5450,4770.1980,4844.7350,8.9206
2026-01-21 04:00:00,4844.6750,4888.0750,4832.3750,4855.0550,8.7696
2026-01-21 08:00:00,4855.0750,4876.9650,4851.3250,4866.7050,5.5499
2026-01-21 12:00:00,4866.7350,4880.6350,4812.4150,4847.5050,11.8382
2026-01-21 16:00:00,4847.5350,4855.4350,4755.3450,4780.9950,13.7033
2026-01-21 20:00:00,4780.8580,4839.5350,4771.9150,4777.9150,7.0028
2026-01-22 00:00:00,4777.8750,4809.4050,4772.1850,4796.3650,8.3787
2026-01-22 04:00:00,4796.3950,4839.3530,4793.5050,4832.4850,5.6112
2026-01-22 08:00:00,4832.4650,4837.9250,4813.6050,4831.0150,4.5456
2026-01-22 12:00:00,4830.9850,4873.5350,4810.5350,4871.6150,9.1095
2026-01-22 16:00:00,4871.6450,4924.2350,4867.9150,4911.5750,8.9616
2026-01-22 20:00:00,4911.5950,4960.4350,4911.3750,4958.7950,4.1393
2026-01-23 00:00:00,4958.7850,4967.0750,4935.9950,4951.8550,6.0456
2026-01-23 04:00:00,4951.8350,4967.2350,4943.1050,4944.3250,4.0806
2026-01-23 08:00:00,4944.3050,4947.5650,4899.5450,4922.6250,6.3311
2026-01-23 12:00:00,4923.0250,4963.2650,4918.2050,4960.2950,9.6981
2026-01-23 16:00:00,4960.3450,4989.6750,4957.9950,4983.9450,8.8613
2026-01-23 20:00:00,4983.8750,4989.6480,4970.3850,4983.7850,3.1830
2026-01-24 00:00:00,4983.7850,4983.7850,4983.7850,4983.7850,0.0000
2026-01-24 04:00:00,4983.7850,4983.7850,4983.7850,4983.7850,0.0000
2026-01-24 08:00:00,4983.7850,4983.7850,4983.7850,4983.7850,0.0000
2026-01-24 12:00:00,4983.7850,4983.7850,4983.7850,4983.7850,0.0000
2026-01-24 16:00:00,4983.7850,4983.7850,4983.7850,4983.7850,0.0000
2026-01-24 20:00:00,4983.7850,4983.7850,4983.7850,4983.7850,0.0000
2026-01-25 00:00:00,4983.7850,4983.7850,4983.7850,4983.7850,0.0000
2026-01-25 04:00:00,4983.7850,4983.7850,4983.7850,4983.7850,0.0000
2026-01-25 08:00:00,4983.7850,4983.7850,4983.7850,4983.7850,0.0000
2026-01-25 12:00:00,4983.7850,4983.7850,4983.7850,4983.7850,0.0000
2026-01-25 16:00:00,4983.7850,4983.7850,4983.7850,4983.7850,0.0000
2026-01-25 20:00:00,4983.7850,5039.6950,4983.7850,5039.3950,2.3352
2026-01-26 00:00:00,5039.5250,5092.7850,5028.7450,5076.5250,11.5143
2026-01-26 04:00:00,5076.4450,5110.8850,5052.1750,5088.8550,8.9106
2026-01-26 08:00:00,5088.8150,5098.3760,5075.1450,5091.3450,6.8020
2026-01-26 12:00:00,5091.3850,5097.2150,5054.3750,5090.6150,11.4887
2026-01-26 16:00:00,5090.6550,5105.0150,5008.0180,5028.2250,16.3975
2026-01-26 20:00:00,5028.2650,5062.0550,4989.8050,5043.1950,10.5697
2026-01-27 00:00:00,5043.2250,5079.5750,5013.5950,5076.8150,9.9619
2026-01-27 04:00:00,5076.7850,5100.5850,5057.0050,5085.7250,9.0135
2026-01-27 08:00:00,5085.7250,5099.3450,5066.8080,5076.7050,7.0720
2026-01-27 12:00:00,5076.7550,5092.6950,5046.4650,5090.7750,13.7018
2026-01-27 16:00:00,5090.5750,5103.0750,5076.1350,5098.7450,10.9583
2026-01-27 20:00:00,5098.7150,5190.2350,5097.7450,5171.8950,9.2560
2026-01-28 00:00:00,5171.9750,5247.4750,5157.1150,5234.9450,12.3069
2026-01-28 04:00:00,5234.8450,5292.5650,5232.1050,5290.3350,9.0031
2026-01-28 08:00:00,5290.2850,5311.2450,5238.3450,5261.3750,10.1202
2026-01-28 12:00:00,5261.3850,5298.1250,5235.2380,5278.0850,16.8221
2026-01-28 16:00:00,5278.0450,5331.5980,5268.2450,5325.1050,16.9827
2026-01-28 20:00:00,5324.8890,5596.8050,5320.9550,5512.2550,12.1902
2026-01-29 00:00:00,5512.7950,5551.3150,5444.3480,5545.6550,15.0545
2026-01-29 04:00:00,5545.6350,5595.2750,5515.4850,5548.7550,13.6069
2026-01-29 08:00:00,5548.7250,5554.5850,5470.5450,5522.4450,11.8748
2026-01-29 12:00:00,5522.4250,5549.3350,5098.7650,5181.8480,17.3839
2026-01-29 16:00:00,5181.8250,5375.2550,5171.4550,5305.3850,19.8203
2026-01-29 20:00:00,5305.3950,5447.6490,5282.3350,5437.9950,10.1460
2026-01-30 00:00:00,5437.9950,5450.7450,5111.3980,5195.4150,18.5955
2026-01-30 04:00:00,5195.3350,5240.8650,5117.2050,5180.8050,15.1467
2026-01-30 08:00:00,5180.8050,5180.8050,4940.8950,5135.2850,23.4924
2026-01-30 12:00:00,5135.2850,5145.4450,4979.7250,5050.0450,27.4232
2026-01-30 16:00:00,5050.0350,5051.5280,4679.7250,4931.9250,25.6896
2026-01-30 20:00:00,4931.9750,4932.2450,4806.4280,4895.1180,9.2779
2026-01-31 00:00:00,4895.1180,4895.1180,4895.1180,4895.1180,0.0000
2026-01-31 04:00:00,4895.1180,4895.1180,4895.1180,4895.1180,0.0000
2026-01-31 08:00:00,4895.1180,4895.1180,4895.1180,4895.1180,0.0000
2026-01-31 12:00:00,4895.1180,4895.1180,4895.1180,4895.1180,0.0000
2026-01-31 16:00:00,4895.1180,4895.1180,4895.1180,4895.1180,0.0000
2026-01-31 20:00:00,4895.1180,4895.1180,4895.1180,4895.1180,0.0000
2026-02-01 00:00:00,4895.1180,4895.1180,4895.1180,4895.1180,0.0000
2026-02-01 04:00:00,4895.1180,4895.1180,4895.1180,4895.1180,0.0000
2026-02-01 08:00:00,4895.1180,4895.1180,4895.1180,4895.1180,0.0000
2026-02-01 12:00:00,4895.1180,4895.1180,4895.1180,4895.1180,0.0000
2026-02-01 16:00:00,4895.1180,4895.1180,4895.1180,4895.1180,0.0000
2026-02-01 20:00:00,4895.1180,4895.1180,4694.5750,4741.7450,1.7657
2026-02-02 00:00:00,4741.7250,4884.2480,4582.7980,4645.6050,23.2208
2026-02-02 04:00:00,4646.1250,4712.1880,4401.0380,4586.1550,25.2042
2026-02-02 08:00:00,4586.1950,4779.0250,4557.9050,4765.2450,24.1485
2026-02-02 12:00:00,4765.3450,4811.8950,4616.3950,4619.3450,27.9387
2026-02-02 16:00:00,4619.2350,4713.3180,4596.1250,4684.7080,21.1993
2026-02-02 20:00:00,4684.7080,4775.4150,4643.3250,4773.9350,10.4531
2026-02-03 00:00:00,4773.9750,4856.2480,4744.8080,4808.7950,21.7468
2026-02-03 04:00:00,4808.6650,4933.3050,4800.2150,4916.9350,12.5643
2026-02-03 08:00:00,4916.9050,4949.3950,4883.4450,4916.4750,9.0612
2026-02-03 12:00:00,4916.9910,4950.8350,4891.8550,4935.1150,14.2412
2026-02-03 16:00:00,4935.2650,4993.4580,4880.2950,4926.9450,19.8486
2026-02-03 20:00:00,4926.9250,4971.0980,4901.9450,4946.8750,7.7530
2026-02-04 00:00:00,4946.8950,5073.3150,4945.7250,5069.8050,11.6750
2026-02-04 04:00:00,5069.8150,5091.1150,5050.7450,5084.2980,7.6888
2026-02-04 08:00:00,5084.2980,5091.3950,5013.0150,5047.2550,8.9700
2026-02-04 12:00:00,5047.1650,5063.1550,4886.7980,4919.9950,15.2994
2026-02-04 16:00:00,4919.9750,4957.3350,4844.1650,4941.5350,17.8153
2026-02-04 20:00:00,4941.5150,5023.4050,4914.1350,5011.8950,5.6580
2026-02-05 00:00:00,5011.7050,5020.1750,4787.6850,4879.9050,17.8758
2026-02-05 04:00:00,4879.8950,4939.9250,4824.1150,4915.5050,13.4799
2026-02-05 08:00:00,4914.8050,4943.2150,4847.2050,4867.8450,11.6117
2026-02-05 12:00:00,4867.4980,4877.9050,4800.0550,4817.3450,20.9418
2026-02-05 16:00:00,4817.2650,4906.0950,4812.1550,4829.1350,14.4206
2026-02-05 20:00:00,4828.8790,4842.9850,4702.9150,4703.2750,6.9020
2026-02-06 00:00:00,4703.2650,4846.0450,4654.3550,4823.9950,17.5240
2026-02-06 04:00:00,4823.9150,4902.9750,4806.8950,4840.1850,9.5999
2026-02-06 08:00:00,4840.1850,4895.4980,4828.5750,4886.7350,8.6777
2026-02-06 12:00:00,4886.7250,4964.3380,4871.5550,4943.3650,12.9529
2026-02-06 16:00:00,4943.4550,4970.8980,4921.5780,4957.0150,7.1019
2026-02-06 20:00:00,4957.0650,4967.5980,4936.3850,4964.2980,2.5661
2026-02-07 00:00:00,4964.2980,4964.2980,4964.2980,4964.2980,0.0000
2026-02-07 04:00:00,4964.2980,4964.2980,4964.2980,4964.2980,0.0000
2026-02-07 08:00:00,4964.2980,4964.2980,4964.2980,4964.2980,0.0000
2026-02-07 12:00:00,4964.2980,4964.2980,4964.2980,4964.2980,0.0000
2026-02-07 16:00:00,4964.2980,4964.2980,4964.2980,4964.2980,0.0000
2026-02-07 20:00:00,4964.2980,4964.2980,4964.2980,4964.2980,0.0000
2026-02-08 00:00:00,4964.2980,4964.2980,4964.2980,4964.2980,0.0000
2026-02-08 04:00:00,4964.2980,4964.2980,4964.2980,4964.2980,0.0000
2026-02-08 08:00:00,4964.2980,4964.2980,4964.2980,4964.2980,0.0000
2026-02-08 12:00:00,4964.2980,4964.2980,4964.2980,4964.2980,0.0000
2026-02-08 16:00:00,4964.2980,4964.2980,4964.2980,4964.2980,0.0000
2026-02-08 20:00:00,4964.2980,5046.8050,4962.6050,5035.4750,2.1799
2026-02-09 00:00:00,5035.4750,5044.1950,4967.8350,5015.7350,12.3408
2026-02-09 04:00:00,5015.8850,5045.6150,4994.9550,5006.0950,7.2510
2026-02-09 08:00:00,5006.1250,5040.7850,4982.1250,5010.5850,5.1991
2026-02-09 12:00:00,5010.6150,5060.0450,4994.8550,5058.6750,8.7953
2026-02-09 16:00:00,5058.7050,5080.4950,5040.6350,5074.1950,6.5394
2026-02-09 20:00:00,5074.2750,5086.2650,4985.7480,5031.2450,5.6778
2026-02-10 00:00:00,5031.0950,5055.9350,5008.1550,5029.8550,11.0068
2026-02-10 04:00:00,5029.6550,5045.1950,5010.9250,5033.7650,6.9581
2026-02-10 08:00:00,5033.5190,5063.0550,5028.6050,5055.6750,4.6712
2026-02-10 12:00:00,5055.6950,5078.4850,4998.6850,5019.0280,9.9632
2026-02-10 16:00:00,5019.0350,5039.8750,5004.5580,5027.6850,7.0470
2026-02-10 20:00:00,5027.7050,5054.4350,5020.0450,5041.5750,3.3163
2026-02-11 00:00:00,5041.5350,5060.4250,5027.7550,5054.0550,5.1398
2026-02-11 04:00:00,5054.0250,5069.1250,5043.2850,5055.2550,3.8834
2026-02-11 08:00:00,5054.7350,5116.1850,5045.3650,5111.4050,5.6876
2026-02-11 12:00:00,5112.0650,5118.8150,5017.9950,5059.8850,12.6519
2026-02-11 16:00:00,5059.5150,5098.7650,5042.7450,5081.7050,9.8517
2026-02-11 20:00:00,5081.6950,5099.7980,5051.9250,5060.7850,5.2440
2026-02-12 00:00:00,5060.6250,5074.4250,5044.3680,5056.6550,6.4283
2026-02-12 04:00:00,5056.6050,5077.9950,5046.6780,5063.3850,4.2349
2026-02-12 08:00:00,5063.4150,5080.5350,5051.8950,5063.5050,3.9886
2026-02-12 12:00:00,5063.5580,5083.4750,5039.2650,5060.2480,7.3619
2026-02-12 16:00:00,5060.2950,5067.8950,4877.2550,4945.3250,18.4213
2026-02-12 20:00:00,4945.4250,4948.2050,4886.2580,4919.7750,6.1087
2026-02-13 00:00:00,4919.8750,4991.3150,4913.5050,4981.1150,6.6868
2026-02-13 04:00:00,4981.0950,4996.9550,4944.4750,4974.8450,5.3182
2026-02-13 08:00:00,4974.7050,4989.3150,4933.4950,4953.7950,6.9041
2026-02-13 12:00:00,4953.3550,5020.1550,4951.7950,4976.3380,10.4515
2026-02-13 16:00:00,4976.3750,5045.8050,4975.2980,5023.2850,7.8698
2026-02-13 20:00:00,5023.5950,5045.9650,5021.2750,5040.2850,2.7276
2026-02-14 00:00:00,5040.2850,5040.2850,5040.2850,5040.2850,0.0000
2026-02-14 04:00:00,5040.2850,5040.2850,5040.2850,5040.2850,0.0000
2026-02-14 08:00:00,5040.2850,5040.2850,5040.2850,5040.2850,0.0000
2026-02-14 12:00:00,5040.2850,5040.2850,5040.2850,5040.2850,0.0000
2026-02-14 16:00:00,5040.2850,5040.2850,5040.2850,5040.2850,0.0000
2026-02-14 20:00:00,5040.2850,5040.2850,5040.2850,5040.2850,0.0000
2026-02-15 00:00:00,5040.2850,5040.2850,5040.2850,5040.2850,0.0000
2026-02-15 04:00:00,5040.2850,5040.2850,5040.2850,5040.2850,0.0000
2026-02-15 08:00:00,5040.2850,5040.2850,5040.2850,5040.2850,0.0000
2026-02-15 12:00:00,5040.2850,5040.2850,5040.2850,5040.2850,0.0000
2026-02-15 16:00:00,5040.2850,5040.2850,5040.2850,5040.2850,0.0000
2026-02-15 20:00:00,5040.2850,5051.6780,5006.6280,5019.8980,1.8144
2026-02-16 00:00:00,5019.6550,5030.9450,4967.3050,4987.1950,5.1838
2026-02-16 04:00:00,4987.1950,5009.7380,4964.8680,5006.9850,3.7555
2026-02-16 08:00:00,5006.9850,5017.0550,4995.2950,5004.0750,2.7209
2026-02-16 12:00:00,5004.1150,5007.8650,4968.6650,4979.4050,3.6700
2026-02-16 16:00:00,4979.3650,4997.5350,4972.8750,4990.3750,2.1476
2026-02-16 20:00:00,4990.3750,5000.6450,4984.4450,4989.4350,0.7446
2026-02-17 00:00:00,4989.4650,4991.0050,4922.5580,4956.5050,5.1596
2026-02-17 04:00:00,4956.4250,4960.0550,4856.6480,4916.7650,6.1748
2026-02-17 08:00:00,4916.8850,4938.9650,4907.3550,4929.0150,3.7725
2026-02-17 12:00:00,4928.6790,4944.2550,4840.0950,4878.1350,12.3266
2026-02-17 16:00:00,4878.1650,4910.1650,4849.6450,4879.9750,9.8985
2026-02-17 20:00:00,4879.9250,4886.4850,4853.7750,4858.8150,5.2454
2026-02-18 00:00:00,4858.8550,4921.9750,4857.8480,4920.4250,4.0099
2026-02-18 04:00:00,4920.4450,4942.0950,4918.0150,4929.9950,2.6803
2026-02-18 08:00:00,4929.9450,4932.0980,4906.0550,4912.7350,3.0571
2026-02-18 12:00:00,4912.7750,5008.6980,4911.7650,4997.6250,7.1137
2026-02-18 16:00:00,4997.7650,5010.8150,4972.6550,4980.3150,7.0108
2026-02-18 20:00:00,4980.3350,4988.4950,4965.2550,4975.6350,3.2221
2026-02-19 00:00:00,4975.6150,4982.9250,4960.0480,4981.2780,2.6048
2026-02-19 04:00:00,4981.1150,5021.5550,4976.6550,5010.0250,2.1578
2026-02-19 08:00:00,5010.0050,5022.0150,4977.6950,4984.1150,4.3246
2026-02-19 12:00:00,4984.1250,5021.9480,4962.6380,5013.4450,8.8273
2026-02-19 16:00:00,5013.3980,5014.0250,4975.0650,4987.6750,6.1974
2026-02-19 20:00:00,4987.7150,5007.4980,4985.1350,4987.4450,2.8483
2026-02-20 00:00:00,4987.5080,5014.5150,4981.3150,4987.6850,2.7644
2026-02-20 04:00:00,4988.0450,5029.6750,4986.3650,5006.0050,2.8636
2026-02-20 08:00:00,5006.0350,5042.3250,5004.6650,5016.9550,4.3529
2026-02-20 12:00:00,5017.3950,5063.7750,4989.0250,5042.3180,11.0795
2026-02-20 16:00:00,5042.3180,5079.6750,5038.3650,5079.0980,9.4876
2026-02-20 20:00:00,5079.1650,5107.6980,5076.5550,5106.1690,3.2630
2026-02-21 00:00:00,5106.1690,5106.1690,5106.1690,5106.1690,0.0000
2026-02-21 04:00:00,5106.1690,5106.1690,5106.1690,5106.1690,0.0000
2026-02-21 08:00:00,5106.1690,5106.1690,5106.1690,5106.1690,0.0000
2026-02-21 12:00:00,5106.1690,5106.1690,5106.1690,5106.1690,0.0000
2026-02-21 16:00:00,5106.1690,5106.1690,5106.1690,5106.1690,0.0000
2026-02-21 20:00:00,5106.1690,5106.1690,5106.1690,5106.1690,0.0000
2026-02-22 00:00:00,5106.1690,5106.1690,5106.1690,5106.1690,0.0000
2026-02-22 04:00:00,5106.1690,5106.1690,5106.1690,5106.1690,0.0000
2026-02-22 08:00:00,5106.1690,5106.1690,5106.1690,5106.1690,0.0000
2026-02-22 12:00:00,5106.1690,5106.1690,5106.1690,5106.1690,0.0000
2026-02-22 16:00:00,5106.1690,5106.1690,5106.1690,5106.1690,0.0000
2026-02-22 20:00:00,5106.1690,5171.5650,5096.9580,5165.0250,2.0863
2026-02-23 00:00:00,5164.2550,5176.3850,5129.0350,5166.4150,7.2487
2026-02-23 04:00:00,5166.3450,5168.5850,5124.9650,5136.5350,4.6516
2026-02-23 08:00:00,5136.2450,5163.2950,5121.8180,5149.4750,4.0469
2026-02-23 12:00:00,5149.2750,5204.8750,5141.2250,5195.9280,8.7251
2026-02-23 16:00:00,5195.5880,5218.8650,5175.5450,5215.2980,8.5753
2026-02-23 20:00:00,5215.2650,5249.5750,5214.5150,5235.3450,4.4849
2026-02-24 00:00:00,5235.3950,5237.8250,5144.6980,5171.7650,8.4636
2026-02-24 04:00:00,5171.7650,5185.5450,5156.3050,5179.1250,4.4081
2026-02-24 08:00:00,5178.8690,5181.6480,5162.8450,5172.5450,4.4048
2026-02-24 12:00:00,5172.5250,5173.2550,5093.2250,5150.0980,11.4285
2026-02-24 16:00:00,5150.0980,5170.0450,5130.4980,5153.7050,7.9717
2026-02-24 20:00:00,5153.7350,5173.0750,5127.0480,5146.3650,3.6724
2026-02-25 00:00:00,5146.3950,5193.5180,5136.5350,5181.6480,5.3823
2026-02-25 04:00:00,5181.6480,5210.3350,5171.9450,5184.4550,4.0056
2026-02-25 08:00:00,5184.4150,5197.0250,5154.8950,5181.3150,3.8623
2026-02-25 12:00:00,5181.2950,5202.3550,5158.4450,5194.6450,8.0362
2026-02-25 16:00:00,5194.6250,5217.3850,5189.4450,5204.7450,5.8831
2026-02-25 20:00:00,5204.7850,5206.0980,5144.9580,5162.9050,4.5771
2026-02-26 00:00:00,5162.9250,5198.2850,5154.8350,5192.4550,6.4151
2026-02-26 04:00:00,5192.4250,5205.2150,5179.3580,5185.7450,4.5344
2026-02-26 08:00:00,5186.0750,5190.6050,5160.9850,5164.4050,4.2080
2026-02-26 12:00:00,5164.4650,5192.5350,5129.4950,5185.3880,10.8642
2026-02-26 16:00:00,5185.3880,5193.8450,5160.1150,5186.7650,7.4285
2026-02-26 20:00:00,5186.5480,5200.8650,5172.8450,5184.3450,4.3365
2026-02-27 00:00:00,5184.3750,5199.4250,5166.5350,5183.6750,6.7406
2026-02-27 04:00:00,5183.6450,5200.0750,5175.3750,5175.7050,5.3892
2026-02-27 08:00:00,5176.1350,5185.5150,5168.1550,5185.4950,4.3796
2026-02-27 12:00:00,5185.4650,5246.2480,5182.6380,5239.2150,12.8814
2026-02-27 16:00:00,5239.3650,5257.4050,5220.3750,5249.6980,10.7665
2026-02-27 20:00:00,5249.7050,5280.8780,5248.3350,5277.4190,4.6246
2026-02-28 00:00:00,5277.4190,5277.4190,5277.4190,5277.4190,0.0000
2026-02-28 04:00:00,5277.4190,5277.4190,5277.4190,5277.4190,0.0000
2026-02-28 08:00:00,5277.4190,5277.4190,5277.4190,5277.4190,0.0000
2026-02-28 12:00:00,5277.4190,5277.4190,5277.4190,5277.4190,0.0000
2026-02-28 16:00:00,5277.4190,5277.4190,5277.4190,5277.4190,0.0000
2026-02-28 20:00:00,5277.4190,5277.4190,5277.4190,5277.4190,0.0000
2026-03-01 00:00:00,5277.4190,5277.4190,5277.4190,5277.4190,0.0000
2026-03-01 04:00:00,5277.4190,5277.4190,5277.4190,5277.4190,0.0000
2026-03-01 08:00:00,5277.4190,5277.4190,5277.4190,5277.4190,0.0000
2026-03-01 12:00:00,5277.4190,5277.4190,5277.4190,5277.4190,0.0000
2026-03-01 16:00:00,5277.4190,5277.4190,5277.4190,5277.4190,0.0000
2026-03-01 20:00:00,5277.4190,5392.9950,5277.4190,5386.5450,3.1706
2026-03-02 00:00:00,5386.6750,5387.6450,5302.6950,5366.0950,11.5762
2026-03-02 04:00:00,5366.0650,5418.8750,5340.5750,5408.1050,6.2732
2026-03-02 08:00:00,5408.0750,5416.4550,5374.8650,5385.1550,6.0710
2026-03-02 12:00:00,5385.0350,5416.6250,5305.0690,5315.5050,13.8672
2026-03-02 16:00:00,5314.9250,5333.7950,5260.0950,5330.1950,10.6639
2026-03-02 20:00:00,5330.2350,5346.6580,5320.6980,5345.6950,4.5951
2026-03-03 00:00:00,5345.7550,5379.7550,5332.5250,5367.1150,7.0989
2026-03-03 04:00:00,5367.0550,5375.2550,5278.5980,5327.4350,7.1817
2026-03-03 08:00:00,5327.3950,5335.7350,5071.6450,5144.3180,13.0659
2026-03-03 12:00:00,5144.4850,5226.5050,4995.4750,5095.0980,19.3224
2026-03-03 16:00:00,5094.9980,5148.6450,5065.0450,5112.9850,14.7088
2026-03-03 20:00:00,5113.4850,5130.0850,5082.9550,5125.0350,5.9121
2026-03-04 00:00:00,5125.0150,5190.6750,5105.3480,5173.9780,9.0682
2026-03-04 04:00:00,5173.7950,5180.5050,5119.3950,5168.0250,8.9848
2026-03-04 08:00:00,5168.1480,5202.0480,5147.2380,5191.9750,6.2357
2026-03-04 12:00:00,5192.0550,5205.9950,5130.9650,5151.0050,14.1625
2026-03-04 16:00:00,5150.9950,5162.1380,5108.6780,5137.7250,11.3621
2026-03-04 20:00:00,5137.4950,5165.9650,5123.4950,5165.0250,4.2089
2026-03-05 00:00:00,5164.9950,5194.6150,5159.1050,5179.9150,5.5080
2026-03-05 04:00:00,5179.9350,5186.4150,5119.9950,5161.8450,6.3159
2026-03-05 08:00:00,5161.8050,5180.1650,5137.2180,5163.6550,6.2284
2026-03-05 12:00:00,5163.6150,5171.2550,5060.0250,5102.2250,10.9577
2026-03-05 16:00:00,5102.2550,5104.4750,5050.6380,5065.8950,12.4973
2026-03-05 20:00:00,5065.8050,5101.7050,5061.4850,5085.8850,5.0395
2026-03-06 00:00:00,5085.8350,5143.6650,5066.2150,5130.7050,5.4775
2026-03-06 04:00:00,5130.7450,5136.0950,5105.4950,5119.4350,3.9315
2026-03-06 08:00:00,5119.4550,5122.7650,5062.1250,5076.6550,5.8312
2026-03-06 12:00:00,5076.7050,5171.2380,5065.0580,5141.6150,14.1302
2026-03-06 16:00:00,5141.5850,5174.3550,5125.7350,5159.4750,9.0510
2026-03-06 20:00:00,5159.5350,5175.0480,5149.1550,5171.7980,2.4886
2026-03-07 00:00:00,5171.7980,5171.7980,5171.7980,5171.7980,0.0000
2026-03-07 04:00:00,5171.7980,5171.7980,5171.7980,5171.7980,0.0000
2026-03-07 08:00:00,5171.7980,5171.7980,5171.7980,5171.7980,0.0000
2026-03-07 12:00:00,5171.7980,5171.7980,5171.7980,5171.7980,0.0000
2026-03-07 16:00:00,5171.7980,5171.7980,5171.7980,5171.7980,0.0000
2026-03-07 20:00:00,5171.7980,5171.7980,5171.7980,5171.7980,0.0000
2026-03-08 00:00:00,5171.7980,5171.7980,5171.7980,5171.7980,0.0000
2026-03-08 04:00:00,5171.7980,5171.7980,5171.7980,5171.7980,0.0000
2026-03-08 08:00:00,5171.7980,5171.7980,5171.7980,5171.7980,0.0000
2026-03-08 12:00:00,5171.7980,5171.7980,5171.7980,5171.7980,0.0000
2026-03-08 16:00:00,5171.7980,5171.7980,5171.7980,5171.7980,0.0000
2026-03-08 20:00:00,5171.7980,5196.6980,5043.4680,5075.6750,6.0477
2026-03-09 00:00:00,5075.2950,5102.1450,5014.6550,5091.1150,9.7235
2026-03-09 04:00:00,5091.1450,5140.3650,5080.7650,5098.7050,6.7493
2026-03-09 08:00:00,5098.6850,5132.2350,5079.2350,5087.7950,6.9140
2026-03-09 12:00:00,5087.9350,5115.7950,5060.1390,5099.2680,12.2655
2026-03-09 16:00:00,5099.0150,5143.8980,5088.6850,5140.7850,10.8900
2026-03-09 20:00:00,5140.7650,5155.8250,5117.0650,5139.4750,3.6438
2026-03-10 00:00:00,5139.3050,5186.5780,5124.4650,5157.3750,6.9975
2026-03-10 04:00:00,5157.2380,5181.3060,5154.1250,5180.8550,5.0779
2026-03-10 08:00:00,5180.8150,5194.9450,5156.1750,5174.9750,5.4937
2026-03-10 12:00:00,5175.0050,5238.3650,5162.2250,5228.3950,9.7915
2026-03-10 16:00:00,5228.3650,5235.4750,5160.4450,5198.6480,9.4047
2026-03-10 20:00:00,5198.6480,5198.8980,5182.3950,5197.1750,1.8670
2026-03-11 00:00:00,5197.1750,5223.0150,5186.4950,5203.1450,4.2362
2026-03-11 04:00:00,5203.2250,5210.4850,5184.4250,5195.4650,3.5384
2026-03-11 08:00:00,5195.4450,5198.4650,5175.1550,5180.9850,4.4849
2026-03-11 12:00:00,5181.0050,5195.9580,5149.0650,5166.1050,13.4872
2026-03-11 16:00:00,5166.0750,5183.2950,5154.1650,5182.9650,11.1021
2026-03-11 20:00:00,5182.9750,5183.3450,5129.1750,5134.2050,3.0914
2026-03-12 00:00:00,5134.2250,5174.9450,5125.1850,5152.6480,5.3745
2026-03-12 04:00:00,5152.8480,5185.0850,5136.8550,5181.8580,3.9151
2026-03-12 08:00:00,5182.2250,5191.3880,5172.4750,5178.8350,3.9086
2026-03-12 12:00:00,5178.8550,5185.9650,5109.3650,5132.1150,10.3519
2026-03-12 16:00:00,5131.9380,5137.8250,5079.1250,5084.5950,10.3021
2026-03-12 20:00:00,5084.7250,5101.0150,5054.7950,5097.7750,2.9155
2026-03-13 00:00:00,5097.7250,5128.2250,5097.2450,5115.4350,4.2788
2026-03-13 04:00:00,5115.4350,5117.7550,5071.4550,5085.0250,5.0778
2026-03-13 08:00:00,5084.7050,5107.6450,5061.2850,5107.6050,4.9200
2026-03-13 12:00:00,5107.3450,5121.6450,5031.3550,5034.5350,10.4200
2026-03-13 16:00:00,5033.9450,5063.6650,5009.4950,5016.0780,9.2394
2026-03-13 20:00:00,5016.4250,5025.0480,5012.1550,5018.0980,1.2711
2026-03-14 00:00:00,5018.0980,5018.0980,5018.0980,5018.0980,0.0000
2026-03-14 04:00:00,5018.0980,5018.0980,5018.0980,5018.0980,0.0000
2026-03-14 08:00:00,5018.0980,5018.0980,5018.0980,5018.0980,0.0000
2026-03-14 12:00:00,5018.0980,5018.0980,5018.0980,5018.0980,0.0000
2026-03-14 16:00:00,5018.0980,5018.0980,5018.0980,5018.0980,0.0000
2026-03-14 20:00:00,5018.0980,5018.0980,5018.0980,5018.0980,0.0000
2026-03-15 00:00:00,5018.0980,5018.0980,5018.0980,5018.0980,0.0000
2026-03-15 04:00:00,5018.0980,5018.0980,5018.0980,5018.0980,0.0000
2026-03-15 08:00:00,5018.0980,5018.0980,5018.0980,5018.0980,0.0000
2026-03-15 12:00:00,5018.0980,5018.0980,5018.0980,5018.0980,0.0000
2026-03-15 16:00:00,5018.0980,5018.0980,5018.0980,5018.0980,0.0000
2026-03-15 20:00:00,5018.0980,5029.9450,4967.1250,4997.2550,4.3996
2026-03-16 00:00:00,4997.2750,5030.5550,4982.1650,5018.9250,8.1046
2026-03-16 04:00:00,5018.9450,5035.8850,4991.5180,4995.3950,4.9660
2026-03-16 08:00:00,4995.3950,5022.4850,4970.1150,4996.8450,6.2633
2026-03-16 12:00:00,4996.9650,5037.7150,4983.6250,4986.8750,10.3279
2026-03-16 16:00:00,4986.8750,5020.0950,4973.7850,5012.6050,8.3962
2026-03-16 20:00:00,5012.6080,5021.5750,4998.3750,5012.6450,1.9667
2026-03-17 00:00:00,5012.5750,5033.4450,4994.6050,5027.2650,4.5247
2026-03-17 04:00:00,5027.2150,5044.3550,5004.6850,5020.9550,4.6941
2026-03-17 08:00:00,5021.4250,5029.3750,4991.7350,5003.0150,4.4861
2026-03-17 12:00:00,5002.9950,5031.2150,4973.4950,4997.7050,9.1934
2026-03-17 16:00:00,4997.7380,5008.8450,4991.3550,5000.0550,7.2158
2026-03-17 20:00:00,5000.1050,5006.6850,4993.0150,5002.6950,1.3911
2026-03-18 00:00:00,5002.7050,5015.6750,4985.8450,4990.9650,4.8366
2026-03-18 04:00:00,4991.0050,5016.0650,4981.4250,4994.2090,4.3509
2026-03-18 08:00:00,4994.2590,4996.1390,4924.5750,4930.0550,25.2659
2026-03-18 12:00:00,4930.0850,4932.3450,4833.8650,4862.1850,15.8103
2026-03-18 16:00:00,4862.1650,4899.0850,4838.2950,4842.9350,9.4828
2026-03-18 20:00:00,4842.5750,4848.5350,4803.8450,4836.5050,4.9660
2026-03-19 00:00:00,4836.4950,4866.9950,4832.7450,4850.6050,5.4190
2026-03-19 04:00:00,4850.5150,4853.6350,4726.7550,4727.6350,7.7271
2026-03-19 08:00:00,4727.5250,4740.1450,4650.6750,4651.3850,13.2139
2026-03-19 12:00:00,4651.4550,4653.7850,4502.1080,4596.1550,20.3022
2026-03-19 16:00:00,4596.0350,4663.2150,4573.5950,4643.7650,15.0773
2026-03-19 20:00:00,4643.5250,4676.8650,4633.9050,4643.3250,3.7997
2026-03-20 00:00:00,4643.2050,4735.8350,4639.2150,4725.5950,7.0626
2026-03-20 04:00:00,4725.6150,4727.2650,4661.0650,4706.0050,6.2845
2026-03-20 08:00:00,4706.0250,4734.6450,4636.8450,4671.4150,7.7038
2026-03-20 12:00:00,4671.5350,4695.2950,4540.4550,4553.0550,16.5221
2026-03-20 16:00:00,4553.0850,4613.5750,4477.1250,4501.1350,18.8413
2026-03-20 20:00:00,4501.1850,4514.1180,4487.4250,4490.0550,2.2557
2026-03-21 00:00:00,4490.0550,4490.0550,4490.0550,4490.0550,0.0000
2026-03-21 04:00:00,4490.0550,4490.0550,4490.0550,4490.0550,0.0000
2026-03-21 08:00:00,4490.0550,4490.0550,4490.0550,4490.0550,0.0000
2026-03-21 12:00:00,4490.0550,4490.0550,4490.0550,4490.0550,0.0000
2026-03-21 16:00:00,4490.0550,4490.0550,4490.0550,4490.0550,0.0000
2026-03-21 20:00:00,4490.0550,4490.0550,4490.0550,4490.0550,0.0000
2026-03-22 00:00:00,4490.0550,4490.0550,4490.0550,4490.0550,0.0000
2026-03-22 04:00:00,4490.0550,4490.0550,4490.0550,4490.0550,0.0000
2026-03-22 08:00:00,4490.0550,4490.0550,4490.0550,4490.0550,0.0000
2026-03-22 12:00:00,4490.0550,4490.0550,4490.0550,4490.0550,0.0000
2026-03-22 16:00:00,4490.0550,4490.0550,4490.0550,4490.0550,0.0000
2026-03-22 20:00:00,4490.0550,4535.8150,4448.8350,4464.4150,4.7961
2026-03-23 00:00:00,4464.4350,4472.9750,4318.8250,4352.6650,15.2989
2026-03-23 04:00:00,4352.6450,4381.6250,4098.2750,4203.9650,16.0098
2026-03-23 08:00:00,4203.6950,4463.0150,4202.0590,4378.7950,17.2315
2026-03-23 12:00:00,4378.8250,4512.6650,4336.3050,4363.5150,20.7887
2026-03-23 16:00:00,4363.1580,4466.8950,4352.0580,4398.0250,16.4137
2026-03-23 20:00:00,4397.6250,4448.0050,4359.3480,4440.9150,5.2585
2026-03-24 00:00:00,4440.8950,4446.4350,4305.5650,4347.0450,13.2044
2026-03-24 04:00:00,4347.0250,4432.7850,4319.5150,4416.8550,12.3645
2026-03-24 08:00:00,4416.8150,4441.8650,4373.0480,4407.3450,14.8284
2026-03-24 12:00:00,4407.3750,4433.0850,4350.8380,4411.1180,33.8434
2026-03-24 16:00:00,4411.1580,4427.1480,4372.1550,4400.0850,16.7310
2026-03-24 20:00:00,4399.9980,4551.1180,4397.0250,4546.3750,8.1452
2026-03-25 00:00:00,4546.3350,4602.1250,4537.0650,4569.7380,12.7688
2026-03-25 04:00:00,4569.5950,4574.3850,4532.6680,4539.0650,9.2163
2026-03-25 08:00:00,4539.1350,4585.4750,4527.6650,4578.6650,6.8469
2026-03-25 12:00:00,4578.6050,4583.3850,4521.6950,4558.7250,12.5675
2026-03-25 16:00:00,4558.7750,4568.6950,4486.5080,4530.8350,9.5908
2026-03-25 20:00:00,4530.7450,4541.7550,4488.5750,4497.8750,4.4912
2026-03-26 00:00:00,4497.8450,4544.2750,4497.7980,4516.4250,7.5249
2026-03-26 04:00:00,4516.5850,4523.9850,4415.5050,4452.5650,7.3412
2026-03-26 08:00:00,4452.3550,4459.0750,4412.5950,4422.7950,12.2375
2026-03-26 12:00:00,4422.7750,4479.5150,4416.3350,4437.9450,16.2873
2026-03-26 16:00:00,4437.9450,4442.3980,4358.9150,4363.7650,12.9712
2026-03-26 20:00:00,4363.6850,4420.3050,4350.9950,4404.6650,5.1266
2026-03-27 00:00:00,4404.7750,4445.9350,4375.2350,4437.2650,4.9806
2026-03-27 04:00:00,4437.3150,4474.9150,4431.2150,4447.4350,4.4377
2026-03-27 08:00:00,4447.4650,4450.3880,4404.0250,4419.7450,7.1411
2026-03-27 12:00:00,4419.4950,4554.9650,4412.2950,4523.6850,17.0409
2026-03-27 16:00:00,4523.9050,4533.2850,4485.8550,4514.1150,9.8166
2026-03-27 20:00:00,4514.1050,4520.2950,4490.8850,4492.3750,0.9738
2026-03-28 00:00:00,4492.3750,4492.3750,4492.3750,4492.3750,0.0000
2026-03-28 04:00:00,4492.3750,4492.3750,4492.3750,4492.3750,0.0000
2026-03-28 08:00:00,4492.3750,4492.3750,4492.3750,4492.3750,0.0000
2026-03-28 12:00:00,4492.3750,4492.3750,4492.3750,4492.3750,0.0000
2026-03-28 16:00:00,4492.3750,4492.3750,4492.3750,4492.3750,0.0000
2026-03-28 20:00:00,4492.3750,4492.3750,4492.3750,4492.3750,0.0000
2026-03-29 00:00:00,4492.3750,4492.3750,4492.3750,4492.3750,0.0000
2026-03-29 04:00:00,4492.3750,4492.3750,4492.3750,4492.3750,0.0000
2026-03-29 08:00:00,4492.3750,4492.3750,4492.3750,4492.3750,0.0000
2026-03-29 12:00:00,4492.3750,4492.3750,4492.3750,4492.3750,0.0000
2026-03-29 16:00:00,4492.3750,4492.3750,4492.3750,4492.3750,0.0000
2026-03-29 20:00:00,4492.3750,4514.6750,4443.4850,4448.4950,4.3254
2026-03-30 00:00:00,4448.6750,4517.4450,4417.6650,4495.6650,9.8995
2026-03-30 04:00:00,4495.6950,4550.4850,4485.8850,4526.9650,6.2992
2026-03-30 08:00:00,4526.9350,4580.4650,4523.2480,4559.3750,6.3952
2026-03-30 12:00:00,4559.3550,4578.4550,4511.7480,4548.1350,10.8081
2026-03-30 16:00:00,4547.9150,4549.4050,4492.8850,4513.0950,8.8365
2026-03-30 20:00:00,4513.0850,4523.4450,4492.4450,4513.3250,3.4037
2026-03-31 00:00:00,4513.3750,4619.1950,4482.1150,4556.9350,9.4957
2026-03-31 04:00:00,4556.9150,4581.5150,4543.0650,4564.2050,6.7650
2026-03-31 08:00:00,4564.0280,4592.9550,4529.1150,4582.1150,7.1404
2026-03-31 12:00:00,4582.1550,4630.0980,4567.5550,4609.1650,12.3790
2026-03-31 16:00:00,4609.0650,4685.3250,4606.7950,4682.4650,11.3492
2026-03-31 20:00:00,4682.6850,4699.8250,4661.6250,4696.0650,3.9096
2026-04-01 00:00:00,4695.9650,4724.0050,4677.6480,4681.5580,7.1830
2026-04-01 04:00:00,4681.5780,4747.5650,4666.6050,4712.7150,7.0120
2026-04-01 08:00:00,4712.7250,4762.5550,4709.9950,4752.1350,5.7015
2026-04-01 12:00:00,4752.1650,4787.9360,4716.0050,4786.2980,10.8045
2026-04-01 16:00:00,4786.2250,4793.1350,4741.8050,4765.7350,10.7521
2026-04-01 20:00:00,4765.7150,4800.1850,4747.8750,4783.6980,3.5077
2026-04-02 00:00:00,4783.6550,4798.5250,4648.3350,4676.1850,12.5998
2026-04-02 04:00:00,4676.4050,4681.4450,4553.1580,4642.4850,8.5345
2026-04-02 08:00:00,4642.4550,4648.5550,4592.4450,4599.8750,6.5482
2026-04-02 12:00:00,4599.8750,4699.6350,4580.6250,4660.7450,16.6473
2026-04-02 16:00:00,4660.7150,4681.5350,4642.6180,4671.6950,12.0269
2026-04-02 20:00:00,4671.7450,4677.6050,4664.0250,4675.8050,0.9644
2026-04-03 00:00:00,4675.8050,4675.8050,4675.8050,4675.8050,0.0000
2026-04-03 04:00:00,4675.8050,4675.8050,4675.8050,4675.8050,0.0000
2026-04-03 08:00:00,4675.8050,4675.8050,4675.8050,4675.8050,0.0000
2026-04-03 12:00:00,4675.8050,4675.8050,4675.8050,4675.8050,0.0000
2026-04-03 16:00:00,4675.8050,4675.8050,4675.8050,4675.8050,0.0000
2026-04-03 20:00:00,4675.8050,4675.8050,4675.8050,4675.8050,0.0000
2026-04-04 00:00:00,4675.8050,4675.8050,4675.8050,4675.8050,0.0000
2026-04-04 04:00:00,4675.8050,4675.8050,4675.8050,4675.8050,0.0000
2026-04-04 08:00:00,4675.8050,4675.8050,4675.8050,4675.8050,0.0000
2026-04-04 12:00:00,4675.8050,4675.8050,4675.8050,4675.8050,0.0000
2026-04-04 16:00:00,4675.8050,4675.8050,4675.8050,4675.8050,0.0000
2026-04-04 20:00:00,4675.8050,4675.8050,4675.8050,4675.8050,0.0000
2026-04-05 00:00:00,4675.8050,4675.8050,4675.8050,4675.8050,0.0000
2026-04-05 04:00:00,4675.8050,4675.8050,4675.8050,4675.8050,0.0000
2026-04-05 08:00:00,4675.8050,4675.8050,4675.8050,4675.8050,0.0000
2026-04-05 12:00:00,4675.8050,4675.8050,4675.8050,4675.8050,0.0000
2026-04-05 16:00:00,4675.8050,4675.8050,4675.8050,4675.8050,0.0000
2026-04-05 20:00:00,4675.8050,4675.8050,4604.3780,4610.0780,4.8128
2026-04-06 00:00:00,4610.0780,4671.4350,4600.3850,4640.2150,7.5172
2026-04-06 04:00:00,4640.1950,4688.0550,4639.6350,4684.4850,4.4025
2026-04-06 08:00:00,4684.4450,4706.2550,4676.7550,4677.6550,4.7598
2026-04-06 12:00:00,4677.6150,4697.5750,4651.5480,4667.6780,13.4388
2026-04-06 16:00:00,4667.6980,4672.2080,4645.2550,4655.0980,8.3888
2026-04-06 20:00:00,4655.0980,4667.6150,4646.8480,4658.5550,1.9123
2026-04-07 00:00:00,4659.1550,4664.2650,4616.0250,4649.2680,7.6444
2026-04-07 04:00:00,4649.2280,4663.8180,4622.7450,4645.7950,8.4045
2026-04-07 08:00:00,4645.7650,4693.9550,4628.5950,4659.2650,11.1435
2026-04-07 12:00:00,4659.5350,4670.7650,4607.3350,4655.0980,15.3620
2026-04-07 16:00:00,4655.0980,4718.4650,4652.1580,4700.4150,14.5684
2026-04-07 20:00:00,4700.4750,4836.1050,4696.7480,4832.9580,8.1991
2026-04-08 00:00:00,4832.9580,4856.9980,4787.9650,4797.2150,8.0866
2026-04-08 04:00:00,4797.2950,4843.5050,4789.9850,4813.0450,5.7438
2026-04-08 08:00:00,4813.3550,4819.5550,4770.8850,4798.1380,6.5264
2026-04-08 12:00:00,4798.0850,4807.0050,4731.9050,4756.2050,13.6941
2026-04-08 16:00:00,4756.1750,4765.2980,4699.2350,4730.4650,9.7766
2026-04-08 20:00:00,4730.2980,4732.5250,4704.0750,4715.2150,3.9687
2026-04-09 00:00:00,4715.3750,4732.5950,4698.0850,4711.1650,5.8882
2026-04-09 04:00:00,4711.1850,4730.9950,4703.1850,4724.0650,6.0605
2026-04-09 08:00:00,4724.0050,4757.4650,4719.4280,4756.3350,4.6002
2026-04-09 12:00:00,4756.6150,4797.8550,4734.6950,4792.5150,11.6055
2026-04-09 16:00:00,4792.7380,4801.0150,4766.6750,4768.6650,7.3284
2026-04-09 20:00:00,4768.8550,4779.2850,4756.6950,4763.4350,1.8160
2026-04-10 00:00:00,4763.4850,4777.0350,4737.7150,4766.3550,5.3535
2026-04-10 04:00:00,4766.3250,4770.5250,4741.0450,4749.3550,3.9192
2026-04-10 08:00:00,4749.3850,4768.4450,4730.2050,4767.9650,4.9562
2026-04-10 12:00:00,4768.1150,4794.7650,4755.2450,4761.8980,11.3674
2026-04-10 16:00:00,4761.8750,4772.7650,4747.1050,4759.5850,6.9680
2026-04-10 20:00:00,4759.6550,4759.7850,4740.5980,4746.9350,1.5717
2026-04-11 00:00:00,4746.9350,4746.9350,4746.9350,4746.9350,0.0000
2026-04-11 04:00:00,4746.9350,4746.9350,4746.9350,4746.9350,0.0000
2026-04-11 08:00:00,4746.9350,4746.9350,4746.9350,4746.9350,0.0000
2026-04-11 12:00:00,4746.9350,4746.9350,4746.9350,4746.9350,0.0000
2026-04-11 16:00:00,4746.9350,4746.9350,4746.9350,4746.9350,0.0000
2026-04-11 20:00:00,4746.9350,4746.9350,4746.9350,4746.9350,0.0000
2026-04-12 00:00:00,4746.9350,4746.9350,4746.9350,4746.9350,0.0000
2026-04-12 04:00:00,4746.9350,4746.9350,4746.9350,4746.9350,0.0000
2026-04-12 08:00:00,4746.9350,4746.9350,4746.9350,4746.9350,0.0000
2026-04-12 12:00:00,4746.9350,4746.9350,4746.9350,4746.9350,0.0000
2026-04-12 16:00:00,4746.9350,4746.9350,4746.9350,4746.9350,0.0000
2026-04-12 20:00:00,4746.9350,4746.9350,4634.9980,4671.1550,8.3027
2026-04-13 00:00:00,4671.1750,4728.0350,4664.3250,4717.6950,5.3622
2026-04-13 04:00:00,4717.6750,4739.8150,4708.3350,4733.4350,4.6924
2026-04-13 08:00:00,4733.4650,4738.4950,4703.1650,4706.8750,4.3559
2026-04-13 12:00:00,4706.7450,4744.3150,4700.0250,4714.2250,9.9809
2026-04-13 16:00:00,4714.1950,4749.7250,4708.9750,4740.9680,7.8406
2026-04-13 20:00:00,4740.9380,4765.6680,4737.9150,4757.3650,3.0370
2026-04-14 00:00:00,4757.4050,4777.0750,4751.2850,4767.5450,5.2613
2026-04-14 04:00:00,4767.9150,4796.1850,4757.6380,4777.0250,5.0938
2026-04-14 08:00:00,4776.9750,4789.8250,4751.2850,4774.5780,4.7119
2026-04-14 12:00:00,4774.7550,4817.5980,4761.9050,4807.7950,10.9582
2026-04-14 16:00:00,4807.8650,4846.0980,4804.7350,4844.7350,7.9739
2026-04-14 20:00:00,4844.7250,4850.4450,4832.9280,4836.9350,2.6214
2026-04-15 00:00:00,4836.9650,4871.1650,4816.5480,4823.8250,6.2718
2026-04-15 04:00:00,4823.7450,4830.3250,4803.7150,4810.9550,4.6680
2026-04-15 08:00:00,4810.7550,4821.2980,4785.8850,4812.4750,5.6185
2026-04-15 12:00:00,4812.4950,4830.4350,4786.8050,4801.4450,8.1668
2026-04-15 16:00:00,4801.4350,4812.2950,4790.1050,4795.6050,6.0972
2026-04-15 20:00:00,4795.6350,4826.4250,4787.1350,4823.2050,2.0153
2026-04-16 00:00:00,4822.9950,4837.4550,4811.0480,4823.8350,4.5219
2026-04-16 04:00:00,4823.7350,4838.3350,4814.1050,4820.7150,5.0733
2026-04-16 08:00:00,4820.8050,4822.3950,4804.8550,4822.0150,4.5545
2026-04-16 12:00:00,4822.0150,4823.5750,4772.8980,4806.8350,9.3996
2026-04-16 16:00:00,4806.9550,4810.0980,4781.2150,4793.4450,6.8193
2026-04-16 20:00:00,4793.1180,4797.6750,4786.1350,4791.5050,1.6873
2026-04-17 00:00:00,4791.4750,4800.9850,4768.0000,4792.9480,4.4983
2026-04-17 04:00:00,4792.8080,4805.9350,4778.5980,4784.2950,4.0358
2026-04-17 08:00:00,4784.2550,4811.5550,4780.6950,4798.9350,3.6182
2026-04-17 12:00:00,4799.0050,4889.3350,4797.4180,4867.1450,12.8631
2026-04-17 16:00:00,4867.0780,4873.0980,4852.4850,4854.0980,7.7232
2026-04-17 20:00:00,4854.1350,4854.9550,4825.9250,4829.1150,1.9951
2026-04-18 00:00:00,4829.1150,4829.1150,4829.1150,4829.1150,0.0000
2026-04-18 04:00:00,4829.1150,4829.1150,4829.1150,4829.1150,0.0000
2026-04-18 08:00:00,4829.1150,4829.1150,4829.1150,4829.1150,0.0000
2026-04-18 12:00:00,4829.1150,4829.1150,4829.1150,4829.1150,0.0000
2026-04-18 16:00:00,4829.1150,4829.1150,4829.1150,4829.1150,0.0000
2026-04-18 20:00:00,4829.1150,4829.1150,4829.1150,4829.1150,0.0000
2026-04-19 00:00:00,4829.1150,4829.1150,4829.1150,4829.1150,0.0000
2026-04-19 04:00:00,4829.1150,4829.1150,4829.1150,4829.1150,0.0000
2026-04-19 08:00:00,4829.1150,4829.1150,4829.1150,4829.1150,0.0000
2026-04-19 12:00:00,4829.1150,4829.1150,4829.1150,4829.1150,0.0000
2026-04-19 16:00:00,4829.1150,4829.1150,4829.1150,4829.1150,0.0000
2026-04-19 20:00:00,4829.1150,4829.1150,4736.6350,4754.9450,4.1872
2026-04-20 00:00:00,4754.9950,4814.0350,4744.2950,4790.6450,6.2629
2026-04-20 04:00:00,4790.9750,4805.6050,4779.2850,4789.4650,5.1596
2026-04-20 08:00:00,4789.4450,4810.7750,4783.2350,4810.3950,4.4360
2026-04-20 12:00:00,4810.3250,4827.3480,4792.0450,4799.4950,10.2579
2026-04-20 16:00:00,4799.5150,4821.0580,4792.7250,4814.1350,6.5782
2026-04-20 20:00:00,4813.9780,4832.8450,4811.9750,4821.4850,2.1345
2026-04-21 00:00:00,4821.7950,4830.5650,4792.3450,4796.9450,4.8775
2026-04-21 04:00:00,4797.1550,4797.6750,4772.3950,4785.5480,6.3495
2026-04-21 08:00:00,4785.4950,4797.9350,4774.3180,4794.4150,4.7206
2026-04-21 12:00:00,4794.5950,4796.8950,4723.3600,4741.4250,11.5202
2026-04-21 16:00:00,4741.3850,4746.8600,4668.2750,4678.8750,15.3446
2026-04-21 20:00:00,4678.8750,4740.3450,4668.6850,4737.7950,4.2766
2026-04-22 00:00:00,4737.7650,4764.7950,4735.5650,4757.9650,5.2173
2026-04-22 04:00:00,4757.9350,4772.1650,4751.8680,4760.2450,4.5463
2026-04-22 08:00:00,4760.3150,4762.2850,4745.5850,4750.1150,4.4817
2026-04-22 12:00:00,4750.1550,4760.8250,4724.8150,4727.4150,10.7656
2026-04-22 16:00:00,4727.3950,4749.5650,4723.6850,4739.9850,7.8940
2026-04-22 20:00:00,4740.0250,4746.2450,4723.0080,4727.5250,1.9109
2026-04-23 00:00:00,4727.5050,4753.5850,4693.6380,4703.7050,8.9806
2026-04-23 04:00:00,4703.7050,4721.0350,4692.0780,4719.0450,6.8206
2026-04-23 08:00:00,4718.9650,4724.6950,4684.0950,4720.5150,8.4097
2026-04-23 12:00:00,4720.5850,4742.9850,4715.9750,4720.2750,13.5756
2026-04-23 16:00:00,4720.3450,4736.9850,4664.0450,4695.9150,14.3402
2026-04-23 20:00:00,4695.9450,4702.1950,4686.4150,4695.0250,2.5078
2026-04-24 00:00:00,4695.0250,4710.9350,4668.3050,4671.9750,7.3402
2026-04-24 04:00:00,4671.6650,4694.9950,4657.4850,4694.2850,6.4285
2026-04-24 08:00:00,4694.2450,4717.1950,4674.4550,4706.6850,8.6048
2026-04-24 12:00:00,4706.7050,4739.9950,4689.5450,4726.9350,14.9245
2026-04-24 16:00:00,4726.9350,4730.0650,4713.5150,4716.2650,9.2140
2026-04-24 20:00:00,4716.1150,4717.2450,4705.0850,4707.8650,1.5963
2026-04-25 00:00:00,4707.8650,4707.8650,4707.8650,4707.8650,0.0000
2026-04-25 04:00:00,4707.8650,4707.8650,4707.8650,4707.8650,0.0000
2026-04-25 08:00:00,4707.8650,4707.8650,4707.8650,4707.8650,0.0000
2026-04-25 12:00:00,4707.8650,4707.8650,4707.8650,4707.8650,0.0000
2026-04-25 16:00:00,4707.8650,4707.8650,4707.8650,4707.8650,0.0000
2026-04-25 20:00:00,4707.8650,4707.8650,4707.8650,4707.8650,0.0000
2026-04-26 00:00:00,4707.8650,4707.8650,4707.8650,4707.8650,0.0000
2026-04-26 04:00:00,4707.8650,4707.8650,4707.8650,4707.8650,0.0000
2026-04-26 08:00:00,4707.8650,4707.8650,4707.8650,4707.8650,0.0000
2026-04-26 12:00:00,4707.8650,4707.8650,4707.8650,4707.8650,0.0000
2026-04-26 16:00:00,4707.8650,4707.8650,4707.8650,4707.8650,0.0000
2026-04-26 20:00:00,4707.8650,4707.8650,4674.6550,4679.8250,2.5662
2026-04-27 00:00:00,4679.7150,4729.3150,4672.0250,4723.9250,6.0263
2026-04-27 04:00:00,4723.9450,4729.8750,4708.4250,4713.2350,4.9707
2026-04-27 08:00:00,4713.2850,4714.5750,4699.1550,4704.7850,4.9741
2026-04-27 12:00:00,4704.8250,4712.4750,4667.0550,4669.8050,13.2271
2026-04-27 16:00:00,4669.8050,4685.9350,4667.0550,4680.6950,7.5024
2026-04-27 20:00:00,4680.6650,4694.8950,4677.1750,4691.7050,1.4713
2026-04-28 00:00:00,4691.8550,4701.0150,4666.0650,4670.7650,5.3205
2026-04-28 04:00:00,4670.7150,4670.9950,4620.3550,4633.0350,7.4934
2026-04-28 08:00:00,4632.9250,4635.2850,4555.3850,4562.3750,9.8490
2026-04-28 12:00:00,4562.5350,4599.9650,4554.6750,4586.2150,17.3047
2026-04-28 16:00:00,4586.2150,4601.2450,4577.6550,4595.3850,10.0018
2026-04-28 20:00:00,4595.4250,4599.5150,4587.7450,4595.3650,1.7538
2026-04-29 00:00:00,4595.3850,4610.1950,4575.8250,4595.1950,7.0284
2026-04-29 04:00:00,4595.3650,4607.6550,4567.1250,4567.6450,6.5241
2026-04-29 08:00:00,4568.1760,4580.5550,4551.4450,4561.4550,9.1210
2026-04-29 12:00:00,4561.4950,4568.8450,4509.8750,4547.4450,14.3046
2026-04-29 16:00:00,4547.4950,4564.7150,4518.1450,4546.7450,13.8216
2026-04-29 20:00:00,4546.6750,4561.7150,4539.0750,4561.3450,3.9506
2026-04-30 00:00:00,4561.3250,4582.1780,4555.4580,4555.8550,7.3445
2026-04-30 04:00:00,4555.8350,4605.4650,4540.5450,4598.2950,8.5725
2026-04-30 08:00:00,4598.3250,4646.7050,4597.1550,4630.0150,12.0519
2026-04-30 12:00:00,4630.1050,4645.8450,4609.2550,4615.0450,15.2487
2026-04-30 16:00:00,4615.0750,4627.2750,4605.1580,4616.9250,9.5175
2026-04-30 20:00:00,4617.0450,4635.0850,4615.2150,4626.3950,2.5042
2026-05-01 00:00:00,4626.3050,4635.6950,4613.7350,4626.4150,3.7825
2026-05-01 04:00:00,4626.4350,4628.4380,4575.5550,4577.8850,4.4912
2026-05-01 08:00:00,4577.8380,4582.2250,4560.0450,4578.5250,5.1243
2026-05-01 12:00:00,4578.4650,4660.0650,4574.7650,4643.0550,13.7326
2026-05-01 16:00:00,4642.9850,4649.7950,4608.6250,4610.6150,9.1997
2026-05-01 20:00:00,4610.7350,4616.6350,4606.8050,4613.5580,1.0784
2026-05-02 00:00:00,4613.5580,4613.5580,4613.5580,4613.5580,0.0000
2026-05-02 04:00:00,4613.5580,4613.5580,4613.5580,4613.5580,0.0000
2026-05-02 08:00:00,4613.5580,4613.5580,4613.5580,4613.5580,0.0000
2026-05-02 12:00:00,4613.5580,4613.5580,4613.5580,4613.5580,0.0000
2026-05-02 16:00:00,4613.5580,4613.5580,4613.5580,4613.5580,0.0000
2026-05-02 20:00:00,4613.5580,4613.5580,4613.5580,4613.5580,0.0000
2026-05-03 00:00:00,4613.5580,4613.5580,4613.5580,4613.5580,0.0000
2026-05-03 04:00:00,4613.5580,4613.5580,4613.5580,4613.5580,0.0000
2026-05-03 08:00:00,4613.5580,4613.5580,4613.5580,4613.5580,0.0000
2026-05-03 12:00:00,4613.5580,4613.5580,4613.5580,4613.5580,0.0000
2026-05-03 16:00:00,4613.5580,4613.5580,4613.5580,4613.5580,0.0000
2026-05-03 20:00:00,4613.5580,4637.3550,4611.1050,4613.6050,1.9426
2026-05-04 00:00:00,4613.5780,4618.3650,4590.7950,4614.8350,5.3746
2026-05-04 04:00:00,4614.7950,4615.2750,4577.7550,4578.8350,5.7682
2026-05-04 08:00:00,4578.7750,4584.3750,4525.8550,4560.2150,8.8600
2026-05-04 12:00:00,4560.1650,4583.0050,4512.0550,4521.4550,14.7661
2026-05-04 16:00:00,4521.3750,4531.3150,4500.6650,4517.5850,11.9801
2026-05-04 20:00:00,4517.5950,4524.5350,4511.6050,4518.8150,1.7381
2026-05-05 00:00:00,4518.8250,4546.5650,4513.2650,4534.3850,4.2515
2026-05-05 04:00:00,4534.3950,4558.0550,4527.7250,4545.2850,5.6406
2026-05-05 08:00:00,4545.3750,4564.8450,4539.8150,4562.7550,7.1101
2026-05-05 12:00:00,4562.4850,4586.4150,4554.1150,4568.3250,11.7458
2026-05-05 16:00:00,4568.3050,4568.8750,4551.3850,4554.4850,6.6603
2026-05-05 20:00:00,4555.0050,4595.4250,4545.9750,4593.7750,3.4935
2026-05-06 00:00:00,4593.7350,4651.7550,4588.0150,4643.4550,6.8690
2026-05-06 04:00:00,4643.4750,4681.7150,4643.2250,4681.4950,6.1586
2026-05-06 08:00:00,4681.1650,4722.8250,4671.4350,4691.7480,10.6688
2026-05-06 12:00:00,4691.9950,4717.2050,4660.1950,4687.6250,15.2346
2026-05-06 16:00:00,4687.4550,4700.0250,4678.8450,4692.2450,9.6779
2026-05-06 20:00:00,4692.2150,4699.6250,4685.0050,4698.7450,2.1428
2026-05-07 00:00:00,4698.6950,4721.2250,4684.9650,4698.8350,7.1439
2026-05-07 04:00:00,4698.8650,4750.3750,4692.0950,4743.1250,7.8655
2026-05-07 08:00:00,4743.1250,4753.2750,4721.6650,4742.6050,9.7172
2026-05-07 12:00:00,4742.7850,4764.5950,4726.2550,4729.0450,15.9085
2026-05-07 16:00:00,4729.1650,4729.5950,4687.5650,4702.7450,16.4962
2026-05-07 20:00:00,4702.7050,4718.9150,4675.6480,4704.1450,3.6451
2026-05-08 00:00:00,4704.0850,4732.6150,4693.8350,4719.4550,6.5745
2026-05-08 04:00:00,4719.4350,4734.3550,4696.7350,4707.5950,7.4453
2026-05-08 08:00:00,4707.6450,4727.7480,4706.4050,4717.5850,7.7515
2026-05-08 12:00:00,4717.6150,4749.2450,4701.7080,4706.9850,14.6983
2026-05-08 16:00:00,4707.0150,4728.8250,4705.3150,4723.7650,7.5364
2026-05-08 20:00:00,4723.7750,4724.1250,4711.4150,4712.6550,1.0339
2026-05-09 00:00:00,4712.6550,4712.6550,4712.6550,4712.6550,0.0000
2026-05-09 04:00:00,4712.6550,4712.6550,4712.6550,4712.6550,0.0000
2026-05-09 08:00:00,4712.6550,4712.6550,4712.6550,4712.6550,0.0000
2026-05-09 12:00:00,4712.6550,4712.6550,4712.6550,4712.6550,0.0000
2026-05-09 16:00:00,4712.6550,4712.6550,4712.6550,4712.6550,0.0000
2026-05-09 20:00:00,4712.6550,4712.6550,4712.6550,4712.6550,0.0000
2026-05-10 00:00:00,4712.6550,4712.6550,4712.6550,4712.6550,0.0000
2026-05-10 04:00:00,4712.6550,4712.6550,4712.6550,4712.6550,0.0000
2026-05-10 08:00:00,4712.6550,4712.6550,4712.6550,4712.6550,0.0000
2026-05-10 12:00:00,4712.6550,4712.6550,4712.6550,4712.6550,0.0000
2026-05-10 16:00:00,4712.6550,4712.6550,4712.6550,4712.6550,0.0000
2026-05-10 20:00:00,4712.6550,4712.6550,4678.1650,4691.4650,2.6085
2026-05-11 00:00:00,4691.3950,4705.2450,4670.1250,4678.4650,8.3044
2026-05-11 04:00:00,4678.4950,4680.6550,4647.8250,4667.5950,7.0900
2026-05-11 08:00:00,4667.6350,4678.5750,4650.3350,4674.3050,7.2701
2026-05-11 12:00:00,4674.6950,4748.4850,4667.2950,4731.9450,13.9577
2026-05-11 16:00:00,4732.1550,4736.0580,4707.7150,4733.3150,7.1472
2026-05-11 20:00:00,4733.3250,4769.4050,4729.7350,4767.2150,2.3250
2026-05-12 00:00:00,4767.2150,4773.3350,4717.8850,4719.9350,7.8895
2026-05-12 04:00:00,4719.9050,4730.1350,4686.9350,4699.6150,7.6859
2026-05-12 08:00:00,4699.6950,4708.9850,4684.9350,4706.3950,8.2976
2026-05-12 12:00:00,4706.4950,4711.4550,4638.2250,4666.0250,16.4904
2026-05-12 16:00:00,4665.9950,4715.5180,4664.0450,4715.4350,10.1785
2026-05-12 20:00:00,4715.3550,4723.7550,4701.4360,4716.6950,3.5508
2026-05-13 00:00:00,4716.9050,4726.6180,4687.1980,4695.7550,7.9528
2026-05-13 04:00:00,4695.7650,4715.1550,4693.2750,4702.5650,6.8411
2026-05-13 08:00:00,4702.4950,4710.2950,4685.7550,4697.2650,7.2020
2026-05-13 12:00:00,4696.9950,4701.2850,4669.4150,4695.3650,13.6674
2026-05-13 16:00:00,4695.3650,4709.6350,4677.4250,4688.0250,8.3918
2026-05-13 20:00:00,4687.9650,4701.8550,4685.8350,4696.4150,1.7721
2026-05-14 00:00:00,4696.3950,4706.8650,4673.6650,4674.6450,9.3821
2026-05-14 04:00:00,4674.6950,4718.5680,4668.1650,4692.9950,8.8665
2026-05-14 08:00:00,4692.9350,4706.4450,4688.3350,4694.1650,7.2672
2026-05-14 12:00:00,4693.5180,4709.7480,4665.9750,4685.5850,16.8055
2026-05-14 16:00:00,4685.4380,4686.6380,4652.6750,4653.8180,9.9160
2026-05-14 20:00:00,4653.8380,4665.1450,4643.9650,4651.9750,3.8412
2026-05-15 00:00:00,4651.9350,4658.1250,4607.0250,4615.2450,12.1314
2026-05-15 04:00:00,4615.2950,4621.4650,4556.2450,4570.6850,11.4610
2026-05-15 08:00:00,4570.5750,4572.4850,4531.7050,4551.8550,12.5733
2026-05-15 12:00:00,4551.8850,4566.4950,4511.2150,4539.7550,17.3123
2026-05-15 16:00:00,4539.7650,4564.3250,4529.2550,4545.5850,10.6252
2026-05-15 20:00:00,4545.6650,4546.1550,4532.9150,4538.8980,1.2309
2026-05-16 00:00:00,4538.8980,4538.8980,4538.8980,4538.8980,0.0000
2026-05-16 04:00:00,4538.8980,4538.8980,4538.8980,4538.8980,0.0000
2026-05-16 08:00:00,4538.8980,4538.8980,4538.8980,4538.8980,0.0000
2026-05-16 12:00:00,4538.8980,4538.8980,4538.8980,4538.8980,0.0000
2026-05-16 16:00:00,4538.8980,4538.8980,4538.8980,4538.8980,0.0000
2026-05-16 20:00:00,4538.8980,4538.8980,4538.8980,4538.8980,0.0000
2026-05-17 00:00:00,4538.8980,4538.8980,4538.8980,4538.8980,0.0000
2026-05-17 04:00:00,4538.8980,4538.8980,4538.8980,4538.8980,0.0000
2026-05-17 08:00:00,4538.8980,4538.8980,4538.8980,4538.8980,0.0000
2026-05-17 12:00:00,4538.8980,4538.8980,4538.8980,4538.8980,0.0000
2026-05-17 16:00:00,4538.8980,4538.8980,4538.8980,4538.8980,0.0000
2026-05-17 20:00:00,4538.8980,4554.5750,4526.4980,4536.7950,3.2056
2026-05-18 00:00:00,4536.8250,4547.8550,4480.0650,4540.9850,12.9388
2026-05-18 04:00:00,4540.9350,4559.5750,4529.4250,4546.1750,10.5710
2026-05-18 08:00:00,4546.1750,4566.8580,4529.8150,4550.4550,9.4633
2026-05-18 12:00:00,4550.6650,4584.0150,4531.5750,4543.3850,17.1463
2026-05-18 16:00:00,4543.4050,4564.7350,4533.8250,4558.3050,11.4725
2026-05-18 20:00:00,4558.8250,4588.8250,4557.6550,4581.6150,2.5545
2026-05-19 00:00:00,4582.0050,4589.2950,4543.3250,4544.9850,7.9301
2026-05-19 04:00:00,4545.0050,4559.1150,4530.7450,4556.9750,8.2122
2026-05-19 08:00:00,4557.2850,4559.0550,4525.2250,4530.5350,8.6965
2026-05-19 12:00:00,4530.4050,4547.0250,4464.6150,4508.2750,16.4749
2026-05-19 16:00:00,4508.2750,4512.3750,4481.1050,4483.2750,9.3484
2026-05-19 20:00:00,4483.2550,4496.0950,4476.9850,4489.0550,2.3382
2026-05-20 00:00:00,4489.0750,4508.7450,4453.1450,4463.3550,11.9440
2026-05-20 04:00:00,4463.3650,4485.7650,4456.3450,4478.4050,9.8702
2026-05-20 08:00:00,4478.3750,4500.8950,4472.4750,4498.9750,8.5121
2026-05-20 12:00:00,4498.9250,4552.5850,4466.8680,4528.9780,15.8791
2026-05-20 16:00:00,4528.9780,4549.9980,4523.9350,4545.5350,7.2432
2026-05-20 20:00:00,4545.4750,4550.3150,4534.2650,4546.1980,3.2978
2026-05-21 00:00:00,4546.1980,4570.7250,4527.0450,4527.9850,8.1771
2026-05-21 04:00:00,4527.9850,4540.4050,4511.8180,4519.4180,7.0171
2026-05-21 08:00:00,4519.4250,4542.6250,4504.6950,4513.9050,11.4483
2026-05-21 12:00:00,4513.9050,4520.9950,4488.3350,4511.7050,17.1979
2026-05-21 16:00:00,4511.7350,4559.0050,4511.7350,4542.9250,13.8355
2026-05-21 20:00:00,4542.9050,4545.7550,4532.1150,4535.2050,1.9052
2026-05-22 00:00:00,4535.3050,4540.9250,4518.1950,4529.2550,7.0493
2026-05-22 04:00:00,4529.3650,4534.0650,4506.9780,4521.6780,7.7377
2026-05-22 08:00:00,4522.1150,4536.6050,4509.9950,4520.4850,8.0997
2026-05-22 12:00:00,4520.3350,4535.9350,4491.6050,4519.8950,14.0030
2026-05-22 16:00:00,4519.7850,4527.6980,4504.2080,4508.0180,8.6798
2026-05-22 20:00:00,4508.0350,4510.3450,4503.6980,4508.3950,0.7575
2026-05-23 00:00:00,4508.3950,4508.3950,4508.3950,4508.3950,0.0000
2026-05-23 04:00:00,4508.3950,4508.3950,4508.3950,4508.3950,0.0000
2026-05-23 08:00:00,4508.3950,4508.3950,4508.3950,4508.3950,0.0000
2026-05-23 12:00:00,4508.3950,4508.3950,4508.3950,4508.3950,0.0000
2026-05-23 16:00:00,4508.3950,4508.3950,4508.3950,4508.3950,0.0000
2026-05-23 20:00:00,4508.3950,4508.3950,4508.3950,4508.3950,0.0000
2026-05-24 00:00:00,4508.3950,4508.3950,4508.3950,4508.3950,0.0000
2026-05-24 04:00:00,4508.3950,4508.3950,4508.3950,4508.3950,0.0000
2026-05-24 08:00:00,4508.3950,4508.3950,4508.3950,4508.3950,0.0000
2026-05-24 12:00:00,4508.3950,4508.3950,4508.3950,4508.3950,0.0000
2026-05-24 16:00:00,4508.3950,4508.3950,4508.3950,4508.3950,0.0000
2026-05-24 20:00:00,4508.3950,4579.9950,4508.3950,4566.7350,4.8722
2026-05-25 00:00:00,4566.7650,4579.2850,4556.4000,4559.5180,6.8381
2026-05-25 04:00:00,4559.5180,4566.0550,4550.3150,4564.5250,4.6654
2026-05-25 08:00:00,4564.5350,4576.8650,4553.2050,4569.2150,3.2582
2026-05-25 12:00:00,4569.1880,4574.6380,4552.7380,4570.7150,4.7754
2026-05-25 16:00:00,4570.7250,4577.8450,4563.0550,4569.6750,1.2574
2026-05-25 20:00:00,4569.6750,4580.2250,4554.8350,4559.4250,1.7675
2026-05-26 00:00:00,4559.5550,4559.8950,4527.3950,4542.2450,7.8897
2026-05-26 04:00:00,4542.2450,4543.0950,4521.4850,4538.0950,7.5915
2026-05-26 08:00:00,4538.0950,4540.3750,4503.4950,4507.0950,8.8539
2026-05-26 12:00:00,4507.0350,4531.1550,4500.4750,4506.2250,12.3388
2026-05-26 16:00:00,4506.2750,4511.1380,4482.3650,4508.7350,6.7612
2026-05-26 20:00:00,4508.6950,4537.6980,4492.4980,4519.3350,2.8776
2026-05-27 00:00:00,4519.2280,4525.6450,4496.3550,4496.7850,5.7114
2026-05-27 04:00:00,4496.8150,4517.0050,4475.6050,4481.8250,8.9145
2026-05-27 08:00:00,4481.8850,4498.6450,4424.7550,4428.4850,8.3422
2026-05-27 12:00:00,4428.4550,4466.3150,4401.3250,4436.4050,15.4912
2026-05-27 16:00:00,4436.3350,4458.1350,4434.0050,4450.6750,6.2126
2026-05-27 20:00:00,4450.6550,4465.4950,4443.5350,4446.9750,1.9718
2026-05-28 00:00:00,4446.9550,4458.3550,4368.1150,4374.5150,11.0601
2026-05-28 04:00:00,4374.4950,4395.9550,4366.0480,4387.2550,8.5994
2026-05-28 08:00:00,4387.2380,4403.7650,4374.6780,4387.7450,5.2360
2026-05-28 12:00:00,4387.8550,4484.9950,4379.3750,4481.9380,13.0246
2026-05-28 16:00:00,4482.0050,4516.3180,4477.2550,4497.7880,9.4088
2026-05-28 20:00:00,4497.5880,4500.3980,4488.6850,4494.7350,2.7299
2026-05-29 00:00:00,4494.7950,4520.4450,4491.6950,4501.0850,7.0386
2026-05-29 04:00:00,4501.0650,4526.2350,4500.8850,4524.5650,5.5643
2026-05-29 08:00:00,4524.5250,4543.0250,4509.6750,4538.2250,5.7790
2026-05-29 12:00:00,4538.3750,4594.6650,4512.5150,4570.7450,10.7341
2026-05-29 16:00:00,4570.7650,4573.0950,4542.2650,4544.0950,3.8579
2026-05-29 20:00:00,4544.8650,4548.6450,4536.7750,4537.4980,0.4859
2026-05-30 00:00:00,4537.4980,4537.4980,4537.4980,4537.4980,0.0000
2026-05-30 04:00:00,4537.4980,4537.4980,4537.4980,4537.4980,0.0000
2026-05-30 08:00:00,4537.4980,4537.4980,4537.4980,4537.4980,0.0000
2026-05-30 12:00:00,4537.4980,4537.4980,4537.4980,4537.4980,0.0000
2026-05-30 16:00:00,4537.4980,4537.4980,4537.4980,4537.4980,0.0000
2026-05-30 20:00:00,4537.4980,4537.4980,4537.4980,4537.4980,0.0000
2026-05-31 00:00:00,4537.4980,4537.4980,4537.4980,4537.4980,0.0000
2026-05-31 04:00:00,4537.4980,4537.4980,4537.4980,4537.4980,0.0000
2026-05-31 08:00:00,4537.4980,4537.4980,4537.4980,4537.4980,0.0000
2026-05-31 12:00:00,4537.4980,4537.4980,4537.4980,4537.4980,0.0000
2026-05-31 16:00:00,4537.4980,4537.4980,4537.4980,4537.4980,0.0000
2026-05-31 20:00:00,4537.4980,4545.4850,4517.5550,4539.3350,2.5445
2026-06-01 00:00:00,4539.2950,4545.6950,4509.6150,4516.1450,6.2262
2026-06-01 04:00:00,4516.1050,4525.0550,4492.1950,4502.9350,5.6819
2026-06-01 08:00:00,4502.9150,4512.7850,4488.9650,4505.6350,4.8533
2026-06-01 12:00:00,4505.6350,4510.3250,4447.5150,4474.0450,10.9321
2026-06-01 16:00:00,4473.9250,4495.3850,4462.7550,4480.9550,6.2584
2026-06-01 20:00:00,4480.9650,4488.0650,4479.0650,4484.2650,1.7252
2026-06-02 00:00:00,4484.4550,4499.3350,4462.6580,4499.1150,7.1573
2026-06-02 04:00:00,4499.1150,4541.3850,4497.6350,4534.8350,5.7972
2026-06-02 08:00:00,4534.8080,4538.8980,4521.0750,4527.4250,4.3106
2026-06-02 12:00:00,4527.7350,4534.0350,4490.1050,4501.8650,8.7183
2026-06-02 16:00:00,4502.0750,4502.8250,4478.5350,4487.8850,5.4857
2026-06-02 20:00:00,4487.8850,4492.8550,4461.9050,4474.1250,2.8579
2026-06-03 00:00:00,4474.0950,4496.5150,4462.9780,4484.2150,6.2597
2026-06-03 04:00:00,4484.2050,4488.0350,4452.5950,4453.1650,5.7209
2026-06-03 08:00:00,4453.2750,4467.9050,4438.7350,4462.1250,5.8972
2026-06-03 12:00:00,4462.2650,4466.9650,4426.1950,4441.9750,9.9485
2026-06-03 16:00:00,4441.9250,4451.9950,4433.5450,4443.6550,8.6629
2026-06-03 20:00:00,4443.6380,4464.4750,4423.6850,4457.1050,3.9148
2026-06-04 00:00:00,4457.2150,4476.8950,4442.9450,4463.5750,9.7980
2026-06-04 04:00:00,4463.5750,4483.8450,4459.3750,4461.5550,6.0461
2026-06-04 08:00:00,4461.4750,4514.5350,4458.4150,4511.1850,7.0256
2026-06-04 12:00:00,4511.1850,4515.1750,4457.0450,4477.2350,11.3322
2026-06-04 16:00:00,4477.2050,4485.0050,4472.6050,4480.7150,5.4940
2026-06-04 20:00:00,4480.7150,4481.5150,4460.3250,4461.3750,2.8741
2026-06-05 00:00:00,4461.4050,4469.7450,4434.9750,4442.1850,8.9508
2026-06-05 04:00:00,4442.2050,4467.1950,4428.3350,4460.7350,7.2920
2026-06-05 08:00:00,4460.6850,4475.0850,4458.1750,4469.9950,5.7400
2026-06-05 12:00:00,4470.0350,4475.6450,4333.7350,4335.1950,14.9845
2026-06-05 16:00:00,4335.1850,4347.1450,4313.6350,4318.5050,13.5483
2026-06-05 20:00:00,4318.2750,4330.5850,4311.4980,4326.7050,1.9756
2026-06-06 00:00:00,4326.7050,4326.7050,4326.7050,4326.7050,0.0000
2026-06-06 04:00:00,4326.7050,4326.7050,4326.7050,4326.7050,0.0000
2026-06-06 08:00:00,4326.7050,4326.7050,4326.7050,4326.7050,0.0000
2026-06-06 12:00:00,4326.7050,4326.7050,4326.7050,4326.7050,0.0000
2026-06-06 16:00:00,4326.7050,4326.7050,4326.7050,4326.7050,0.0000
2026-06-06 20:00:00,4326.7050,4326.7050,4326.7050,4326.7050,0.0000
2026-06-07 00:00:00,4326.7050,4326.7050,4326.7050,4326.7050,0.0000
2026-06-07 04:00:00,4326.7050,4326.7050,4326.7050,4326.7050,0.0000
2026-06-07 08:00:00,4326.7050,4326.7050,4326.7050,4326.7050,0.0000
2026-06-07 12:00:00,4326.7050,4326.7050,4326.7050,4326.7050,0.0000
2026-06-07 16:00:00,4326.7050,4326.7050,4326.7050,4326.7050,0.0000
2026-06-07 20:00:00,4326.7050,4346.9250,4309.6880,4343.7550,3.9647
2026-06-08 00:00:00,4343.8350,4353.0850,4299.7980,4316.7750,10.7147
2026-06-08 04:00:00,4316.9650,4321.5650,4268.1250,4294.3450,9.3357
2026-06-08 08:00:00,4294.2850,4333.1450,4272.6450,4331.1450,8.2887
2026-06-08 12:00:00,4330.9480,4346.6150,4314.8050,4341.5650,12.8642
2026-06-08 16:00:00,4341.5850,4346.2050,4323.0780,4326.4750,9.4400
2026-06-08 20:00:00,4326.4550,4332.3750,4312.5950,4317.6150,2.1258
2026-06-09 00:00:00,4317.5750,4342.0650,4314.7480,4336.4250,7.9608
2026-06-09 04:00:00,4335.9450,4351.0750,4322.0550,4326.4150,6.6613
2026-06-09 08:00:00,4326.4850,4343.7050,4320.8750,4339.6650,5.3969
2026-06-09 12:00:00,4339.6850,4363.2050,4262.8650,4272.0150,14.8546
2026-06-09 16:00:00,4272.0350,4280.8550,4236.2450,4258.3780,22.2472
2026-06-09 20:00:00,4258.6250,4261.9450,4210.1150,4221.8050,4.4445
2026-06-10 00:00:00,4221.8050,4228.1050,4172.5480,4184.6250,10.3265
2026-06-10 04:00:00,4184.6250,4221.5580,4172.1350,4185.8850,8.2536
2026-06-10 08:00:00,4185.8650,4187.2350,4145.6650,4147.5050,10.2799
2026-06-10 12:00:00,4147.5350,4186.1250,4106.5950,4128.7150,15.6652
2026-06-10 16:00:00,4128.6750,4135.1150,4081.4050,4082.5050,12.7422
2026-06-10 20:00:00,4082.4050,4082.9450,4023.5850,4046.8550,5.5377
2026-06-11 00:00:00,4047.1050,4117.8950,4035.8480,4072.4850,12.7712
2026-06-11 04:00:00,4072.5350,4110.4050,4069.7250,4104.7750,9.0983
2026-06-11 08:00:00,4104.8050,4112.4850,4077.2950,4080.1350,6.9131
2026-06-11 12:00:00,4079.9750,4095.3050,4052.4650,4088.5850,15.4994
2026-06-11 16:00:00,4088.7150,4219.8450,4071.4450,4208.4580,14.3549
2026-06-11 20:00:00,4208.5080,4246.4150,4204.9950,4219.6250,6.8421
2026-06-12 00:00:00,4219.5580,4230.2050,4171.1880,4196.8850,9.1179
2026-06-12 04:00:00,4196.9350,4200.8150,4169.9550,4194.2950,7.5178
2026-06-12 08:00:00,4194.3150,4227.7250,4191.7450,4206.7250,7.2833
2026-06-12 12:00:00,4206.8450,4235.2980,4176.9450,4211.6750,12.6596
2026-06-12 16:00:00,4211.6850,4235.1480,4201.5350,4210.4250,11.0190
2026-06-12 20:00:00,4210.4350,4218.9980,4209.2850,4217.7650,0.9085
2026-06-13 00:00:00,4217.7650,4217.7650,4217.7650,4217.7650,0.0000
2026-06-13 04:00:00,4217.7650,4217.7650,4217.7650,4217.7650,0.0000
2026-06-13 08:00:00,4217.7650,4217.7650,4217.7650,4217.7650,0.0000
2026-06-13 12:00:00,4217.7650,4217.7650,4217.7650,4217.7650,0.0000
2026-06-13 16:00:00,4217.7650,4217.7650,4217.7650,4217.7650,0.0000
2026-06-13 20:00:00,4217.7650,4217.7650,4217.7650,4217.7650,0.0000
2026-06-14 00:00:00,4217.7650,4217.7650,4217.7650,4217.7650,0.0000
2026-06-14 04:00:00,4217.7650,4217.7650,4217.7650,4217.7650,0.0000
2026-06-14 08:00:00,4217.7650,4217.7650,4217.7650,4217.7650,0.0000
2026-06-14 12:00:00,4217.7650,4217.7650,4217.7650,4217.7650,0.0000
2026-06-14 16:00:00,4217.7650,4217.7650,4217.7650,4217.7650,0.0000
2026-06-14 20:00:00,4217.7650,4308.2550,4217.7650,4293.8650,3.3664
2026-06-15 00:00:00,4293.8350,4335.4250,4285.1850,4324.6250,6.4960
2026-06-15 04:00:00,4324.6750,4332.6550,4300.6450,4323.1950,5.0226
2026-06-15 08:00:00,4323.1050,4347.3450,4321.6750,4335.0950,5.3028
2026-06-15 12:00:00,4335.0950,4369.4850,4324.5150,4356.1150,9.4666
2026-06-15 16:00:00,4356.1750,4358.5450,4316.3650,4320.5250,7.3881
2026-06-15 20:00:00,4320.5450,4321.8550,4305.7550,4315.3950,1.6505
2026-06-16 00:00:00,4315.3750,4332.8450,4306.6650,4330.2750,4.6262
2026-06-16 04:00:00,4330.2050,4335.4650,4313.1050,4334.9450,5.5643
2026-06-16 08:00:00,4334.9450,4349.3550,4332.5750,4340.7550,5.1542
2026-06-16 12:00:00,4340.7050,4354.9050,4313.0050,4335.0350,10.3144
2026-06-16 16:00:00,4335.0350,4346.7950,4325.1050,4334.1050,8.6584
2026-06-16 20:00:00,4334.1050,4338.2450,4328.7450,4330.7350,1.4565
2026-06-17 00:00:00,4330.7650,4349.4150,4328.4350,4332.0550,5.1140
2026-06-17 04:00:00,4331.9350,4334.1050,4317.4150,4325.0450,4.5982
2026-06-17 08:00:00,4325.0750,4335.4450,4316.9650,4322.9750,4.9495
2026-06-17 12:00:00,4322.9850,4364.6650,4319.6650,4363.4650,9.4558
2026-06-17 16:00:00,4363.4450,4382.1250,4218.8050,4235.5850,12.9585
2026-06-17 20:00:00,4235.5150,4283.7950,4234.7750,4277.6650,4.4633
2026-06-18 00:00:00,4277.6850,4329.8650,4276.2250,4319.5150,7.6365
2026-06-18 04:00:00,4319.4150,4324.8550,4287.2250,4288.4750,6.4488
2026-06-18 08:00:00,4288.5350,4292.6550,4239.6480,4241.8750,7.9520
2026-06-18 12:00:00,4241.8750,4276.5150,4222.8550,4226.4280,11.8068
2026-06-18 16:00:00,4226.4280,4233.2950,4201.1450,4216.5050,9.1863
2026-06-18 20:00:00,4216.7250,4219.3350,4186.7450,4188.1150,2.7355
2026-06-19 00:00:00,4187.9980,4197.9450,4145.3450,4153.5550,6.0706
2026-06-19 04:00:00,4153.2650,4162.8950,4121.4380,4157.7650,7.1668
2026-06-19 08:00:00,4157.7850,4178.3450,4141.6950,4152.3850,5.2489
2026-06-19 12:00:00,4152.3950,4182.8250,4142.4550,4150.8550,6.0546
2026-06-19 16:00:00,4150.8450,4157.6250,4144.0780,4154.3350,0.7303
2026-06-19 20:00:00,4154.3350,4154.3350,4154.3350,4154.3350,0.0000
2026-06-20 00:00:00,4154.3350,4154.3350,4154.3350,4154.3350,0.0000
2026-06-20 04:00:00,4154.3350,4154.3350,4154.3350,4154.3350,0.0000
2026-06-20 08:00:00,4154.3350,4154.3350,4154.3350,4154.3350,0.0000
2026-06-20 12:00:00,4154.3350,4154.3350,4154.3350,4154.3350,0.0000
2026-06-20 16:00:00,4154.3350,4154.3350,4154.3350,4154.3350,0.0000
2026-06-20 20:00:00,4154.3350,4154.3350,4154.3350,4154.3350,0.0000
2026-06-21 00:00:00,4154.3350,4154.3350,4154.3350,4154.3350,0.0000
2026-06-21 04:00:00,4154.3350,4154.3350,4154.3350,4154.3350,0.0000
2026-06-21 08:00:00,4154.3350,4154.3350,4154.3350,4154.3350,0.0000
2026-06-21 12:00:00,4154.3350,4154.3350,4154.3350,4154.3350,0.0000
2026-06-21 16:00:00,4154.3350,4154.3350,4154.3350,4154.3350,0.0000
2026-06-21 20:00:00,4154.3350,4164.5250,4136.1250,4139.9850,3.1051
2026-06-22 00:00:00,4140.0150,4220.7780,4139.7550,4171.2650,9.2272
2026-06-22 04:00:00,4171.3050,4207.2050,4170.3750,4190.1950,6.6004
2026-06-22 08:00:00,4190.1950,4215.0050,4188.4050,4207.2250,4.6847
2026-06-22 12:00:00,4207.2850,4211.6050,4169.4850,4182.6950,10.3114
2026-06-22 16:00:00,4182.7550,4193.1980,4174.1950,4190.3550,9.1079
2026-06-22 20:00:00,4190.4850,4195.0950,4186.5050,4187.4750,1.5663
2026-06-23 00:00:00,4187.3150,4198.4350,4130.4880,4143.9250,8.5238
2026-06-23 04:00:00,4144.2250,4146.7950,4096.3750,4098.4550,8.9076
2026-06-23 08:00:00,4098.5650,4133.0550,4090.5450,4122.9650,7.4846
2026-06-23 12:00:00,4123.0150,4144.7950,4105.1380,4138.5350,13.6518
2026-06-23 16:00:00,4138.5150,4143.5650,4111.3950,4111.4350,9.9638
2026-06-23 20:00:00,4111.5650,4114.8350,4080.4950,4099.0350,4.1291
2026-06-24 00:00:00,4098.9550,4111.9650,4050.1850,4062.4550,11.5084
2026-06-24 04:00:00,4062.5250,4097.3350,4054.8150,4074.7150,6.5845
2026-06-24 08:00:00,4074.6650,4087.4450,4037.3050,4046.4950,6.0134
2026-06-24 12:00:00,4046.5150,4048.6650,3964.3050,4002.3350,16.0299
2026-06-24 16:00:00,4002.4050,4022.0650,3958.6950,3987.7550,11.4918
2026-06-24 20:00:00,3987.6980,4018.3850,3984.4850,4012.2050,3.4788
2026-06-25 00:00:00,4012.1850,4016.2550,3961.7550,3995.2150,12.6388
2026-06-25 04:00:00,3995.1550,3999.7350,3971.2850,3987.7650,8.0937
2026-06-25 08:00:00,3987.6550,4001.9450,3973.5050,3979.8950,4.8494
2026-06-25 12:00:00,3979.9050,4042.3880,3978.8050,4040.7780,15.5979
2026-06-25 16:00:00,4041.0450,4043.9180,4021.6450,4026.5250,10.7008
2026-06-25 20:00:00,4026.4250,4036.2250,4012.3750,4014.2550,3.1811
2026-06-26 00:00:00,4014.2050,4029.3350,3982.6350,4004.0650,9.2027
2026-06-26 04:00:00,4004.1450,4039.7950,3998.4850,4030.4650,7.8649
2026-06-26 08:00:00,4030.3650,4055.4880,4025.7150,4045.6650,6.4973
2026-06-26 12:00:00,4045.8350,4095.7950,4035.4080,4090.2050,13.6507
2026-06-26 16:00:00,4090.2250,4093.1480,4064.2850,4071.4150,8.4021
2026-06-26 20:00:00,4071.4350,4089.7980,4064.2280,4087.9150,4.3096
2026-06-27 00:00:00,4087.9150,4087.9150,4087.9150,4087.9150,0.0000
2026-06-27 04:00:00,4087.9150,4087.9150,4087.9150,4087.9150,0.0000
2026-06-27 08:00:00,4087.9150,4087.9150,4087.9150,4087.9150,0.0000
2026-06-27 12:00:00,4087.9150,4087.9150,4087.9150,4087.9150,0.0000
2026-06-27 16:00:00,4087.9150,4087.9150,4087.9150,4087.9150,0.0000
2026-06-27 20:00:00,4087.9150,4087.9150,4087.9150,4087.9150,0.0000
2026-06-28 00:00:00,4087.9150,4087.9150,4087.9150,4087.9150,0.0000
2026-06-28 04:00:00,4087.9150,4087.9150,4087.9150,4087.9150,0.0000
2026-06-28 08:00:00,4087.9150,4087.9150,4087.9150,4087.9150,0.0000
2026-06-28 12:00:00,4087.9150,4087.9150,4087.9150,4087.9150,0.0000
2026-06-28 16:00:00,4087.9150,4087.9150,4087.9150,4087.9150,0.0000
2026-06-28 20:00:00,4087.9150,4087.9150,4051.5850,4062.5850,3.2219
2026-06-29 00:00:00,4062.5550,4075.5150,4048.0550,4068.6450,9.8396
2026-06-29 04:00:00,4068.6150,4068.7650,4039.0150,4061.4950,7.1981
2026-06-29 08:00:00,4061.2380,4066.5550,4024.1680,4039.0950,5.8207
2026-06-29 12:00:00,4039.2850,4052.3850,3999.9180,4026.7550,12.0829
2026-06-29 16:00:00,4026.8950,4031.8480,4005.1550,4015.5950,8.0017
2026-06-29 20:00:00,4015.5750,4022.1450,4009.2980,4014.6450,2.1043
2026-06-30 00:00:00,4014.6050,4014.9450,3941.5280,3969.4550,10.3816
2026-06-30 04:00:00,3969.4950,4034.4650,3967.9550,4031.8280,8.3447
2026-06-30 08:00:00,4031.8280,4037.2780,4012.0850,4033.8250,7.1510
2026-06-30 12:00:00,4033.7750,4063.2050,4008.3850,4028.9850,10.1188
2026-06-30 16:00:00,4028.9650,4033.5950,4014.3650,4015.7450,5.6736
2026-06-30 20:00:00,4015.7250,4020.7750,4004.9150,4005.4850,1.6711
2026-07-01 00:00:00,4005.7550,4009.4750,3969.9350,3980.2850,7.4983
2026-07-01 04:00:00,3980.6350,3982.4650,3959.9050,3975.7650,5.7195
2026-07-01 08:00:00,3975.7350,4035.2150,3969.0350,4030.0050,5.4919
2026-07-01 12:00:00,4030.1650,4115.4850,4012.5450,4080.8050,11.1889
2026-07-01 16:00:00,4080.7350,4088.1150,4034.1450,4038.5250,6.4353
2026-07-01 20:00:00,4038.3650,4044.2250,4028.1950,4035.0050,1.8122
2026-07-02 00:00:00,4034.9750,4073.9650,4030.5250,4069.7650,8.0814
2026-07-02 04:00:00,4069.7250,4079.6050,4052.9450,4064.3550,6.7563
2026-07-02 08:00:00,4064.0250,4079.6950,4057.2250,4064.9350,5.4076
2026-07-02 12:00:00,4064.9850,4143.7150,4061.0150,4128.2550,13.8938
2026-07-02 16:00:00,4128.2850,4130.0850,4100.0050,4121.0950,9.1733
2026-07-02 20:00:00,4121.0150,4131.9050,4116.1350,4125.9550,1.6335
2026-07-03 00:00:00,4125.7750,4195.3650,4122.6250,4175.7350,7.8932
2026-07-03 04:00:00,4175.7350,4182.5350,4160.2250,4177.3850,5.5208
2026-07-03 08:00:00,4177.1850,4186.5250,4168.2650,4180.8950,4.2579
2026-07-03 12:00:00,4181.0150,4183.0750,4155.0850,4164.5450,4.9454
2026-07-03 16:00:00,4164.5650,4176.0550,4162.5350,4175.2450,0.6748
2026-07-03 20:00:00,4175.2450,4175.2450,4175.2450,4175.2450,0.0000
2026-07-04 00:00:00,4175.2450,4175.2450,4175.2450,4175.2450,0.0000
2026-07-04 04:00:00,4175.2450,4175.2450,4175.2450,4175.2450,0.0000
2026-07-04 08:00:00,4175.2450,4175.2450,4175.2450,4175.2450,0.0000
2026-07-04 12:00:00,4175.2450,4175.2450,4175.2450,4175.2450,0.0000
2026-07-04 16:00:00,4175.2450,4175.2450,4175.2450,4175.2450,0.0000
2026-07-04 20:00:00,4175.2450,4175.2450,4175.2450,4175.2450,0.0000
2026-07-05 00:00:00,4175.2450,4175.2450,4175.2450,4175.2450,0.0000
2026-07-05 04:00:00,4175.2450,4175.2450,4175.2450,4175.2450,0.0000
2026-07-05 08:00:00,4175.2450,4175.2450,4175.2450,4175.2450,0.0000
2026-07-05 12:00:00,4175.2450,4175.2450,4175.2450,4175.2450,0.0000
2026-07-05 16:00:00,4175.2450,4175.2450,4175.2450,4175.2450,0.0000
2026-07-05 20:00:00,4175.2450,4201.7050,4171.8550,4182.9150,1.6234
2026-07-06 00:00:00,4183.8250,4202.9050,4160.7250,4164.9850,8.6121
2026-07-06 04:00:00,4164.9750,4166.3850,4144.5350,4164.2950,5.5922
2026-07-06 08:00:00,4164.6550,4165.8450,4136.3150,4155.0550,3.9999
2026-07-06 12:00:00,4155.0050,4158.2350,4128.2650,4148.1050,8.9075
2026-07-06 16:00:00,4148.0950,4167.3250,4140.0350,4163.5850,5.3191
2026-07-06 20:00:00,4163.4850,4168.1950,4156.6050,4156.9750,1.0951
