s,entry,exit,dir,r,px,sl,tp,stop,reason,mfe,mae,dur_h,m5_macd,m5_hist,m5_rsi,m5_atrp,m5_bbw,m5_stack,m5_above200,m5_volr,m5_cvd20,h1_macd,h1_hist,h1_rsi,h1_atrp,h1_bbw,h1_stack,h1_above200,h1_volr,h1_cvd20,m15_macd,m15_hist,m15_rsi,m15_atrp,m15_bbw,m15_stack,m15_above200,m15_volr,m15_cvd20,h4_macd,h4_hist,h4_rsi,h4_atrp,h4_bbw,h4_stack,h4_above200,h4_volr,h4_cvd20,d1_macd,d1_hist,d1_rsi,d1_atrp,d1_bbw,d1_stack,d1_above200,d1_volr,d1_cvd20,ym
fvg,2022-02-07 01:35:00,2022-02-20 23:00:00,bull,4.9282,1810.03,1790.87,1905.82,19.16,tp,5.020250521894472,0.07265135699336053,333.4166666666667,0.01071210269429616,-0.026604534873551505,40.33589609855298,0.07328242731614822,0.27090832777527357,-1.0,1.0,5.920995670995671,-1.307799999999999,0.03340549519723516,0.023465761670262316,94.5863138185954,0.03192762734943179,0.2893530017501393,2.0,1.0,inf,3.003700000000001,0.05912841381571027,0.01148984560756277,51.979207295802745,0.08597648973421287,0.4488388845805297,2.0,1.0,inf,-1.9544999999999995,0.07542195841695651,-0.005182381405210709,62.56887960608339,0.04918490319062743,0.3302603674774327,2.0,0.0,0.4657053841216164,28.19450000000001,-0.15464491222849577,-0.04210600937015887,49.37942506640292,0.8388506352796756,4.284148160804028,-1.0,1.0,0.04230644509805037,63.918900000000015,2022-02
fvg,2022-02-22 01:05:00,2022-02-23 09:30:00,bull,-1.0897741351377108,1905.72,1890.39,1982.37,15.33,sl,0.4949771689465406,1.0549249836852272,32.416666666666664,0.005422598276752725,-0.03248765174785573,38.780714475690715,0.08653443179606857,0.3397251252650398,-1.0,1.0,13.905236907730673,-1.5367999999999986,0.1515440946732421,0.06874591437631722,68.12323319348059,0.19991672538642483,1.2724255160300328,2.0,1.0,inf,8.851700000000005,0.1301654806385467,-0.004794862615167432,56.061692330925545,0.1140402480987489,0.6059102000197216,2.0,1.0,1.1511260371394707,-0.6011999999999997,0.2868863239655068,-0.024048909184210314,69.74896717223352,0.254310595073997,0.8281494870063281,2.0,1.0,0.2854023148240059,25.8292,1.2238456162930618,0.3463502660239466,75.44350667515829,0.9806835722754856,7.96140700530427,2.0,1.0,1.3277482423773217,361.9701,2022-02
fib,2022-02-22 01:05:00,2022-02-23 09:30:00,bull,-1.0898,1905.72,1890.39,1982.37,15.33,sl,0.4949771689465406,1.0549249836852272,32.416666666666664,0.005422598276752725,-0.03248765174785573,38.780714475690715,0.08653443179606857,0.3397251252650398,-1.0,1.0,13.905236907730673,-1.5367999999999986,0.1515440946732421,0.06874591437631722,68.12323319348059,0.19991672538642483,1.2724255160300328,2.0,1.0,inf,8.851700000000005,0.1301654806385467,-0.004794862615167432,56.061692330925545,0.1140402480987489,0.6059102000197216,2.0,1.0,1.1511260371394707,-0.6011999999999997,0.2868863239655068,-0.024048909184210314,69.74896717223352,0.254310595073997,0.8281494870063281,2.0,1.0,0.2854023148240059,25.8292,1.2238456162930618,0.3463502660239466,75.44350667515829,0.9806835722754856,7.96140700530427,2.0,1.0,1.3277482423773217,361.9701,2022-02
fib,2022-03-04 15:00:00,2022-03-08 14:35:00,bull,4.904761904761905,1946.38,1931.15,2022.53,15.23,tp,5.330794484534917,0.0,95.58333333333333,0.12099148339023325,0.0282335693159838,54.255931423987185,0.1775314368979452,0.9257233333914632,2.0,1.0,1.5279978869519282,1.9227000000000007,0.21869735074598018,0.05104346893064431,67.74576086641156,0.3529329357156129,1.1452765430634402,2.0,1.0,1.8335313439094276,25.251600000000007,0.12696103153243588,0.023160084927123913,64.35180379530722,0.22642486087149266,0.5961873575783367,2.0,1.0,1.7220801364023872,3.5773,0.4001824299777633,0.014451420345263161,65.34430358077375,0.6875730829217899,1.8553250524809421,2.0,1.0,1.0448627855665893,84.84309999999999,1.2176991625149687,0.09626848592860567,67.56063123664791,1.4944052374659136,5.229068070567356,2.0,1.0,1.5224774668364456,-39.383499999999955,2022-03
harmonic,2022-03-04 02:20:00,2022-03-08 14:35:00,bull,4.9149,1937.15,1920.36,2021.12,16.79,tp,5.385229303124562,0.19249553305425546,108.25,-0.06995877945735796,-0.03982924566244326,43.19548000603046,0.14102918215542223,1.0095374504262047,-2.0,1.0,2.2098735988552347,-1.359999999999999,0.12746631951730147,0.039193202194405814,51.40317232428386,0.3602294830248874,0.98616848540329,2.0,1.0,2.2892234086002685,1.4701000000000066,0.058745077129008054,-0.035768561993358275,46.237222435233335,0.21353045782772445,0.8880861347505813,2.0,1.0,2.9445299431247913,-1.5918999999999977,0.36604744433048425,-0.023811995329215595,59.97493543222487,0.6925238538004066,2.484533262289792,2.0,1.0,0.28731441940213603,36.28789999999999,1.2176991625149687,0.09626848592860567,67.56063123664791,1.4944052374659136,5.229068070567356,2.0,1.0,1.5224774668364456,-39.383499999999955,2022-03
fvg,2022-03-04 14:35:00,2022-03-15 05:15:00,bull,-1.0515513586432839,1958.7,1931.41,2095.17,27.29,sl,4.091535360923085,1.0044705020117108,254.66666666666666,0.07251510827803928,0.04271797974929388,72.93454801295394,0.14343971483495996,0.6574901349430824,2.0,1.0,1.9224828792073438,3.0836000000000006,0.1941523437282597,0.038863980789226815,62.94826093887161,0.36241928687883457,1.033822826948649,2.0,1.0,1.7176788427984466,21.606900000000007,0.09810190856922357,0.00507907822382444,64.64647787860162,0.18003257980004134,0.4470563681959785,2.0,1.0,1.2864898819939876,5.437600000000001,0.4001824299777633,0.014451420345263161,65.34430358077375,0.6875730829217899,1.8553250524809421,2.0,1.0,1.0448627855665893,84.84309999999999,1.2176991625149687,0.09626848592860567,67.56063123664791,1.4944052374659136,5.229068070567356,2.0,1.0,1.5224774668364456,-39.383499999999955,2022-03
harmonic,2022-03-21 07:30:00,2022-03-22 14:00:00,bull,-1.1660470879801734,1924.79,1916.4,1966.74,8.39,sl,1.952085816424877,1.134922526804105,30.5,-0.027965939697660612,0.005564621290838978,47.12545075440671,0.06593904565518177,0.134250348380119,-2.0,1.0,1.5341563786008232,-0.2754999999999971,0.056228170214185406,0.024605790576354657,53.301624641381935,0.14330429353756519,0.5601745984375499,1.0,0.0,inf,-0.741599999999994,0.0034543053215725598,-0.02597614877902739,46.48064445031831,0.08850768996859751,0.3083483667205132,-1.0,1.0,2.097742035261367,-0.7299999999999993,-0.25139107227948887,0.06034359330403164,47.5901470705391,0.0801129568589225,1.541987009502695,-2.0,0.0,0.9918356530846594,-17.284400000000005,0.27513128217830884,-0.5952872436706448,45.60086315455228,1.7851838583930981,7.134292837155236,-1.0,1.0,0.031722607180645825,282.91380000000004,2022-03
fvg,2022-03-24 12:30:00,2022-03-28 05:50:00,bull,-1.144902132632194,1945.14,1935.43,1993.69,9.71,sl,2.156848609658527,1.2525231719747458,89.33333333333333,0.10428357295756295,-0.02843531882841942,41.67721683007181,0.14636969242834783,0.9408070923462006,2.0,1.0,3.4297307266691255,0.15510000000000318,0.2029494908508798,0.01833535575938265,71.01758700381346,0.23945003930773107,0.9361463873723512,2.0,1.0,1.570944972630366,7.356700000000005,0.12208762865619975,0.04306592868961805,51.28288776700634,0.18577776446432498,0.964289923093232,2.0,1.0,3.2746192127884184,-1.1198999999999988,0.23116539276581316,0.16075885327291126,67.72589760823607,0.5452989687981455,2.159551260551721,1.0,1.0,1.5235838137545608,15.320799999999993,0.14825835996438289,-0.36936198920650837,52.71283254332338,1.2824392355299281,7.21243441175754,-1.0,1.0,0.6815010461499296,217.9281,2022-03
harmonic,2022-04-08 17:20:00,2022-04-22 15:10:00,bull,-1.0968270807213811,1941.21,1926.73,2013.61,14.48,sl,3.940469613232455,1.0187845303797012,333.8333333333333,-0.016970365875492544,-0.007276673104763725,52.343256459318596,0.05614375862052677,0.22371983407160592,-1.0,1.0,0.5990888382687928,-0.15109999999999674,0.1444593952490379,0.05112130575201043,65.25680802783071,0.2503314400629167,0.8746415622188413,2.0,1.0,0.9085220133533716,2.7278000000000064,0.10670813688625791,-0.023253216274849463,54.9379270164556,0.16439461891328494,0.9930353301886307,2.0,1.0,0.9504198320671732,4.241399999999999,0.12428064837959807,0.07484573510919514,67.8393808088004,0.47188684987208823,1.2095881251970217,2.0,1.0,2.759592730421172,22.769099999999995,-0.1484703963512555,-0.08602151840653954,49.92286386260665,0.995108180851709,3.0026785571548484,-1.0,1.0,1.4147334434616887,65.53299999999999,2022-04
harmonic,2022-05-04 07:00:00,2022-05-05 12:45:00,bull,4.827401267674306,1867.51,1859.65,1906.83,7.86,tp,5.247201017744938,0.7597964376493639,29.75,0.003796001839919964,0.011893470697847427,61.75362906861678,0.07867720655506799,0.224188471146967,1.0,1.0,1.9387442572741194,0.3816000000000039,-0.031568668977265964,-0.0009967798265279769,50.40686993137282,0.17092010850107206,0.6959764986915538,-2.0,0.0,0.7578318713840083,0.45560000000000533,-0.015926086004604406,0.010530357507136835,57.344556033144436,0.09610788145089696,0.26297623534143877,-2.0,0.0,2.0093725592293676,0.26139999999999997,-0.4808914281363996,-0.01984349720555416,36.155277049925836,0.538597550146545,3.2274308374452207,-2.0,0.0,0.486735666621272,-45.45090000000001,-1.0089346779738522,-0.3727243929186589,31.148310013677644,1.0847001509258392,8.077830189356655,-2.0,0.0,1.0779428197012866,-154.7481,2022-05
harmonic,2022-05-18 01:20:00,2022-05-19 12:35:00,bear,-1.0572093023255815,1814.57,1837.84,1698.22,23.27,sl,0.3155135367412256,1.1408680704721064,35.25,0.019729425698972944,-0.004889893527365619,44.12973980579858,0.044483516580393775,0.22252446037096846,2.0,0.0,3.092454835281615,0.5644000000000045,-0.08785538387313913,-0.07501296425108098,43.97855232460324,0.2689700014693891,1.4428589218000993,-1.0,0.0,0.5574112204173975,-18.026199999999996,-0.032099703691994434,0.02855575787051606,49.04564866348611,0.06708101076379851,0.21808567467612355,-2.0,0.0,0.8170887229003463,0.06100000000000039,-0.09073229184311739,0.10780627487426539,45.73782800330282,0.5927291056543913,2.047407379996776,1.0,0.0,0.28829518161916307,-3.353700000000006,-1.6085587564927493,-0.19993473179463042,30.544424842239508,1.3423396086417203,7.199561457187189,-2.0,0.0,1.1729155933367679,-139.3226,2022-05
harmonic,2022-05-31 00:35:00,2022-06-02 13:25:00,bear,-1.0978659396446366,1848.73,1862.54,1779.68,13.81,sl,1.4751629254056882,1.0284576393842961,60.833333333333336,-0.07381099008231085,-0.01664407896386042,24.427998186944848,0.046903293473261054,0.3401786694864483,-2.0,0.0,7.647355163727959,-0.5416999999999956,-0.01253146511930543,-0.029425566936719924,39.32264607717565,0.13931663626269236,0.5611707348244097,-1.0,1.0,inf,-2.3955999999999946,-0.07196415062776286,-0.03373135708720406,13.829585356835892,0.053681458169276594,0.44955170901398955,-2.0,0.0,2.639408866995074,-0.9096999999999998,0.030818134498058883,-0.0004481440228271777,47.32489110036911,0.1711332258667083,0.5032603907716894,2.0,0.0,0.1877486077963405,-4.014600000000005,-0.3612011144768076,0.25575459834197545,47.32231774207446,0.8667639532191642,3.9183444721602045,-2.0,0.0,0.38567519762726354,20.536700000000003,2022-06
harmonic,2022-06-09 19:25:00,2022-06-10 14:45:00,bear,-1.2019011406844107,1847.78,1854.45,1814.41,6.67,sl,3.4230884557207752,1.0649175412134975,19.333333333333332,0.00405093282454199,-0.008342338403606101,46.294720581033516,0.04375319625621635,0.11554619460197246,-1.0,0.0,0.3306055646481178,-0.6346999999999956,-0.059237532771297875,-0.006692454098445388,49.324153337718386,0.22868029341593946,0.6441754828632563,-2.0,0.0,0.9368707600570368,-4.427599999999995,0.022944167837532174,0.012774991472886651,51.15367922263382,0.10054820512468096,0.6045568682448961,1.0,0.0,0.7531021686188101,2.8463000000000003,-0.011872336339914651,-0.01532566382021261,44.23710244107454,0.40913125034540726,1.1735797221091864,-2.0,0.0,3.051481534841281,7.522299999999991,-0.17057035137588814,0.10316826639381377,49.458733241029414,0.7812622291504666,1.6538100692219293,-2.0,0.0,0.8248569861296136,58.85660000000001,2022-06
harmonic,2022-06-30 14:35:00,2022-07-06 14:10:00,bear,4.883779103328844,1809.14,1820.4,1752.86,11.26,tp,5.037833037255447,0.49147424511107735,143.58333333333334,-0.0030366721410035762,-0.05582578828865741,38.87984112415254,0.11993709366285947,0.654781093418446,-1.0,0.0,1.3814432989690721,-2.0183999999999953,-0.0734153208974648,0.006252038482390632,50.02586021122931,0.30859812391903196,0.8206674347555433,-2.0,0.0,2.3345839770470094,-0.24059999999999748,0.027362535303908354,0.02986303205419529,47.08787751390557,0.315070179719861,1.210873841237793,1.0,0.0,1.737022689540675,-1.9996999999999998,-0.21506635007344355,-0.0639692587081918,28.923301872803847,0.4159991061032349,1.4355222959104872,-2.0,0.0,1.365851957134013,-66.7364,-0.4312011329026112,-0.06968548097933465,40.971398545750326,0.8754576599589957,3.996318256773515,-2.0,0.0,1.1687797963043023,-18.939099999999975,2022-07
fvg,2022-06-23 22:25:00,2022-07-14 13:45:00,bear,4.949074074074074,1823.25,1848.24,1698.31,24.99,tp,5.034493797498858,0.7082032813096949,495.3333333333333,-0.008237931731254233,0.019052468730670544,55.97552037221302,0.016037128458182028,0.18048522986535573,1.0,0.0,0.18354978354978357,-0.18909999999999524,-0.14480030299302507,-0.07506413550400799,36.04958749825516,0.2895788909655217,1.2063758722838542,-2.0,0.0,0.0,-10.588199999999997,-0.12292129684442024,0.0044600165091255705,40.78771190546682,0.06181107103743253,0.4188129473743374,-2.0,0.0,0.14938928906984025,-2.350699999999999,-0.09587364124025922,-0.02493464941636426,40.65247773794373,0.5286459671678209,0.9559218045660071,-2.0,0.0,1.7928642220019821,7.976599999999991,-0.2821011860586971,-0.03635824417188923,46.459260870692106,1.2460369493697228,3.505583036397095,-2.0,0.0,1.1868877144378076,-69.37809999999998,2022-07
fvg,2022-07-20 08:30:00,2022-07-21 15:00:00,bear,-1.1779613290782804,1707.81,1714.83,1672.7,7.02,sl,3.8549857549308264,1.249002848985061,30.5,-0.01555236853982771,0.0009202713683221749,42.66814840461761,0.06222274369743989,0.13189895986889166,-2.0,0.0,0.7275953859804792,-0.07829999999999471,-0.03928971876070458,-0.027582651177563224,41.874612107812965,0.1343460758931083,0.4190951502954596,-2.0,0.0,1.304131010281352,2.5703000000000014,-0.06244411824186973,-0.0054783280321282326,37.517065902621646,0.09665656736161948,0.5346315741706088,-2.0,0.0,1.3970944309927358,-0.7029999999999994,-0.06337731159772712,0.01878006948891085,41.54645136410138,0.39203167210621526,0.7811216184629736,-2.0,0.0,0.9622993654348638,4.966499999999991,-1.7464555700706361,-0.07507296643365197,22.076003762451037,0.9922078438554324,8.982624793151924,-2.0,0.0,0.98590168709251,-135.30399999999997,2022-07
harmonic,2022-09-06 12:30:00,2022-09-08 07:00:00,bear,-1.1148518484542702,1711.51,1722.42,1656.97,10.91,sl,1.8599450045658956,1.0282309807421655,42.5,0.01143677128716736,0.0016534167297275531,46.32783997125469,0.07112014774971208,0.18641178080638365,1.0,0.0,1.4508143322475568,-0.10859999999999498,0.030258211335568715,-0.028962345752355033,50.55793374643874,0.26198108730025627,0.904563432693339,2.0,0.0,2.19242377579304,1.0493000000000028,-0.04645396716019509,0.009888531882368844,44.50888692522471,0.09717806933284603,0.3315035434638538,-2.0,0.0,1.549375153148738,-2.3526999999999987,0.01868403008895871,0.05431736791706722,53.02463399115969,0.2481075301501954,0.49554598242826003,1.0,0.0,1.568150090951394,-8.470500000000005,-0.857837250143477,-0.15468273251453335,38.435234884633836,0.843517680689364,4.489723816548576,-2.0,0.0,0.57665413157397,-111.67569999999998,2022-09
fvg,2022-08-26 14:00:00,2022-09-15 14:50:00,bear,4.920695222718207,1745.23,1760.65,1668.12,15.42,tp,5.033852140045166,0.7080415045349604,480.8333333333333,0.07347262233471968,0.010551442113000227,55.54611338998937,0.12415464167593172,0.5896809756860385,2.0,0.0,1.3524691358024692,0.512500000000005,-0.1175855294196976,-0.05367914430384485,45.56858218440668,0.219483736329384,0.9431442737870506,-2.0,0.0,3.2141854731651813,-3.2071999999999994,-0.03930360134226068,0.04820367930574731,55.35679687415698,0.15053250567923318,0.5675298896180414,-2.0,0.0,2.1982028241335048,-0.8355999999999977,0.09051500956894781,-0.005916786785093814,42.26529495382215,0.3920252986730732,1.574168955143888,1.0,0.0,1.4047478572424668,2.8124999999999902,-0.2717555577993099,-0.2137220203873747,47.08273673754237,0.7764695738537823,4.905007695908264,-2.0,0.0,0.9395418180407414,-88.54169999999998,2022-09
fib,2022-08-26 14:00:00,2022-09-15 14:50:00,bear,4.92068234387047,1745.23,1760.65,1668.12,15.42,tp,5.033852140045166,0.7080415045349604,480.8333333333333,0.07347262233471968,0.010551442113000227,55.54611338998937,0.12415464167593172,0.5896809756860385,2.0,0.0,1.3524691358024692,0.512500000000005,-0.1175855294196976,-0.05367914430384485,45.56858218440668,0.219483736329384,0.9431442737870506,-2.0,0.0,3.2141854731651813,-3.2071999999999994,-0.03930360134226068,0.04820367930574731,55.35679687415698,0.15053250567923318,0.5675298896180414,-2.0,0.0,2.1982028241335048,-0.8355999999999977,0.09051500956894781,-0.005916786785093814,42.26529495382215,0.3920252986730732,1.574168955143888,1.0,0.0,1.4047478572424668,2.8124999999999902,-0.2717555577993099,-0.2137220203873747,47.08273673754237,0.7764695738537823,4.905007695908264,-2.0,0.0,0.9395418180407414,-88.54169999999998,2022-09
threevol,2022-10-10 06:30:00,2022-10-10 07:10:00,bear,-1.4259,1684.98,1687.87,1679.2,2.89,sl,0.04567474048287002,1.2103806227954261,0.6666666666666666,-0.026221062674266743,0.0034844100415555436,39.90581631391077,0.0807972560970472,0.20830359006197047,-2.0,0.0,1.6402877697841727,0.20230000000000584,-0.0983185592261065,-0.057003627439910345,15.927149042913072,0.13740957153636096,0.7079868885318238,-2.0,0.0,inf,-6.6021,-0.11859157021372094,-0.0034880771817107606,36.739290809702354,0.1327268467932073,0.6815622645962491,-2.0,0.0,2.3364898989898992,-1.2003999999999992,-0.12853175514333037,-0.06380604282797679,36.12863860111464,0.071971743223633,1.6091616444608765,-1.0,0.0,1.1963738442916378,-37.57110000000001,0.17823714472574131,0.3716644682005882,53.810969371320134,1.2204175892575073,6.942927225007092,1.0,0.0,0.020094568439620746,52.530200000000036,2022-10
threevol,2022-10-14 15:15:00,2022-10-16 22:00:00,bear,-0.25900375367758954,1645.29,1645.29,1636.0,4.64,be,1.119612068941374,0.7474137930874544,54.75,-0.10452557121233723,0.003377209833699336,39.817480028056956,0.16624225373027046,0.4347460040534721,-2.0,0.0,1.1017201679534065,-0.9852999999999943,-0.21969612614088618,-0.08923382428865781,36.71249828578755,0.41261143679429296,1.5315518088952222,-2.0,0.0,2.5783480352846833,-12.718900000000001,-0.20041863909915072,-0.0319810353403122,35.10554085580057,0.292612040374844,1.0143691927320364,-2.0,0.0,1.8505526897568163,-5.4311,-0.31223209763223625,-0.010426012185778915,35.49827886018497,0.6397012390963458,1.4178193707066593,-2.0,0.0,2.2670432613096074,4.424899999999997,-0.16212313045303714,-0.03857046251074902,43.189289967835236,1.2260835845840763,6.775989792937019,-2.0,0.0,1.3094016657239722,-69.09849999999997,2022-10
fvg,2022-11-03 02:15:00,2022-11-04 14:15:00,bear,-1.0370236263238888,1638.61,1671.38,1474.76,32.77,sl,0.6754043332295474,1.0451022276440574,36.0,0.049199386316286293,-0.01932424151567517,52.0756334900457,0.0703513625309996,0.413117952591929,2.0,0.0,2.1141826923076925,1.8568000000000056,-0.2138411249706066,-0.09171009044066282,38.52979483160258,0.37097358259920726,2.021106524715619,-2.0,0.0,1.2363627937155304,-23.904899999999994,-0.05341944806051153,0.06439919944954307,48.50498566439945,0.10754206732342061,0.5850396803830795,-2.0,0.0,1.0286339595112166,1.8942000000000008,-0.06931496358333436,-0.024704257606794875,38.382404360681775,0.6048204790780917,1.6454812053115335,-2.0,0.0,0.5178087747505034,-58.9675,-0.48670549244931516,-0.03674370107289203,41.33496048726338,1.1966414477038416,2.721889252846862,-2.0,0.0,1.4363879653381169,-129.66379999999998,2022-11
harmonic,2022-10-13 12:30:00,2022-11-04 18:40:00,bear,-1.0612244897959184,1658.71,1678.65,1558.99,19.94,sl,2.1180040120254837,1.0324974924722525,534.1666666666666,0.014302156981635627,-0.026256702217882222,41.32849520424598,0.11550014013590429,0.5442239377898981,-1.0,1.0,1.1864406779661016,-1.3367999999999942,0.07062543061420162,0.033556295046252904,65.08261897434541,0.18608180280639094,0.6435462183695076,2.0,0.0,1.5701718835673588,13.6586,0.08034827759550082,-0.0003018353857953958,50.82727462707385,0.14401363733509992,0.5959184302853009,2.0,1.0,2.8002097535395905,0.5850000000000006,-0.24072389038164071,0.10640301952898866,51.56466496598141,0.5400380537542058,1.3506112595147217,-2.0,0.0,1.7752859765569835,34.54729999999999,-0.07884463604818344,0.03431077249320764,46.68770013586147,1.1479544607973382,6.945806577028928,1.0,0.0,1.1423971419505718,-68.38209999999998,2022-11
threevol,2022-11-07 07:20:00,2022-11-07 08:10:00,bear,-1.4174125305126122,1667.72,1670.64,1661.88,2.92,sl,0.3023972602636296,1.1294520547558413,0.8333333333333334,-0.04998853754256447,-0.016274565859909666,30.30243380917996,0.06105368433592435,0.31010571205288184,-2.0,0.0,3.1663533834586466,-1.9361999999999953,-0.13506766842509674,-0.0560059181134107,18.47772429186385,0.13774690002142956,1.0546470436464648,-1.0,1.0,inf,-4.939599999999995,-0.07324688742568126,-0.0029359878185238283,34.31471543525211,0.1026603267309971,0.29577730082920545,-2.0,0.0,3.691123653155464,-1.2182999999999982,0.4762870085604057,-0.0682554439505031,58.133529655665605,0.06902591799220696,3.9341497461412174,2.0,1.0,1.2503520236848755,89.0941,-0.031463362660437796,0.2671193300465888,55.11919920757572,1.2018298402015994,4.039820371080681,1.0,0.0,0.04495251501554768,-122.49789999999997,2022-11
fib,2022-11-15 13:30:00,2022-11-17 02:25:00,bull,-1.068522090566731,1785.39,1766.55,1879.61,18.84,sl,0.039171974522076006,1.001220806788744,36.916666666666664,-0.00017947019421348903,-0.0009197640620859118,47.424663688529584,0.08460958524525991,0.17131600692394908,-1.0,1.0,1.9550123981579879,1.176200000000005,0.1398565535490862,0.0210402364444397,56.66268876222579,0.2561938117372218,0.824176884250383,2.0,1.0,1.6718380654802336,1.0290000000000061,0.02518647172048423,-0.010722501087949443,50.25837606820595,0.12168587646380813,0.2098189467478783,2.0,1.0,2.345743455899286,-2.5799999999999987,0.5120181384997197,-0.07645112814113274,64.6814316363649,0.3914963271766108,1.2425685221190208,2.0,1.0,2.0745113180506385,-4.931399999999984,1.5933652226984218,0.6987556974212725,72.19007140065345,1.4033208974083837,12.124577194671456,2.0,1.0,1.1903859445310432,156.98010000000005,2022-11
fvg,2022-11-15 13:40:00,2022-11-17 02:25:00,bull,-1.119099890230516,1777.37,1766.55,1831.49,10.82,sl,0.7650646950021731,1.0021256931515374,36.75,0.07837769957074345,0.05511056636042762,76.98353665229331,0.1301601205104266,0.7154901473487328,2.0,1.0,4.022082554781722,0.9708000000000052,0.1398565535490862,0.0210402364444397,56.66268876222579,0.2561938117372218,0.824176884250383,2.0,1.0,1.6718380654802336,1.0290000000000061,0.02518647172048423,-0.010722501087949443,50.25837606820595,0.12168587646380813,0.2098189467478783,2.0,1.0,2.345743455899286,-2.5799999999999987,0.5120181384997197,-0.07645112814113274,64.6814316363649,0.3914963271766108,1.2425685221190208,2.0,1.0,2.0745113180506385,-4.931399999999984,1.5933652226984218,0.6987556974212725,72.19007140065345,1.4033208974083837,12.124577194671456,2.0,1.0,1.1903859445310432,156.98010000000005,2022-11
harmonic,2022-12-30 01:00:00,2023-01-03 02:35:00,bull,4.598406000937646,1815.88,1812.52,1832.66,3.36,tp,5.276190476033399,0.8050595237856097,97.58333333333333,0.01400627012918189,0.007316532063999988,69.02293682284272,0.02405855230994821,0.1297302728909544,2.0,1.0,1.4229691876750699,0.16400000000000386,0.12880856095228405,0.010387512210796859,60.6828317757706,0.18870447625943426,0.9232709064473661,2.0,1.0,0.3983961190040096,5.241300000000006,0.0063096796111542335,0.0016055303729622804,59.273841694222185,0.029214799175788446,0.14571245437910002,2.0,1.0,0.3054923626909328,-0.036599999999999355,0.15109055114233683,0.039771297262873186,60.00472801414072,0.42810819830978314,1.4195376118931151,2.0,1.0,0.5467519011592674,32.06470000000001,0.5418840904349934,-0.03138618719256208,59.86357071462654,0.8080435979570637,2.497289174425636,2.0,1.0,0.7250453924216115,-37.40629999999996,2023-01
harmonic,2023-01-12 13:30:00,2023-02-03 14:15:00,bull,-1.089548225170312,1893.36,1878.09,1969.71,15.27,sl,4.339554682355347,1.1981008513346454,528.75,0.044225236348318875,-0.003197767105117292,51.259197008360616,0.09372909218528597,0.27385407236345605,2.0,1.0,7.597064709806538,-0.3052999999999958,0.11562072672090304,0.02826377325529981,67.91385403334971,0.16199738157913363,0.8606515384846629,2.0,1.0,1.260699742375135,3.2819000000000056,0.0713659253779704,0.012716408839184932,59.21341400044431,0.10103890143447077,0.41253961749046636,2.0,1.0,5.024723334118201,1.0179000000000005,0.27226093554548914,-0.006196275248080076,65.11878609990461,0.37025989128048986,0.9119230555879037,2.0,1.0,1.0118257060071258,45.9606,1.1755438689510993,0.19076886629879583,71.25792262072451,0.8069050530468511,6.2502336111484995,2.0,1.0,0.9995308830201257,233.94890000000004,2023-02
threevol,2023-02-07 15:35:00,2023-02-07 17:30:00,bull,-0.2658619622407923,1872.79,1872.79,1883.03,5.12,be,1.4052734374725409,0.5357421874895242,1.9166666666666667,0.0019227195726759098,0.0055726754898813725,59.31986763689588,0.1095797978086356,0.25803678756707793,1.0,1.0,0.7768698931489629,0.6574000000000042,0.007820826284131239,-0.019576833653164677,49.475873993581494,0.22954185937382626,0.6596424143244398,-2.0,0.0,2.1225724141189812,4.404000000000005,-0.04742785945758225,0.004911741782281386,48.01750988510451,0.1654389501887503,0.38463914188984494,-2.0,0.0,1.5172599059771656,-0.14540000000000108,-0.3911787859385584,0.14058700456402964,38.60708051908508,0.34382814254232624,0.9366308275072384,-2.0,0.0,1.7114244405830934,-16.101299999999988,-0.052348061746414744,-0.6288969668893534,39.646947212686634,1.2259812686103002,5.790115947041465,-1.0,1.0,1.0892816229614046,8.819300000000073,2023-02
harmonic,2023-02-07 15:35:00,2023-02-07 18:40:00,bull,-1.2652709806054017,1872.79,1867.67,1898.39,5.12,sl,2.257421874955908,1.1103515624783027,3.0833333333333335,0.0019227195726759098,0.0055726754898813725,59.31986763689588,0.1095797978086356,0.25803678756707793,1.0,1.0,0.7768698931489629,0.6574000000000042,0.007820826284131239,-0.019576833653164677,49.475873993581494,0.22954185937382626,0.6596424143244398,-2.0,0.0,2.1225724141189812,4.404000000000005,-0.04742785945758225,0.004911741782281386,48.01750988510451,0.1654389501887503,0.38463914188984494,-2.0,0.0,1.5172599059771656,-0.14540000000000108,-0.3911787859385584,0.14058700456402964,38.60708051908508,0.34382814254232624,0.9366308275072384,-2.0,0.0,1.7114244405830934,-16.101299999999988,-0.052348061746414744,-0.6288969668893534,39.646947212686634,1.2259812686103002,5.790115947041465,-1.0,1.0,1.0892816229614046,8.819300000000073,2023-02
threevol,2023-02-08 07:25:00,2023-02-08 10:50:00,bull,-0.3306092893348505,1879.28,1879.28,1887.55,4.13,be,1.7106537529852275,0.18765133171455167,3.4166666666666665,-0.00905023234680148,-0.006638756958442335,54.12268121005559,0.06297920677930703,0.2381611533135093,-1.0,1.0,3.1689989235737355,-0.03509999999999597,0.07004736859599392,0.012743797903197747,54.29721734902699,0.28300582999471957,0.771716703097409,2.0,0.0,0.8560103326949626,2.2994000000000065,0.026082135453252785,-0.012306668614655174,45.08025014638559,0.07879085506421948,0.19970258754929116,2.0,1.0,3.5055821371610842,-0.14000000000000096,-0.23417277468582567,0.14443818024854296,48.888329297085065,0.5341225279454629,1.0995279632772061,-2.0,0.0,0.7295068670920298,-14.279099999999985,-0.15265756266054825,-0.5822766404036791,41.48228053607868,1.2008416440663303,6.131008538920764,-1.0,1.0,1.2637483619100944,87.66630000000008,2023-02
harmonic,2023-02-14 07:15:00,2023-02-14 14:25:00,bull,-1.1402478201009638,1858.22,1848.62,1906.2,9.6,sl,1.2757291666533852,1.0921874999886363,7.166666666666667,0.058525918449228664,0.0049608287907510935,55.61457297566221,0.0747061006208903,0.3720780134015684,2.0,1.0,2.206148282097649,0.4602000000000043,-0.012423065442411802,0.056535740962607724,62.01790974817346,0.15194410046622434,0.6873168427748171,1.0,0.0,1.697920466982853,-2.2424999999999944,0.07931709731728477,0.01652576873659974,69.10959176728848,0.08251860361869173,0.34919373614424637,2.0,1.0,2.4152397260273974,0.30699999999999905,-0.18928990953491243,-0.023458639527394052,42.46267418231323,0.1981432765567623,0.866606313323696,-2.0,0.0,0.654728690998121,-13.005699999999987,-0.5527707869101972,-0.3381176453187901,36.15959254412065,1.1796207922893507,7.318183588318239,-1.0,1.0,0.8685281944011749,6.983600000000081,2023-02
harmonic,2023-02-17 16:00:00,2023-02-24 12:10:00,bull,-1.0651810584958217,1836.73,1816.38,1938.47,20.35,sl,0.5245700245674446,1.0140049139999308,164.16666666666666,0.13065137504228094,0.01416672761803615,59.60921121642911,0.14811748608605238,1.0486045368454084,2.0,1.0,1.087790110998991,1.2828000000000044,-0.11721158719355008,0.04636260650363449,56.8938901654066,0.28505335562181516,0.9730176389022481,-2.0,0.0,3.377409922188631,-1.3187999999999942,0.12068826397461162,0.054992445043068765,67.25972778837053,0.2022268547545404,0.8165753635988312,2.0,1.0,1.9799086757990865,2.552599999999999,-0.40404690512075503,-0.013660711259624363,42.70939241742275,0.49941958377600415,2.1274143377925427,-2.0,0.0,2.5762367359139144,-29.614599999999985,-0.790928616819101,-0.33169756240207027,30.203601255999075,1.0371902644787294,7.311214427289587,-1.0,1.0,0.9451153455401674,24.86940000000008,2023-02
harmonic,2023-02-28 21:00:00,2023-03-15 16:25:00,bull,4.93506006006006,1826.65,1805.2,1933.89,21.45,tp,5.031002330978875,0.8112820512782712,355.4166666666667,-0.02790060390008143,-0.013254765495608525,32.16690071723117,0.03634874615598643,0.22676306944220165,-1.0,1.0,1.4908108108108107,-0.685799999999996,0.19752258847789006,0.08895072843501406,66.2338582126568,0.2520164089519449,1.5948460688303474,2.0,1.0,1.0267924309935768,12.379000000000005,0.12564149969544872,-0.04863637768211308,53.89858317841769,0.09072715873967672,0.3042964383647151,2.0,1.0,0.9491432488005481,0.624799999999999,-0.00036026693579263434,0.12184234825347126,66.56820194900342,0.340908602719568,1.155665541146844,1.0,0.0,2.3251374297100194,21.068200000000008,-1.0180462797889553,-0.09756262900144007,31.248079063854433,0.7890180102022564,4.319725527328643,-2.0,1.0,0.8820272145309477,-61.115799999999936,2023-03
threevol,2023-03-23 16:25:00,2023-03-23 18:00:00,bull,1.6240788790866632,1992.28,1992.28,2000.03,3.88,tp,2.1463917525219935,0.4007731958659759,1.5833333333333333,0.10936562525553238,0.025302626125542255,71.38729713102737,0.11865434061016493,0.6852735032450251,2.0,1.0,2.0657485561972457,1.3906000000000045,0.3129038740174899,-0.0042374207003285785,63.68334572735591,0.33635597439941844,0.9996105302608733,2.0,1.0,1.6363341022059064,0.9605000000000063,0.12027206155894297,0.04279007773398117,61.224757043768875,0.24245777738653662,1.0117691552526868,2.0,1.0,0.9309923324813868,1.6249000000000002,0.17621454160932223,0.12470135699589786,61.74161186580548,0.6480575087854857,3.45913789370893,2.0,1.0,2.7080599220352495,14.084200000000012,1.6797758219607335,0.4298761618124294,66.9950748078051,1.6585436086541658,12.406518380310121,2.0,1.0,1.5848744826975707,194.51940000000008,2023-03
threevol,2023-03-23 18:05:00,2023-03-23 18:55:00,bull,-1.3613522622816872,2001.47,1997.46,2009.49,4.01,sl,0.4276807979943018,2.2456359101684655,0.8333333333333334,0.15914930845589165,0.015432112351047278,76.97104144552179,0.1001879716161565,0.5083708903586236,2.0,1.0,4.6463378176382655,1.6943000000000046,0.40545203360594995,0.06631910416084243,72.7416351576909,0.36837718417066023,1.5976371950140937,2.0,1.0,1.4816932523309836,7.104100000000007,0.24441066046190382,0.06140353048216144,70.63892602760845,0.20473139212773941,1.4118735207750337,2.0,1.0,1.5783017870360578,3.8587999999999996,0.17621454160932223,0.12470135699589786,61.74161186580548,0.6480575087854857,3.45913789370893,2.0,1.0,2.7080599220352495,14.084200000000012,1.6797758219607335,0.4298761618124294,66.9950748078051,1.6585436086541658,12.406518380310121,2.0,1.0,1.5848744826975707,194.51940000000008,2023-03
threevol,2023-03-30 14:20:00,2023-03-30 16:35:00,bull,1.7599917167115344,1970.58,1970.58,1982.54,5.98,tp,2.159698996619397,0.4155518394579172,2.25,-0.03915695486291195,-0.0010360337151560778,52.81075334783483,0.10741108551486825,0.3510784640967244,-2.0,1.0,1.2598217233410367,-0.10529999999999559,0.048802711833818874,0.03240631054667299,51.94853287048772,0.21600863293569492,0.7255146699088698,2.0,1.0,2.8664346895074946,0.5439000000000056,0.005977394976338431,-0.03439065498292629,44.915775050938066,0.16491021893910932,0.38988351335998356,-1.0,1.0,1.3934656870408002,-0.893,-0.08212642045000185,0.035578813999736066,52.10472194803421,0.42846656610997497,1.1969305789622295,-1.0,1.0,1.451677466162968,18.415200000000006,1.4194028075364211,-0.10168513389563931,59.20069820978218,1.4597604499776773,8.599276418192149,2.0,1.0,1.0561416062378741,147.38720000000006,2023-03
threevol,2023-04-04 14:10:00,2023-04-05 14:30:00,bull,-0.10785510785510785,2016.0,2016.0,2043.11,13.55,be,1.1784501844931534,0.45129151291179925,24.333333333333332,0.22856834291747744,0.10231009124167699,90.72437476662554,0.15841345581443486,1.3906040171974117,2.0,1.0,10.88098016336056,3.0035000000000043,0.1441430543516682,0.010288529330642815,69.73071646656763,0.21583116581957054,0.6339440527466548,2.0,1.0,2.545386586928663,3.010800000000004,0.10419422548955762,0.051861651154384014,73.344098645325,0.14051971284272946,0.6545277752755551,2.0,1.0,2.4144479612735057,1.8422999999999998,0.16582477664033735,0.08440068632287967,58.12944793460304,0.39189567612978193,1.9249533065513125,2.0,1.0,1.116234202332255,7.184100000000011,1.0954680546634752,-0.190994614833776,61.85577633006896,1.262255706374348,4.009451960237265,2.0,1.0,1.2809928271358075,107.76630000000006,2023-04
harmonic,2023-04-04 13:15:00,2023-04-13 12:30:00,bull,4.855558536803506,1985.08,1974.87,2036.12,10.21,tp,5.03672869730622,0.3462291870680932,215.25,0.03958004857148083,0.01005849702595604,60.94563067679474,0.09454022213229077,0.27646337906578133,2.0,1.0,1.6157317859445517,0.4927000000000041,0.10999712841755795,-0.02186924165932406,58.69201920390742,0.1885579601457027,0.4491422868937802,2.0,1.0,1.6466993998908894,-1.115099999999996,0.037753017875584854,0.014375425695269064,60.93169063969474,0.1168793560861549,0.27382485099865606,2.0,1.0,1.9006947282386595,-1.2598000000000003,0.16582477664033735,0.08440068632287967,58.12944793460304,0.39189567612978193,1.9249533065513125,2.0,1.0,1.116234202332255,7.184100000000011,1.0954680546634752,-0.190994614833776,61.85577633006896,1.262255706374348,4.009451960237265,2.0,1.0,1.2809928271358075,107.76630000000006,2023-04
fvg,2023-04-11 14:45:00,2023-04-13 12:50:00,bull,4.808048103607771,2002.11,1994.5,2040.17,7.61,tp,5.591064388888422,0.1583442838349662,46.083333333333336,0.03147157731500544,0.015506950004448836,53.897245090094955,0.08918870604656909,0.37081437267642936,2.0,1.0,1.2437703141928496,0.985600000000004,0.08252779355828062,0.031064904089643252,57.101786468908564,0.21537551166227742,1.0200541106647558,1.0,1.0,2.6967542918454934,3.189600000000002,0.002450325137365972,0.003124526692695206,53.24957005651311,0.1336510386616409,0.35640520895021616,2.0,1.0,1.192286701837366,-1.9897000000000005,-0.09510890946510614,-0.018788471652577337,49.47178821556449,0.35119310961211575,1.2682801036723526,-1.0,1.0,1.287627793284556,5.369700000000013,1.1364241818160474,-0.11235736028511911,57.683490802789066,0.9838608769228291,4.039340210462199,2.0,1.0,0.8011661152562519,1.5768000000000733,2023-04
harmonic,2023-05-30 23:45:00,2023-05-31 01:45:00,bull,-1.5678096212896624,1958.38,1955.88,1970.87,2.5,sl,0.7859999999685272,1.156799999953749,2.0,-5.704038349311347e-05,0.002916260800268708,50.395202444729804,0.015818092952044827,0.06519352535189663,1.0,1.0,2.1339712918660285,0.03980000000000483,0.2039803970773909,0.017016032765977455,60.0860433826062,0.22092811033646867,1.9054198204630735,2.0,1.0,0.637901376146789,3.190500000000008,0.011569633526266837,-0.008087986858537625,52.2895603367633,0.02625044978371838,0.08936720269601749,2.0,1.0,0.8631145128054166,0.6440000000000016,0.02599309998493379,0.13332264393457188,62.95109329051829,0.31797819263669147,1.2760904247238385,1.0,0.0,0.9111356254213397,6.974600000000015,-0.8281460464290288,-0.2362938976908311,34.25361606269034,0.9103441617511813,5.793649243083045,-2.0,1.0,0.48789815327328534,-470.72169999999994,2023-05
harmonic,2023-06-01 12:00:00,2023-06-02 17:50:00,bull,-1.0953123646131184,1966.16,1951.28,2040.54,14.88,sl,1.1528897849384867,1.0050403225739013,29.833333333333332,0.09557435935064922,-0.008471686337299143,68.92869746161637,0.05614896100101123,0.3663379976660307,2.0,1.0,4.414666666666667,1.4535000000000047,0.031076164345420328,-0.006830763216009835,59.917896650175905,0.18439350736800847,0.6695756292250982,2.0,1.0,1.6806247475427496,-4.114299999999992,0.08125241071279957,0.06470683130437242,73.52215606052529,0.0933129810894772,0.9914610782668251,2.0,1.0,3.592691839220463,2.7958000000000016,0.19443859365480795,0.05538338457720907,60.28000098168473,0.46910591092323645,1.983910857434788,1.0,0.0,1.4831233948881006,5.7610000000000126,-0.6811521373292214,-0.04871134586283471,46.414922940502215,0.9050717774961194,4.942482153427777,-2.0,1.0,1.0492399925360232,-182.5206999999999,2023-06
fvg,2023-06-12 12:35:00,2023-06-12 13:45:00,bull,-1.1370697263901148,1962.86,1952.51,2014.62,10.35,sl,0.12705314009539606,1.1415458937087606,1.1666666666666667,-0.006742192554625265,-0.003000174937938692,41.41190431903206,0.06506591936819119,0.18722530717444372,-1.0,1.0,1.8781107160995432,-0.3384999999999952,0.0410534052686573,0.037438037539326424,62.94252294627101,0.15947334442656028,0.5399195255619011,2.0,1.0,inf,1.3126000000000082,0.04676793007234117,-0.016362927841636885,51.848857221082575,0.08572164960456007,0.2999973660510771,2.0,1.0,1.7930531940733543,0.8475000000000013,0.045886694086013105,-0.0060805666092746714,59.302381439810226,0.07759440610309366,0.33477102707844314,2.0,0.0,2.3439726480644096,-3.0174999999999894,-0.3123497139556551,0.12401503926646455,47.53174743746296,0.8989684995664868,2.2405989661876253,-2.0,1.0,0.03340861191795232,75.30280000000012,2023-06
harmonic,2023-07-05 12:40:00,2023-07-05 14:35:00,bull,-1.1366742596810935,1929.36,1919.15,1980.41,10.21,sl,0.5430950048918475,1.002448579813874,1.9166666666666667,0.0009737330150181459,0.004021018034437668,57.24052198897069,0.06137427865500175,0.12369260335260222,2.0,1.0,1.1068746389370308,-0.29799999999999544,0.03405004263187167,0.007457815049929043,55.2535247074323,0.13093981149144013,0.3107470661198363,2.0,1.0,1.554507857733664,1.4808000000000072,0.02113676633448025,-0.011775210912429722,46.767049899140865,0.07465218866643916,0.19171187743231385,2.0,1.0,2.2672467371037914,-1.5384999999999982,0.1384249310600023,0.01913176791625683,60.42310420022549,0.29452192626649454,1.0224703329636284,2.0,0.0,1.849576757912595,22.92000000000001,-0.5272719343800468,0.07726326592304027,45.33073220118579,0.7318420776469993,3.2563307600480087,-2.0,1.0,0.7923142512588238,-79.1310999999999,2023-07
harmonic,2023-07-25 15:00:00,2023-07-27 13:35:00,bull,-1.1161822048918824,1963.09,1950.88,2024.15,12.21,sl,1.5556920556793241,1.1969696969598944,46.583333333333336,0.022575915881721684,0.01759961980214835,61.61623493946026,0.11043917277349265,0.2779439821592187,1.0,1.0,1.8444672833162041,1.185300000000005,0.001406261875557116,3.1524589413302343e-06,53.329777465102325,0.22903866030135286,0.6902454479292811,1.0,1.0,4.320577865680626,-1.0241999999999916,-0.014879523208736489,0.016250042594200497,56.045448709749934,0.18185740270545203,0.4481912879634131,-2.0,1.0,2.8,0.1694000000000021,-0.07389615999184497,0.0048419612379454425,47.700030879765045,0.24609260723949222,0.4982379296724052,-1.0,1.0,1.6700783349533992,-7.283399999999994,0.3995735507386013,0.044172899218623496,53.18933876949877,0.6577614787270692,4.234759175470691,2.0,1.0,0.9560185018494649,20.606200000000108,2023-07
harmonic,2023-08-15 05:40:00,2023-08-15 14:35:00,bear,-1.2788134074206847,1904.73,1909.7,1879.88,4.97,sl,1.7132796780339583,1.0513078470613237,8.916666666666666,-0.011754054287447848,-0.010739711846352707,30.561763268521034,0.033122056296466695,0.12908187546172165,-2.0,0.0,1.6869565217391302,-0.08879999999999541,-0.08113426140314083,-0.004986798218410993,39.52185499727254,0.11287354917944104,0.6085236773890909,-2.0,0.0,0.315299406004174,-2.5021999999999918,-0.011109300748996513,0.003522481816155852,42.703844095356644,0.050081789513330796,0.11003547411547851,-2.0,0.0,1.6309378806333743,-0.6380999999999974,-0.15719890750439666,-0.006452302568298099,25.531789066445768,0.15492604831831988,0.475864914112158,-2.0,0.0,1.6893847840139402,-10.078799999999994,-0.5573496652991398,-0.20477594904565402,30.696020200177713,0.6517301770787356,4.083141785344227,-2.0,0.0,0.7343651116383408,-55.1420999999999,2023-08
harmonic,2023-08-29 12:15:00,2023-08-29 14:00:00,bear,-1.1200980392156863,1915.75,1927.38,1857.62,11.63,sl,0.11994840928529552,1.233447979353111,1.75,-0.07479403606605893,-0.008626346752968712,14.65730285163231,0.03507958417404122,0.33062197821105305,-2.0,0.0,0.8861878453038674,-0.5212999999999958,0.05010540870516936,-0.03216951911155091,40.39243710064614,0.12334703607560821,0.4749676833433987,2.0,1.0,1.3655307673449377,-0.7904999999999911,-0.07698994196180373,-0.03586656883322405,24.51550420221605,0.06642793216083356,0.5006815830431061,-2.0,0.0,1.1129032258064515,-0.8942999999999977,0.1397513565005036,0.005746184325523971,51.39168550582881,0.19393485055838605,0.7664355762340603,2.0,0.0,1.1169501822600243,5.295100000000002,-0.24712181369097264,0.2076321915630606,54.16463581593123,0.5887827151598185,2.371327732377009,-2.0,0.0,0.8555639417362864,-70.7401999999999,2023-08
harmonic,2023-09-05 05:30:00,2023-09-05 13:50:00,bear,4.331068674256335,1937.86,1939.94,1927.45,2.08,tp,5.204326922826628,0.1288461538399733,8.333333333333334,0.02032084650734417,7.409813174659873e-05,53.327249945560865,0.02361460899153761,0.13098571524492628,2.0,0.0,0.461839530332681,0.18040000000000425,-0.04793349792121972,-0.0037583817342894763,47.4086857017917,0.0572631909113513,0.2808790101346272,-2.0,1.0,1.4790506885438033,-2.0128999999999904,0.004533038956837177,0.012070541718392717,54.21248881968895,0.04298691816268331,0.17919032890056383,1.0,0.0,2.2691029900332222,0.03350000000000171,0.03075984260662125,-0.04112365907908741,44.750783409003795,0.09807620183451655,0.3816142540714312,-1.0,1.0,1.2286250918692327,-10.056999999999995,0.25261317294401514,0.2171013968728411,60.64508025365087,0.5872949923705654,4.269017488906562,1.0,1.0,0.7250516005324932,-35.6002999999999,2023-09
harmonic,2023-10-02 00:35:00,2023-10-12 06:35:00,bear,-1.0392467441041886,1846.2,1880.87,1672.85,34.67,sl,1.0358234785086948,1.0160080761435912,246.0,0.005391057273512711,0.001821181707378234,42.49992161911024,0.03410038640142873,0.1802830152489381,1.0,0.0,1.7439446366782005,0.09870000000000476,-0.020482381138701787,0.0040179018362248055,49.51662878494278,0.020675537438373984,0.08902308760420798,-2.0,0.0,inf,-0.3569999999999893,-0.00877132403393241,0.002140717762663197,47.104457510336154,0.04496435907617036,0.14865761849283246,-2.0,0.0,inf,0.23110000000000244,-0.5592661690715706,0.09914194669094725,20.17745750398913,0.05917841211099595,1.9229571627567912,-2.0,0.0,0.8242309021776703,-9.046799999999996,-0.9412506315233944,-0.4695546253370065,18.372972540093684,0.7137234169591192,6.222153829884828,-2.0,0.0,0.06775880196641186,-90.97099999999989,2023-10
threevol,2023-10-19 16:55:00,2023-10-19 17:15:00,bull,-0.2971376184170317,1961.58,1961.58,1971.17,4.79,be,1.0469728601034243,0.01983298538581294,0.3333333333333333,0.05187975473970319,0.0002515851573490411,63.026008001700895,0.15002172210771145,0.36472854494141155,2.0,1.0,2.0750267952840296,1.6875000000000049,0.1506392076603749,-0.002351936303626984,63.38689198650237,0.2397147348644606,0.5457024215052652,2.0,1.0,1.9672310961815318,3.3089000000000093,0.0855210909188412,0.01505657314087036,55.683681898658484,0.2103002270170368,0.5372269117922476,2.0,1.0,3.209421215994157,0.8847000000000033,0.5374246336245169,0.057248565244183855,74.34295688562494,0.5091427622005432,2.950627397500157,2.0,1.0,2.8379244812162865,41.97960000000001,0.6048846107653637,0.6272341815508019,70.43425786972621,1.0286619434406545,9.39853758235824,1.0,1.0,1.5727266745624424,-14.392699999999898,2023-10
harmonic,2023-10-27 06:05:00,2023-10-27 10:55:00,bull,-1.1773964076115953,1989.13,1981.02,2029.67,8.11,sl,0.0,1.0622688039326489,4.833333333333333,0.00299068496565757,0.0028448181405638854,59.85486620305104,0.043536204216147546,0.20940934470708333,2.0,1.0,0.9027932960893855,-0.21359999999999513,0.07411760295924051,0.016132214864851183,60.561272977045874,0.14721605395180357,0.6136282671322584,2.0,1.0,0.9576411450990008,0.9083000000000102,0.043746054083747606,-0.0027960137189779995,59.560088751907216,0.07426346182370305,0.30379156908232,2.0,1.0,1.0857142857142856,-0.009099999999996763,0.19303260886625967,0.02257471491787998,61.46300554407333,0.4314421759467368,1.420033720990382,2.0,1.0,0.914670215912452,17.709300000000006,1.3618814703230586,0.31061959765139163,73.49720764759941,1.1523233827067059,10.784925877865781,2.0,1.0,1.4034033060513686,153.0161000000001,2023-10
harmonic,2023-10-27 18:15:00,2023-11-01 18:40:00,bull,-1.0474176714054346,2004.59,1974.29,2156.07,30.3,sl,0.15858085808528732,1.1175577557718843,120.41666666666667,0.24070313029882412,0.07206847886450544,87.3603215160133,0.12260895257055686,1.4225942910633944,2.0,1.0,1.7462264150943394,1.5634000000000046,0.02643712471726862,0.02115659656591003,67.81262157954572,0.25304740511303553,0.7865529126304652,2.0,1.0,2.2461581447331658,-0.8450999999999902,0.15635287156041175,0.12011044679051552,80.56724699437477,0.17343524966400253,1.2895313065357081,2.0,1.0,1.9075895342364078,4.521500000000003,0.1512403780429199,-0.020399827690310623,50.670496136500276,0.44845862753325166,1.444133038840814,2.0,1.0,2.6466013719232606,4.202600000000007,1.3618814703230586,0.31061959765139163,73.49720764759941,1.1523233827067059,10.784925877865781,2.0,1.0,1.4034033060513686,153.0161000000001,2023-11
harmonic,2023-11-03 13:40:00,2023-11-06 03:40:00,bull,-1.0896608165863417,1998.3,1982.23,2078.65,16.07,sl,0.04449284380807071,1.0239576851211907,62.0,0.07609834024465735,-0.03767203548825932,53.47808055484956,0.24027266062808766,1.1911827112571978,2.0,1.0,14.266666666666666,0.5167000000000047,0.09046561417478531,0.048060407697134044,74.88843104627301,0.17775404850889326,0.6814501146516782,2.0,1.0,4.521963824289406,7.085600000000011,0.10945973322215354,0.03570409377073667,47.90958604754553,0.2057535876876804,0.9807428554820183,2.0,1.0,8.723240938166311,2.946700000000004,-0.08989617036505888,0.032994378565639554,49.95832547932467,0.3528689197692881,1.1967933592354822,-1.0,1.0,1.9672124139699911,-15.970399999999987,1.213834450434959,-0.08142798145404374,64.5328328914419,0.9153139134724932,5.472642308124181,2.0,1.0,0.999275495652974,97.82350000000011,2023-11
fvg,2023-11-14 02:55:00,2023-11-28 14:00:00,bull,4.906615480760647,1945.37,1929.94,2022.53,15.43,tp,5.038561244296583,0.4790667530753026,347.0833333333333,-0.00920680648791271,0.002977632303651459,48.47321319436715,0.04396705682825725,0.1471752203164662,-2.0,1.0,3.2712215320910976,-0.47069999999999557,0.11651427932393837,0.025161023714680094,60.077869672710015,0.1614489581409739,1.0013094401455793,2.0,0.0,2.8009876543209877,-0.20259999999998912,0.0152747249482699,-0.013254423353662009,51.710962233323855,0.05939886135359683,0.11771605337843932,2.0,1.0,1.1958689458689458,0.0022000000000036435,-0.16975626205072222,0.10505659790316134,53.25126237533632,0.17050498289372226,0.5702614668205522,-2.0,0.0,0.5652914274593753,5.207100000000011,0.007590776287704588,-0.43367349484665163,44.498510836475276,0.8235453425530701,4.60792466150683,-1.0,1.0,1.0565196984862106,17.771400000000106,2023-11
harmonic,2023-11-21 19:10:00,2023-12-03 23:00:00,bull,4.906591891146457,1997.64,1981.92,2076.26,15.72,tp,5.083206106837872,0.6892493638633023,291.8333333333333,-0.038386795857168476,-0.005834149485116615,33.76374060458495,0.06668901199887359,0.23358592293396732,-2.0,1.0,1.0823665893271461,0.15460000000000423,0.26185917625121113,0.03999736282501363,61.711942533694085,0.24941189960074553,1.3191881281653792,2.0,1.0,1.0693676284400613,4.059700000000012,0.06433094387541177,-0.04200378490990853,50.29833791441935,0.10403093606826351,0.4816584905739948,2.0,1.0,0.5872987794091633,1.070400000000003,0.2501135103482206,0.07909462282549243,70.68073870689159,0.3591266197995897,1.486303423811969,2.0,1.0,2.6616961061774176,-2.418999999999988,0.27312462416379335,0.027796247123156863,58.3601659176678,0.8741585615896297,3.7333929359325344,2.0,1.0,1.0102622220485364,22.402600000000113,2023-12
fib,2023-11-21 19:10:00,2023-12-03 23:00:00,bull,4.906592386258125,1997.64,1981.92,2076.26,15.72,tp,5.083206106837872,0.6892493638633023,291.8333333333333,-0.038386795857168476,-0.005834149485116615,33.76374060458495,0.06668901199887359,0.23358592293396732,-2.0,1.0,1.0823665893271461,0.15460000000000423,0.26185917625121113,0.03999736282501363,61.711942533694085,0.24941189960074553,1.3191881281653792,2.0,1.0,1.0693676284400613,4.059700000000012,0.06433094387541177,-0.04200378490990853,50.29833791441935,0.10403093606826351,0.4816584905739948,2.0,1.0,0.5872987794091633,1.070400000000003,0.2501135103482206,0.07909462282549243,70.68073870689159,0.3591266197995897,1.486303423811969,2.0,1.0,2.6616961061774176,-2.418999999999988,0.27312462416379335,0.027796247123156863,58.3601659176678,0.8741585615896297,3.7333929359325344,2.0,1.0,1.0102622220485364,22.402600000000113,2023-12
threevol,2023-12-14 00:30:00,2023-12-14 01:10:00,bull,-1.3332652227217001,2036.34,2031.92,2045.18,4.42,sl,0.6414027149176236,1.2900452488395913,0.6666666666666666,0.11537248872725948,0.010349646778109392,70.5058510417681,0.11279165489194069,0.6189291225314172,2.0,1.0,1.1934853420195437,0.5596000000000043,0.5512901398662327,0.2901989235033507,87.43896530752038,0.3312272411504235,4.011457619075771,2.0,1.0,1.4434022145426337,14.204100000000013,0.46813284824654083,-0.02449457172532398,80.87386162101579,0.1318640813167104,1.190827876018062,2.0,1.0,0.8514851485148516,5.233700000000003,-0.07004199921667473,0.26797974294802585,72.21599549720904,0.4956443914710113,2.833424219843607,1.0,1.0,2.257582482615772,-1.3210999999999906,0.17754567259756027,-0.3163483645229943,55.27038301144816,1.6018435129350566,6.513401827292515,-1.0,1.0,1.417542617228995,25.666100000000117,2023-12
harmonic,2024-01-30 13:00:00,2024-02-02 14:00:00,bull,-1.1961265445622646,2035.38,2027.88,2072.86,7.5,sl,3.9957333332800364,1.0326666666529136,73.0,0.0006755532523855211,0.0119829699898142,56.33073974635899,0.04241770386548322,0.19034461449625772,1.0,1.0,1.2168367346938775,0.2094000000000054,0.11969962769710418,-0.001634492951811685,59.61502261196404,0.1552158162952064,0.6245068435594019,2.0,1.0,1.2105730786317193,6.774300000000015,0.0011306622238155656,-0.010376188321777084,53.730458595563334,0.08498978150847797,0.32021664538188055,-1.0,1.0,1.2683760683760685,-1.194299999999996,0.17277045713021594,0.08114023317721208,64.71352056863525,0.3113183531514411,1.3339542848341168,2.0,1.0,1.4963922567310708,5.582300000000003,-0.23585018313336953,-0.006157490024756528,50.45587256881641,0.7619232840117754,2.391908863184851,-1.0,1.0,1.0271256048372772,40.5574000000001,2024-02
harmonic,2024-02-07 14:05:00,2024-02-08 08:35:00,bull,-1.2303325942350332,2035.8,2029.41,2067.75,6.39,sl,1.356025039102404,1.036776212816326,18.5,0.03639315337403156,0.01666757193146718,64.71649597210077,0.06297627142180377,0.3173677302949339,2.0,1.0,3.0284301606922126,0.49040000000000533,0.045730861004350525,-0.011628463159403789,59.166495224290934,0.11931962658580694,0.20867651952825142,2.0,1.0,1.6346579106077865,-3.5961999999999845,0.009773468584847888,0.015086897937181102,60.76991782014098,0.08139176551088423,0.2105908775759664,2.0,1.0,2.9542438002095706,1.0717000000000036,-0.04616664372478336,0.049314787366890954,50.577808902025446,0.3129283138476723,1.265213627908336,-2.0,1.0,0.7457116124337249,-3.250599999999997,0.016330516901109045,0.04936417534951917,50.77214624960678,0.8234567402943588,1.9328674765387317,2.0,1.0,0.9626303917793081,111.5602000000001,2024-02
fvg,2024-02-06 17:45:00,2024-02-08 14:00:00,bull,-1.0891063829787233,2037.19,2020.71,2119.61,16.48,sl,0.44144417475459463,1.037317961158756,44.25,0.022458688969936805,-0.013678810900144422,56.806789886729334,0.0743471165873609,0.2042405331373241,2.0,1.0,0.9051763628034815,0.0860000000000053,0.06559701316683464,0.0716090650243716,67.19024533758183,0.19550368188078535,0.7237239055206234,1.0,1.0,1.9219420015989537,8.177200000000015,0.1257723129742296,0.004602456256265844,65.48670121007373,0.1504617306634029,0.7695494465964179,2.0,1.0,1.0585774058577406,2.8645000000000036,-0.1533569603284798,-0.005750221123527719,53.69917025939559,0.2886111312816903,1.414538821157377,-2.0,1.0,2.2130894445376743,3.898500000000004,0.01186123493096686,0.057463818492233365,45.45069595346523,0.8357157495554681,2.109529436051298,2.0,1.0,0.9992513161765937,56.710300000000096,2024-02
harmonic,2024-02-09 01:15:00,2024-02-12 14:05:00,bull,-1.0936602011494254,2033.99,2018.34,2112.22,15.65,sl,0.19603833865689327,1.0150159744344083,84.83333333333333,-0.008889514247779126,-0.0011044767553941956,55.37842608437887,0.03449228875053463,0.113952800629699,-1.0,1.0,1.7985611510791368,-0.13019999999999513,-0.005015255391157312,0.02121710931411726,48.81743750492861,0.20718758842997437,0.6936786280362728,1.0,0.0,0.5898539476469343,5.942200000000016,0.019466583301386144,-0.010107427433651773,56.01324734403762,0.03731923768600422,0.1095761015562033,2.0,1.0,1.0613516038617252,-0.10929999999999629,-0.02303471269756695,0.008824546204757354,51.07596737493682,0.3114620492095994,0.8603254513721185,-2.0,1.0,0.31142809196173854,19.7633,0.021924261328188772,0.0347734266625072,50.166797522334804,0.7933433502150203,1.9389153610639593,2.0,1.0,1.0320684221568515,64.81240000000011,2024-02
harmonic,2024-02-29 05:20:00,2024-02-29 11:45:00,bull,-1.2595787179952787,2034.89,2029.22,2063.26,5.67,sl,0.5017636684214504,1.0820105819914974,6.416666666666667,-0.011369241019692543,-0.0047243722680932075,37.584646326408226,0.019050989040154474,0.09366477248236066,-2.0,1.0,0.4126455906821963,-0.2841999999999955,0.061638331471691156,0.019717777393120726,56.47524601656483,0.10077684373327599,0.645797324019766,2.0,1.0,0.6887169911976526,6.859700000000014,0.015068059316963568,-0.010500166653305637,47.374977612513554,0.0435401161233555,0.1474468972696883,2.0,1.0,0.6810810810810811,0.16630000000000295,0.026919977476086463,0.006863052044084193,59.22812451702942,0.2322625151821729,0.5649466404048911,2.0,1.0,1.0642299597730238,-0.1710999999999938,0.08644475980896314,0.11685453869601899,56.674196766275905,0.5665785634308911,2.553670152932496,1.0,1.0,0.8762840858673765,27.171700000000097,2024-02
fib,2024-03-07 07:45:00,2024-03-20 22:15:00,bull,4.870431011593946,2153.8,2141.62,2214.71,12.18,tp,5.671182265963276,0.6416256157582835,326.5,0.017790091058795407,0.006904961616437489,48.433303447812925,0.06698836727166022,0.230270839549977,2.0,1.0,2.267379679144385,-0.012499999999995293,0.3035603764672018,0.013921015907194939,67.45620995219303,0.2440710522591808,1.1931048665613133,2.0,1.0,1.1259470823912094,12.054500000000015,0.07595299354632015,-0.01540952451187361,58.14283418391978,0.11703657596009222,0.5086833907815793,2.0,1.0,2.584564078132444,-1.2421999999999973,0.853096328165923,0.0648587923852571,86.17014425925885,0.44467224883321343,4.06245148639289,2.0,1.0,1.835306084705012,91.5071,1.1659223030651562,0.5650480543176097,86.85914500706244,0.850546456721727,7.971568329076346,2.0,1.0,2.044897625920358,221.58980000000008,2024-03
fvg,2024-03-07 07:25:00,2024-03-20 22:15:00,bull,4.882034073309241,2155.03,2141.62,2222.09,13.41,tp,5.0592841162933535,0.6744966442902777,326.8333333333333,0.007737824348641296,0.005381945603430548,53.454089651185065,0.049617373271577614,0.18389743029288777,2.0,1.0,0.4932466233116558,-0.24199999999999525,0.3035603764672018,0.013921015907194939,67.45620995219303,0.2440710522591808,1.1931048665613133,2.0,1.0,1.1259470823912094,12.054500000000015,0.08461448474030048,-0.014162809629470493,60.99346156189927,0.13943998030484747,0.6349619584663433,2.0,1.0,1.2346074616617075,-0.2901999999999973,0.853096328165923,0.0648587923852571,86.17014425925885,0.44467224883321343,4.06245148639289,2.0,1.0,1.835306084705012,91.5071,1.1659223030651562,0.5650480543176097,86.85914500706244,0.850546456721727,7.971568329076346,2.0,1.0,2.044897625920358,221.58980000000008,2024-03
harmonic,2024-03-01 20:25:00,2024-04-03 16:25:00,bull,4.961011494252873,2084.3,2042.7,2292.29,41.6,tp,5.012451923064874,0.11999999999971607,788.0,0.013571612580491369,-0.024380659563405422,48.49573965021045,0.04336150180030366,0.16055103836535056,-1.0,1.0,0.4248082694231411,-1.5260999999999953,0.5022609654722305,0.18849267851360182,78.25414573766788,0.36310200934006875,3.0834183751174264,2.0,1.0,2.542013626040878,10.192400000000015,0.3391720487562496,-0.03952331541434502,69.81067191848278,0.1326445160562697,1.4296026941738413,2.0,1.0,0.9095864438914562,5.828800000000004,0.4278770631112634,0.21341219865224265,82.29943132147127,0.46872315195714764,2.905222500020947,2.0,1.0,5.516697956053834,28.399200000000008,0.14316231239087102,0.13874262616210087,62.479040331283905,0.5799377257929216,2.7561757345117814,2.0,1.0,1.1275870643127734,72.3017000000001,2024-04
fvg,2024-04-01 22:25:00,2024-04-12 07:55:00,bull,4.941263330598852,2254.62,2225.66,2399.42,28.96,tp,5.027451657441213,0.2774516574576005,249.5,0.06501585532007871,-0.01223047374216617,75.33927825336539,0.026373138704641967,0.16603462619280066,2.0,1.0,0.48327137546468396,0.023500000000005794,0.034988406663234134,-0.017889571545361603,58.019881529667956,0.3418797995951425,1.5609245582403413,2.0,1.0,inf,-4.5522999999999865,0.10935242802073972,0.047137247994732644,64.88479131549525,0.07844166577534611,0.9884469793584982,2.0,1.0,0.47811217510259924,0.7681000000000036,0.46061203518360505,-0.04100853624830626,61.63025889702269,0.31399450731568945,1.6637523964155447,2.0,1.0,1.8403003451547142,-6.845299999999991,1.3748878510673508,0.15895701093668274,76.42321628501324,1.027673150800562,5.538867264099272,2.0,1.0,0.12789163431326947,39.327100000000094,2024-04
fib,2024-04-12 12:50:00,2024-04-12 16:15:00,bull,-1.1087855515233354,2395.52,2379.72,2474.54,15.8,sl,2.2699367088464077,1.0408227848035494,3.4166666666666665,-0.017601791400799347,0.0012475955615275402,39.38219769623661,0.1071760762621427,0.20410722939109482,-2.0,1.0,2.4115656721008922,-0.2723999999999945,0.5366406833898029,0.02198957647227669,70.9106010559142,0.2973321544496655,2.472070780467825,2.0,1.0,0.9220035542684131,14.94620000000001,0.05636797402760789,-0.031137010523728144,54.58244973033539,0.14279364589143492,0.3342171556255722,2.0,1.0,2.2552036199095022,1.8813000000000049,0.6320468966006746,0.20068530958571762,71.36571127710752,0.6710213794429933,3.4514653871700394,2.0,1.0,1.1739566704675028,6.785700000000011,2.219419170250777,0.26906012974948407,77.76396471601214,1.252245361639591,11.972171704749805,2.0,1.0,1.8042454411074695,392.1044000000001,2024-04
fvg,2024-04-12 12:50:00,2024-04-12 16:15:00,bull,-1.1088180112570356,2395.52,2379.72,2474.54,15.8,sl,2.2699367088464077,1.0408227848035494,3.4166666666666665,-0.017601791400799347,0.0012475955615275402,39.38219769623661,0.1071760762621427,0.20410722939109482,-2.0,1.0,2.4115656721008922,-0.2723999999999945,0.5366406833898029,0.02198957647227669,70.9106010559142,0.2973321544496655,2.472070780467825,2.0,1.0,0.9220035542684131,14.94620000000001,0.05636797402760789,-0.031137010523728144,54.58244973033539,0.14279364589143492,0.3342171556255722,2.0,1.0,2.2552036199095022,1.8813000000000049,0.6320468966006746,0.20068530958571762,71.36571127710752,0.6710213794429933,3.4514653871700394,2.0,1.0,1.1739566704675028,6.785700000000011,2.219419170250777,0.26906012974948407,77.76396471601214,1.252245361639591,11.972171704749805,2.0,1.0,1.8042454411074695,392.1044000000001,2024-04
threevol,2024-04-15 05:45:00,2024-04-15 05:50:00,bull,-0.45961896873058605,2358.2,2358.2,2365.61,3.7,be,0.0,0.0,0.08333333333333333,-0.01881837141829737,0.00425052702254735,52.3638310359783,0.07772357496931785,0.143897558093035,-2.0,1.0,0.9424083769633508,-0.3533999999999944,0.1482307601419438,0.062077546126780646,61.466429906097865,0.2613321370601691,1.2584377567036287,2.0,1.0,inf,8.655600000000012,0.03165579635911611,-0.026235542436327464,52.47987630751007,0.13264217429655722,0.4293624475326125,2.0,1.0,1.4737436476566912,-2.3444999999999947,0.040978671124785246,3.0770819571099455e-05,56.16022584150188,0.15149014269208458,3.572127114095229,2.0,1.0,1.5669204036187796,16.0561,2.089715754780434,0.054534967754443796,70.30222644468871,1.5976436819629167,10.313817740706845,2.0,1.0,0.21062381975646283,301.1293000000001,2024-04
harmonic,2024-04-15 05:45:00,2024-04-15 08:30:00,bull,-1.132544897065265,2358.2,2345.42,2422.11,12.78,sl,0.32355242566258713,1.0418622848118477,2.75,-0.01881837141829737,0.00425052702254735,52.3638310359783,0.07772357496931785,0.143897558093035,-2.0,1.0,0.9424083769633508,-0.3533999999999944,0.1482307601419438,0.062077546126780646,61.466429906097865,0.2613321370601691,1.2584377567036287,2.0,1.0,inf,8.655600000000012,0.03165579635911611,-0.026235542436327464,52.47987630751007,0.13264217429655722,0.4293624475326125,2.0,1.0,1.4737436476566912,-2.3444999999999947,0.040978671124785246,3.0770819571099455e-05,56.16022584150188,0.15149014269208458,3.572127114095229,2.0,1.0,1.5669204036187796,16.0561,2.089715754780434,0.054534967754443796,70.30222644468871,1.5976436819629167,10.313817740706845,2.0,1.0,0.21062381975646283,301.1293000000001,2024-04
threevol,2024-04-24 04:00:00,2024-04-24 04:55:00,bull,-1.4124622906480808,2329.4,2325.33,2337.54,4.07,sl,0.0,1.0651105650844042,0.9166666666666666,0.07341952047501608,0.02294868563588486,72.65902456175624,0.06784412482459831,0.5107136141070765,2.0,1.0,0.6020236087689714,1.0164000000000057,-0.02944731998096976,0.0704522579545297,54.83522583730803,0.2524623796503229,1.7037819515202537,1.0,0.0,0.689706878204508,-1.4189999999999876,0.03024322880592077,0.03257859920656275,69.36761191645468,0.13715191530009463,0.42738676064033854,2.0,0.0,0.5794091839719216,0.12570000000000695,-0.7067271163356394,-0.09650664026166084,38.78766591037534,0.7630914459635797,5.726836201644205,-2.0,1.0,0.9970509383378016,-38.8351,1.489280441256185,-0.40651344592923955,51.68375981745474,1.677487849805234,5.255124215593795,2.0,1.0,2.444330331161708,135.63720000000006,2024-04
harmonic,2024-04-23 19:30:00,2024-04-30 20:30:00,bull,-1.0480241006556796,2322.13,2287.59,2494.82,34.54,sl,0.8768963520530493,1.0577591198579641,169.0,-0.028909540185567455,-0.01074087800124475,42.098441636632394,0.05954666084951668,0.2997287553495067,-1.0,1.0,0.4279187017488577,-0.8031999999999944,-0.14500575835829438,0.1903822389486283,50.67117948861585,0.45523260252460707,2.213772541674939,1.0,0.0,1.6950847123719461,2.787100000000013,0.12135215829848361,-0.0465945116941486,53.252231717254354,0.12713227462218518,0.5914073313123194,2.0,0.0,0.40450089341768486,-2.567499999999993,-0.7875083168016112,-0.2979300636565405,35.41418494523789,0.6865938815085311,5.805333591201198,-2.0,1.0,4.167737927055674,-34.77869999999999,1.7329353362944495,-0.25549123054513123,54.16798816879461,1.694541786050206,5.806076901688701,2.0,1.0,1.5358562627959715,265.47730000000007,2024-04
fib,2024-05-02 02:55:00,2024-05-02 13:00:00,bull,-1.0606758832565284,2319.81,2292.43,2456.73,27.38,sl,0.038897005113081265,1.002739225708534,10.083333333333334,-0.037618949951852096,-0.02237159714289617,37.8414945305551,0.057923503660778176,0.3001117157215378,-1.0,1.0,0.8755364806866953,-0.3963999999999948,0.2859224040946801,0.1192546075495743,64.45693099631508,0.3977066485860646,2.408008924076603,2.0,0.0,0.6035123401259436,27.14820000000001,0.09333759948723509,-0.03230833602043732,51.665012000651295,0.09856599662388037,0.3158465080302462,2.0,1.0,0.26525297619047616,1.3584000000000052,-0.3435974749394744,0.04410707880000651,54.71480979589543,0.5763775842634963,3.4200187670195543,-2.0,1.0,0.8363806653907235,21.635600000000004,0.42597506227190285,-0.47879307742482846,50.91025160941509,1.2560414807666713,4.827305642344759,2.0,1.0,1.8249506198843157,32.83250000000007,2024-05
fvg,2024-05-02 02:50:00,2024-05-02 13:00:00,bull,-1.0607905138339921,2319.75,2292.43,2456.37,27.32,sl,0.04117862371873654,1.0027452415775882,10.166666666666666,-0.033939352182463856,-0.024279694225524073,29.6317776744889,0.05810874874896807,0.29666706834916706,-1.0,1.0,1.0952380952380953,-0.4854999999999948,0.2859224040946801,0.1192546075495743,64.45693099631508,0.3977066485860646,2.408008924076603,2.0,0.0,0.6035123401259436,27.14820000000001,0.09333759948723509,-0.03230833602043732,51.665012000651295,0.09856599662388037,0.3158465080302462,2.0,1.0,0.26525297619047616,1.3584000000000052,-0.3435974749394744,0.04410707880000651,54.71480979589543,0.5763775842634963,3.4200187670195543,-2.0,1.0,0.8363806653907235,21.635600000000004,0.42597506227190285,-0.47879307742482846,50.91025160941509,1.2560414807666713,4.827305642344759,2.0,1.0,1.8249506198843157,32.83250000000007,2024-05
harmonic,2024-05-01 17:35:00,2024-05-03 13:35:00,bull,-1.075132085609385,2300.68,2278.73,2410.45,21.95,sl,1.2548974942995255,1.071298405462084,44.0,-0.0333421162424445,-0.025773310872447004,40.19698080132414,0.09455619512155462,0.3195752058845166,-1.0,1.0,0.49818357955921533,-1.3700999999999945,-0.011263801215562972,0.1469339597284709,57.6539702760005,0.26312646330374867,1.2977409211508166,1.0,0.0,2.487023614683189,24.63740000000001,0.10407071416731735,-0.04113065358063593,48.20741708293486,0.20385242794866315,0.6460850498241368,2.0,0.0,1.161606920069866,3.2164000000000055,-0.4950041762900083,-0.10336811274663364,42.77450942236269,0.4949784196752749,3.5750596905752148,-2.0,0.0,4.256482592487429,-2.328599999999998,0.5011095937472105,-0.5378313745820534,42.416667633109654,1.2560279396503031,4.7507283919172725,2.0,1.0,1.0105660535267007,-92.96639999999994,2024-05
threevol,2024-05-20 00:25:00,2024-05-20 01:00:00,bull,1.6074066258704367,2421.26,2421.26,2430.13,4.43,tp,4.005643340767342,0.0,0.5833333333333334,0.012690889925033005,-0.003708164127698636,57.748964808112255,0.0650577358998825,0.1517780587716403,2.0,1.0,3.0063291139240502,0.15900000000000516,0.04150274678596164,0.012745900543083732,95.56064514387795,0.04187991531934263,0.2338162608889345,2.0,1.0,inf,1.4784000000000113,0.0457744546809845,0.007155595889721494,50.54346899415378,0.10052044824139686,0.3875401286045313,2.0,1.0,inf,0.32320000000000515,0.47589816737326424,-0.043511088162747055,81.85113454177193,0.0985078177317612,2.5074344202897567,2.0,1.0,0.5938303341902313,27.97020000000001,0.9822853606245155,0.34101348892385885,67.1287162939452,1.0028837819068726,7.158795465842435,2.0,1.0,0.0292754794097379,82.68800000000006,2024-05
threevol,2024-05-20 03:35:00,2024-05-20 05:35:00,bull,1.6399792315680168,2436.46,2436.46,2446.24,4.89,tp,2.2239263803226192,0.2934560327138241,2.0,0.04939822720842798,-0.011241352705033552,59.106451224505356,0.10571809310267431,0.2389604776332434,2.0,1.0,0.6130500758725341,-0.04309999999999471,0.15784897290594294,0.08339443122392934,95.42644869735118,0.13972198230892593,1.0473989235413788,2.0,1.0,inf,4.757200000000012,0.1801572146388889,0.013467427250773116,64.81020739462065,0.2278265010632823,1.1256412472068722,2.0,1.0,inf,0.5410000000000054,0.47589816737326424,-0.043511088162747055,81.85113454177193,0.0985078177317612,2.5074344202897567,2.0,1.0,0.5938303341902313,27.97020000000001,0.9822853606245155,0.34101348892385885,67.1287162939452,1.0028837819068726,7.158795465842435,2.0,1.0,0.0292754794097379,82.68800000000006,2024-05
fvg,2024-05-06 12:40:00,2024-06-07 19:55:00,bull,-1.0474592521572388,2324.15,2289.17,2499.06,34.98,sl,3.5973413378970927,1.0469411092022758,775.25,-0.015996648984486425,0.006868425608602626,62.506940422687414,0.08647239225105194,0.35855395809367646,-1.0,1.0,2.134993446920052,0.11440000000000522,0.2115126134092257,0.060904966036384234,65.64143792187545,0.2825603132526941,1.5178050280968023,2.0,1.0,inf,7.83550000000001,0.0499947067168493,-0.036712266966219334,49.17586819832017,0.12100119912765049,0.3363063119887984,2.0,1.0,0.7296755377324098,-1.761399999999995,0.03826865381992866,0.11866978837850883,61.479346218421,0.18410497712014215,1.197371101526065,1.0,1.0,2.2923772044891413,-22.64269999999999,0.0029965071287530137,-0.44481360778965173,44.03741452941585,1.3171816249795598,5.738221546909793,-1.0,1.0,0.0607938820209245,-62.82819999999993,2024-06
threevol,2024-06-20 14:00:00,2024-06-20 14:45:00,bull,1.6709235798937476,2351.3,2351.3,2361.64,5.17,tp,2.183365570557384,0.3278529980594542,0.75,0.08399031763578527,0.04464718556109379,77.35564581237489,0.12873943656148085,0.5739163739429484,2.0,1.0,1.2196488606649234,1.9557000000000064,0.14932881318044175,0.03333679321277393,69.13222832652869,0.25666704936910445,1.0429531639020788,2.0,1.0,2.9532092426187417,1.0017000000000125,0.07476239882290539,0.038352463718477774,72.79829028368643,0.17557284959745884,0.6619255003340813,2.0,1.0,2.5067989709665564,5.638100000000004,0.14367323622033085,0.056655269451303725,64.30037002412524,0.3533037933827959,1.3437577343815486,2.0,1.0,1.4294318477321724,23.13330000000001,-0.22611869298023,0.0847823278365353,49.58400516720894,1.0560995482633868,3.52717269318616,-1.0,1.0,0.541636081207254,159.24800000000005,2024-06
threevol,2024-06-24 07:30:00,2024-06-24 09:30:00,bull,-1.3976484775399458,2328.67,2324.45,2337.11,4.22,sl,0.9521327013992456,1.906398104220245,2.0,0.012863384829037252,0.01868437374086922,64.51984431472806,0.05935207142995371,0.22932387245544456,2.0,1.0,2.4634950541686296,0.8822000000000063,0.01768511489067047,0.017918719511591973,53.13464221527248,0.11722529299406116,0.2659693793657675,1.0,0.0,inf,5.744000000000014,0.026250424812389317,-0.00013831240335309178,62.915707910519814,0.08887618990330619,0.1847973798998926,2.0,1.0,3.3415953132041465,0.874700000000004,-0.14384395073575806,-0.028714117389691547,46.98717608022647,0.04869651653878463,2.8872581665535915,-2.0,0.0,2.6740794271261046,4.498300000000009,-0.15060333256941824,0.05139668124116142,46.88698451426463,0.9300312099692025,3.6721188708946384,-1.0,1.0,0.021923458276430136,149.64950000000005,2024-06
harmonic,2024-06-24 12:00:00,2024-06-25 15:30:00,bull,-1.2206028786095773,2325.97,2318.38,2363.93,7.59,sl,1.4555994729716297,1.3853754940528769,27.5,0.0014989327356043293,0.009958740143265357,48.91695873628592,0.05531335554833831,0.15023422874311768,1.0,1.0,1.1594112120263074,-0.15379999999999372,0.04907589101977394,0.01486031305720787,55.689571884744055,0.21055801235742472,0.510257537042908,1.0,0.0,inf,8.770900000000015,0.003488408599581873,-0.011958220161871255,49.82494987155898,0.11865364227990916,0.4031668462670859,-1.0,1.0,1.3860916442048519,0.2763000000000039,-0.09856665347527298,0.01245908319887024,48.11180332487788,0.11206996192151618,2.2489141844045353,-2.0,0.0,1.721143107849394,-5.544499999999994,-0.15060333256941824,0.05139668124116142,46.88698451426463,0.9300312099692025,3.6721188708946384,-1.0,1.0,0.021923458276430136,149.64950000000005,2024-06
fvg,2024-07-16 04:40:00,2024-07-17 01:50:00,bull,4.826645135244247,2427.82,2417.52,2479.31,10.3,tp,5.1752427183963405,0.0,21.166666666666668,-0.0056610314925237566,-0.01201203478921972,50.31464918888261,0.03617936701853134,0.23240959096875563,-1.0,1.0,0.48252788104089217,-0.8659999999999947,0.15147201672530083,0.013809453010735261,62.375649119046074,0.2113428848375868,1.0575566037030355,2.0,1.0,2.0104417118911866,14.626200000000017,0.05345029587311251,-0.00195460085288119,49.428090734458074,0.10232041940209013,0.5033011540694956,2.0,1.0,0.6655931293612454,-0.39429999999999665,0.3136971232495823,0.023074879471812623,66.55634238854145,0.29943305811551335,1.162130037671581,2.0,1.0,1.189433028574877,26.1757,0.8899677774396489,0.23863958384938816,67.56058064019356,0.9792183720689552,6.3287946827823935,2.0,1.0,1.2094681351464736,128.77530000000007,2024-07
threevol,2024-07-23 14:30:00,2024-07-24 01:25:00,bull,-0.3164492458214431,2406.16,2406.16,2417.11,5.48,be,1.073905109469494,0.7673357664093419,10.916666666666666,-0.042215932909076,0.00449820853319131,50.583655192786445,0.10694325963601875,0.2801294251767558,-2.0,1.0,0.6257476502420962,-0.6795999999999949,0.06763708986089323,0.043227776249412646,52.57629535603681,0.24699167277060347,0.825053341353373,1.0,0.0,3.4717875247961207,-5.131499999999983,0.026478325949270628,-0.03592426401059292,50.68350354286537,0.15542309471662688,0.35844038002509376,-1.0,1.0,1.4794324549898654,-1.7348999999999961,-0.24185532606027776,0.06648825331974623,50.43657767981156,0.3247022971354606,0.8202354978975581,-2.0,1.0,1.5818819906175021,-24.799799999999998,0.7575931448783431,-0.13883587391754068,51.46584000918445,1.123489806013549,5.219024942643261,2.0,1.0,1.0680234918618627,15.34700000000008,2024-07
harmonic,2024-07-05 14:05:00,2024-08-20 13:30:00,bull,4.940890762463343,2376.8,2346.34,2529.09,30.46,tp,5.080695994730523,0.8977347340745397,1103.4166666666667,0.15437103631221571,0.013133160698384855,56.23442102685256,0.18296615829048127,0.889679051185085,2.0,1.0,1.221441477614937,2.2727000000000057,0.1821096064937789,0.06393668492488008,82.39623640819367,0.2592699497735632,1.0983786149004715,2.0,1.0,3.8748163586046673,21.330300000000015,0.1722356301996392,0.07589518747151806,74.8571225561099,0.2532422981088854,1.095484106116845,2.0,1.0,2.2882162162162163,2.193000000000003,0.3816785741440959,0.03792376275864376,70.49261542328767,0.33099487774059055,2.529524998624786,2.0,1.0,1.1789802112831296,59.8367,0.13329839280337163,0.18294473777930503,58.09920817976226,0.8276894884607939,2.4924653775437133,2.0,1.0,0.5400428973489105,-10.745699999999914,2024-08
fib,2024-08-20 14:20:00,2024-08-21 14:00:00,bull,-1.0635728456827396,2522.65,2494.32,2664.28,28.33,sl,0.2046593716900568,1.021955524175716,23.666666666666668,0.03182141927307344,-0.004327881481883365,47.809631586642226,0.13197556441287692,0.28063170490486944,2.0,1.0,1.2436415497979558,-0.674299999999995,0.25262145755558557,0.10969080728725562,78.23214369042448,0.25082084151388967,1.6690434536627246,2.0,1.0,3.947401598628306,31.518200000000018,0.15791348194395308,-0.014662675119135599,62.73492820186458,0.16894481002447714,0.3635393269359269,2.0,1.0,1.9493703921184835,-2.977999999999997,0.35239834518328367,-0.011281994492063272,74.20333523130166,0.33190456096126064,0.9473792232423539,2.0,1.0,1.9649558114249073,6.853999999999996,1.0311468133564914,0.2780716808014311,66.01106000975977,1.070009851862566,6.06135440705137,2.0,1.0,1.0851160177601404,87.70050000000009,2024-08
fvg,2024-08-20 14:15:00,2024-08-21 14:00:00,bull,-1.057998921666795,2525.38,2494.32,2680.66,31.06,sl,0.09877656149355694,1.0200257565968527,23.75,0.040885033760161754,0.0036829270793866946,53.5121916526659,0.1312307105917354,0.31850038783504053,2.0,1.0,1.4910051578814945,-0.785499999999995,0.25262145755558557,0.10969080728725562,78.23214369042448,0.25082084151388967,1.6690434536627246,2.0,1.0,3.947401598628306,31.518200000000018,0.15791348194395308,-0.014662675119135599,62.73492820186458,0.16894481002447714,0.3635393269359269,2.0,1.0,1.9493703921184835,-2.977999999999997,0.35239834518328367,-0.011281994492063272,74.20333523130166,0.33190456096126064,0.9473792232423539,2.0,1.0,1.9649558114249073,6.853999999999996,1.0311468133564914,0.2780716808014311,66.01106000975977,1.070009851862566,6.06135440705137,2.0,1.0,1.0851160177601404,87.70050000000009,2024-08
fvg,2024-08-23 20:15:00,2024-09-02 02:30:00,bull,-1.0918645387310237,2511.05,2491.48,2608.89,19.57,sl,0.9114971895712105,1.0493101686200779,222.25,0.002523782220979164,-0.0013196204271811766,52.09261548778149,0.04886904529587498,0.11617940650613998,2.0,1.0,0.4069651741293532,0.08650000000000532,0.16989648636828,0.07021981236931402,69.1849676566513,0.2590656918059077,1.2517982016181655,2.0,1.0,0.9138589788120876,28.765500000000017,0.06402081176221933,-0.016840521265872297,54.90307218132145,0.10920790784729653,0.44410775590398466,2.0,1.0,0.331968038675888,-0.8831999999999981,0.003377920091551784,0.00786422884493742,57.01507010818233,0.5140431636370227,1.7167612808284345,-1.0,1.0,1.4607529224531555,30.283799999999992,1.0539929346873809,0.1354258230094786,58.751546456768814,1.061997751592622,6.904743417374568,2.0,1.0,0.9592244083262048,-12.442499999999903,2024-09
harmonic,2024-09-16 13:35:00,2024-09-17 09:40:00,bull,-1.1628536500174642,2584.03,2572.65,2640.92,11.38,sl,0.4547451669555582,1.0365553602721107,20.083333333333332,0.02736372566393555,0.014034283916106451,61.5132619162702,0.07784471671292147,0.2516670675378783,2.0,1.0,1.7252609603340294,1.928900000000005,0.05681920004800371,-0.009585855775534759,53.76790765875999,0.18335784445742698,0.559825943635964,2.0,1.0,inf,3.540600000000023,-0.0159181880073109,0.008448300526729895,50.453360897509945,0.11907029225655874,0.4088402885325819,-2.0,1.0,1.3453446973783578,-0.7229999999999988,0.44218374590855186,-0.07184578154917491,75.72783238763455,0.10143617361072206,0.6501237541427706,2.0,1.0,1.4365132508965375,43.07069999999998,0.8744125568966553,0.24823579289317352,72.3813486101355,0.846128174130036,4.652222090806932,2.0,1.0,0.03650630556775843,145.7243000000001,2024-09
harmonic,2024-09-24 13:00:00,2024-10-08 15:00:00,bull,-1.1308535076868704,2633.96,2619.54,2706.04,14.42,sl,3.5676144243858117,1.2178918169124902,338.0,0.0013777369893474055,0.027664787144882068,64.34274222613836,0.08812651891758883,0.34262127994646685,1.0,1.0,0.8794107571085988,-2.1220999999999948,0.05418747005034275,-0.0020071387544239143,55.93934916081012,0.23464686020554285,0.4953407269443982,2.0,1.0,2.4281769318013713,8.141900000000025,-0.00859384553793483,-0.0012897923703508792,57.83876207345901,0.1411109437591903,0.42593458512588456,-1.0,1.0,1.0517414938594725,-0.17149999999999965,0.2889313492808051,-0.040296626073590226,58.870535882826864,0.30985222143802493,0.6431736729801655,2.0,1.0,1.5481883353656023,4.855099999999981,1.2510339299029363,0.22173194400896454,74.27403773057578,0.9035008963232409,7.405935753286114,2.0,1.0,1.2300228906032395,359.5062000000001,2024-10
fvg,2024-09-19 06:00:00,2024-10-18 18:45:00,bull,4.933805588351043,2576.52,2547.74,2720.44,28.78,tp,5.002015288377342,0.2395760945092434,708.75,0.09969368301679024,0.028585325928714555,81.16355393220823,0.07076531137430676,0.5986212319064961,2.0,1.0,2.0127915726109857,1.0922000000000052,-0.07346935802413443,0.04167954147085118,57.157600088881225,0.3876346462303205,1.3031074664928768,-2.0,1.0,1.1919419113512455,-7.177899999999977,0.09596476146630326,0.05212710704003954,72.19193981511653,0.10929571243507938,0.8597209095695671,2.0,1.0,2.0135909959651728,2.6005,-0.039805372910456056,-0.1278373427558413,46.63920594715005,0.553570606745789,1.4867668450729012,-1.0,1.0,1.4992916143174102,-41.26180000000002,0.9270200891936331,0.1409806030502565,61.71430709964337,0.8946800657019789,5.568539868217795,2.0,1.0,1.3309792514781815,14.6918000000001,2024-10
harmonic,2024-10-11 07:45:00,2024-10-22 13:45:00,bull,4.899553172475424,2644.52,2625.31,2740.59,19.21,tp,5.072254034330707,0.4422175950002951,270.0,-0.012606479548199264,0.01696418398632786,56.84247629152734,0.06696762065423975,0.37071803407781284,-2.0,1.0,1.3736654804270463,-1.7266999999999952,0.25646466192739353,0.04416215643989148,63.49786314150883,0.1868062962114019,1.3778163194495345,2.0,1.0,1.5833903180928577,16.723100000000027,0.05928205508360702,-0.027008689742908303,60.79084891039103,0.09075089271699134,0.3016299751727324,2.0,1.0,2.0615384615384613,0.29799999999999993,-0.13692129386115068,0.14137613057396292,59.82527364328793,0.43616195837591304,2.0134941155211,-2.0,1.0,1.4803826987661663,-0.7934000000000196,0.6029587849340884,-0.34060393278397877,54.5198376719297,0.9062730335002912,2.7054151150533046,2.0,1.0,1.3985230708232146,-198.5217999999999,2024-10
harmonic,2024-10-25 15:15:00,2024-11-06 06:30:00,bull,-1.0778601243717523,2738.86,2713.76,2864.36,25.1,sl,2.0376494023823195,1.1814741035809584,279.25,0.10648103473587604,0.008655189014453963,66.5106050252129,0.09480590335532582,0.6215502747816365,2.0,1.0,1.6975319446875545,2.2158000000000047,-0.025896208363843515,0.027932157683736306,60.13325734388029,0.23540115569483958,0.8082218598872428,-2.0,1.0,1.7957219469423544,0.4403000000000259,0.1280531839007585,0.056223375640228224,66.3586375229617,0.16994942208021038,0.9307421502246714,2.0,1.0,1.9585785916721166,7.349100000000002,0.05529891273849784,-0.0787387521554452,47.04597114701856,0.4679660818200662,1.5833972834584826,-1.0,1.0,1.1157367222940995,-29.030800000000028,1.1099432506385793,0.1449752733662914,68.40834041232495,0.8123118449717541,6.233905519972958,2.0,1.0,1.203676436142314,197.45400000000006,2024-11
threevol,2024-11-07 20:20:00,2024-11-07 20:40:00,bull,-1.3233820672732848,2709.36,2703.35,2721.37,6.01,sl,0.0,1.0474209650408204,0.3333333333333333,0.06504531979345989,0.06066752790736982,71.31443162136706,0.14487791966789712,0.7010298457393227,2.0,1.0,2.171253822629969,1.415300000000005,0.13323181195181716,0.19922449280634172,59.09298065808838,0.33084339361770804,2.6051707942118028,1.0,0.0,1.743189237870089,14.899700000000031,0.14167977262453907,-0.03384884792515549,69.75340158117302,0.17281095342580852,0.508001996812028,2.0,1.0,2.269334318745711,3.4049000000000014,-0.6296190361911003,-0.06118262028530001,42.39113743121539,0.8161204927561962,4.9046838005090265,-2.0,0.0,1.7707182029662845,-106.99470000000004,0.5160443047348272,-0.37681186930208327,38.571854126085775,1.023962138935629,3.4844623164998367,2.0,1.0,1.9397332786913237,25.92150000000011,2024-11
harmonic,2024-11-07 20:45:00,2024-11-11 13:30:00,bull,-1.0355666551842921,2703.01,2649.12,2972.44,53.89,sl,0.13406940063066436,1.1340137316735326,88.75,0.11554502600704655,0.037619008634598355,57.74470130391778,0.13891013563659535,1.0208322480539953,2.0,1.0,0.6560480841472577,2.1804000000000054,0.13323181195181716,0.19922449280634172,59.09298065808838,0.33084339361770804,2.6051707942118028,1.0,0.0,1.743189237870089,14.899700000000031,0.16986857425869348,-0.002820875611349677,64.63881730121807,0.181429171181325,0.6475788766357301,2.0,1.0,1.0038771249627199,3.237700000000001,-0.6296190361911003,-0.06118262028530001,42.39113743121539,0.8161204927561962,4.9046838005090265,-2.0,0.0,1.7707182029662845,-106.99470000000004,0.5160443047348272,-0.37681186930208327,38.571854126085775,1.023962138935629,3.4844623164998367,2.0,1.0,1.9397332786913237,25.92150000000011,2024-11
fvg,2024-11-07 20:45:00,2024-11-11 13:30:00,bull,-1.0355535553555357,2703.01,2649.12,2972.44,53.89,sl,0.13406940063066436,1.1340137316735326,88.75,0.11554502600704655,0.037619008634598355,57.74470130391778,0.13891013563659535,1.0208322480539953,2.0,1.0,0.6560480841472577,2.1804000000000054,0.13323181195181716,0.19922449280634172,59.09298065808838,0.33084339361770804,2.6051707942118028,1.0,0.0,1.743189237870089,14.899700000000031,0.16986857425869348,-0.002820875611349677,64.63881730121807,0.181429171181325,0.6475788766357301,2.0,1.0,1.0038771249627199,3.237700000000001,-0.6296190361911003,-0.06118262028530001,42.39113743121539,0.8161204927561962,4.9046838005090265,-2.0,0.0,1.7707182029662845,-106.99470000000004,0.5160443047348272,-0.37681186930208327,38.571854126085775,1.023962138935629,3.4844623164998367,2.0,1.0,1.9397332786913237,25.92150000000011,2024-11
threevol,2024-11-17 23:10:00,2024-11-18 01:20:00,bull,1.7215084956485702,2572.92,2572.92,2586.26,6.67,tp,2.517991004460011,0.47751124437064385,2.1666666666666665,0.035523167250959824,0.02606494118334345,100.0,0.025461952568019818,0.3105668199602263,2.0,1.0,inf,0.4531000000000054,-0.002965151383352994,0.0013433343628682852,46.019635923065586,0.0,1.4295958077596285e-05,-2.0,0.0,0.0,0.0,-1.4637288765985547e-08,6.888209702562675e-09,46.37098759229159,0.0,2.3136242358752018e-05,-2.0,0.0,0.0,0.0,-0.4078424889159513,0.11922005364348308,32.02888613658314,0.09150451766973677,0.6029237765577937,-2.0,0.0,0.0,62.428199999999975,-1.3819151830510739,-0.7599171087639104,27.672910890010954,1.3309628934269224,11.274388839556428,-2.0,1.0,0.0,-484.1654999999999,2024-11
threevol,2024-11-18 13:35:00,2024-11-18 15:55:00,bull,1.6290486860867792,2602.67,2602.67,2612.79,5.06,tp,2.0845849801959124,0.06758893280500777,2.3333333333333335,0.06713550548414497,0.022099874848648827,70.76069200717987,0.09683526664296227,0.42661636304372424,2.0,1.0,2.902955355271432,0.8422000000000052,0.29646889078719146,0.043827666242888454,74.66471319279921,0.32404261076102775,2.030265703292236,2.0,0.0,inf,19.801600000000033,0.09825009559147645,0.012869592897531984,66.36827773090187,0.1509882520107899,0.5341680217291636,2.0,1.0,1.6132938643702905,4.984299999999999,-0.10299649164870021,0.22875572825786267,62.61420043964207,0.18737845552508076,1.506271043860134,1.0,0.0,1.3681450681450682,32.06489999999997,-1.4405735646177154,-0.6565130835935901,30.379241051144547,1.3332316598037046,11.674512965105885,-2.0,1.0,0.031111297462099206,-544.8718999999999,2024-11
harmonic,2024-11-18 08:50:00,2024-11-19 01:10:00,bull,4.704229028889662,2585.4,2578.99,2617.43,6.41,tp,5.030421216770179,0.2722308892313054,16.333333333333332,0.005101977488828251,0.009955177015029818,49.87488433827643,0.08155395382928338,0.2833505468876093,1.0,1.0,0.6077991931869117,-0.28369999999999473,0.2507991039063174,0.060513972566408336,66.15377804513851,0.21404551668481211,1.8719799876932983,2.0,0.0,inf,10.86560000000003,0.026469427181093876,-0.0272775699645223,51.39127565753319,0.1248689323808497,0.4606877763438649,-1.0,1.0,0.9186625944381932,0.2919999999999999,-0.18899999140656704,0.2016760158496215,55.1793336199291,0.14601027221565033,1.1596326662072987,-2.0,0.0,1.2501873371950567,29.019999999999975,-1.4405735646177154,-0.6565130835935901,30.379241051144547,1.3332316598037046,11.674512965105885,-2.0,1.0,0.031111297462099206,-544.8718999999999,2024-11
threevol,2024-11-19 02:35:00,2024-11-19 07:00:00,bull,-0.4425736620565243,2622.06,2622.06,2630.59,4.26,be,1.045774647862865,0.315727699523058,4.416666666666667,0.0645990229173905,0.014140186451247497,72.60795373093947,0.07010323327995709,0.3095833815758169,2.0,1.0,2.387261146496815,2.9070000000000054,0.3582954304416576,-0.011958368097402194,80.82335759434012,0.1919818231719037,1.6473752847543017,2.0,1.0,9.388626988803772,27.880600000000033,0.08015851035459473,0.017571767054932942,67.81653114052736,0.0885526053474666,0.3791323745923287,2.0,1.0,0.5739962879749928,4.1913,0.1852340503687243,0.2965175681927753,69.34129156804703,0.28338914242295304,2.9027439085749775,1.0,0.0,0.4371927094123769,3.694799999999968,-1.3247346933789392,-0.44242673109546343,41.706243368452625,1.3910776727459244,11.312609867702273,-2.0,1.0,1.1653057391185562,-542.0569999999999,2024-11
threevol,2024-11-19 12:20:00,2024-11-19 13:25:00,bull,-1.3645057378699417,2634.68,2629.49,2645.06,5.19,sl,0.8949903660713839,1.011946050076832,1.0833333333333333,-0.0007637320294587634,-0.018541383256033342,54.35803907208835,0.06557611850901561,0.30167645570330776,-1.0,1.0,1.1130242825607064,0.1596000000000054,0.37027732116060996,0.0014176647678689458,69.23709227897018,0.2023900300145992,1.21376755346431,2.0,1.0,0.955233245650023,16.514900000000033,0.11753903017220743,-0.008103782590687917,58.262621674593966,0.1326040612182478,0.9242925508012824,2.0,1.0,1.5926089842885593,5.4274,0.40006594323413036,0.2883860459738952,72.66745292507382,0.39348757432680315,3.8975310721537677,1.0,0.0,1.3697625116123961,46.97139999999997,-1.3247346933789392,-0.44242673109546343,41.706243368452625,1.3910776727459244,11.312609867702273,-2.0,1.0,1.1653057391185562,-542.0569999999999,2024-11
threevol,2024-11-22 06:55:00,2024-11-22 09:30:00,bull,1.5271483976321698,2692.55,2692.55,2700.75,4.1,tp,2.0524390243401758,0.5331707316943494,2.5833333333333335,0.03643008834299173,0.011146306774879818,65.64343980234841,0.06692543439834711,0.2565276750649383,2.0,1.0,0.6419701986754967,0.7184000000000048,0.29285796075979403,0.03879060331855592,72.97357697439583,0.22027905186072405,1.1808963010522022,2.0,1.0,1.509530191348373,23.545000000000034,0.12504400033146174,-0.01010954298368572,63.83296450840455,0.13024984237221038,0.46858797909357375,2.0,1.0,1.5826615014134646,3.420799999999999,0.7796998597512245,0.09499812554947504,78.55245328885643,0.4173338002936334,3.2296295498704497,2.0,1.0,1.5114882544552486,86.86369999999997,-0.7526081581247348,0.1397692900779353,53.6565893922774,1.0899273494167943,9.707951094133431,-2.0,1.0,1.0881772671870982,-240.6126999999999,2024-11
threevol,2024-11-27 08:50:00,2024-11-27 11:10:00,bull,-1.3822878970647365,2651.53,2646.55,2661.49,4.98,sl,0.43875502007149997,1.6979919678374158,2.3333333333333335,0.04061434952409009,-0.0009386313000808097,61.70059812898267,0.07676288423564079,0.1424507297887393,2.0,1.0,0.4563006632277082,1.103200000000005,0.08203485720149728,0.10661563572434986,61.71928870355985,0.19387324801265488,1.067755127155312,1.0,0.0,1.1128010139416984,4.8065000000000335,0.12403658053483095,0.0028192300243980416,67.28818734759832,0.12313443202763112,0.5621157798382124,2.0,1.0,1.9079037800687284,-1.7027000000000017,-0.49917610813407526,-0.08962764717267376,46.16138456671665,0.927885014008988,6.146026620717646,-2.0,0.0,1.2832544538956954,-55.132000000000026,-0.21552993217455216,0.2038571014797225,45.7366800283118,1.3111667549085504,8.499463931907535,-2.0,1.0,1.3158816181370452,-43.30129999999991,2024-11
threevol,2024-11-29 02:10:00,2024-11-29 08:40:00,bull,-0.190519877675841,2656.01,2656.01,2676.05,10.02,be,1.0164670658581136,0.1312375249487955,6.5,0.10125408177867581,0.029017002781403414,80.1374278403276,0.09076288782894705,0.6655816875973034,2.0,1.0,6.032555615843732,3.274500000000006,0.002188637938717561,-0.0024761487517908523,58.21153075935504,0.14409808727120377,0.6160338737085913,-2.0,0.0,2.0627449420096684,9.594700000000033,0.04409289686815664,0.04034576589394577,66.03786608377477,0.08529433608123549,0.4560030933869641,2.0,1.0,9.035100286532952,2.6221999999999985,-0.2771751277491563,0.06314522458108023,45.620281990746136,0.4132904139915395,1.5121554109416129,-2.0,0.0,0.05726153244722439,-31.72840000000003,-0.2639839160057494,0.09606075911230863,46.86255157748009,1.2260761259762634,7.9814717017265915,-2.0,1.0,0.7485432355893975,76.93980000000009,2024-11
threevol,2024-12-03 16:20:00,2024-12-03 17:35:00,bull,-0.4646650326797386,2643.45,2643.45,2651.62,4.09,be,1.2799511002132353,0.41198044008760215,1.25,-0.051682353148737745,0.009354058838265367,50.31756916510427,0.11760591302627675,0.5773038659385819,-2.0,1.0,1.8412044781881354,0.32170000000000554,0.04812259036244498,0.008967308529758529,47.88879740748082,0.24532060190414215,0.6025534169671725,2.0,0.0,4.74042657314139,-14.782899999999968,-0.023745357450005517,-0.03547030245100893,44.41546500885008,0.20302640906641137,0.7426251656607574,-1.0,0.0,3.1903756859434362,-3.7831,-0.08447053557589039,0.005891464464574244,45.60640065824923,0.41678693910323317,0.9953539083728473,-2.0,0.0,2.278207109737249,-21.963200000000032,-0.21560802578687743,0.061264587225665926,47.404498254473204,1.2045689932745467,7.528270454495514,-2.0,1.0,1.1582747960450208,209.16970000000012,2024-12
harmonic,2024-12-03 16:20:00,2024-12-04 13:00:00,bull,-1.2515791223404256,2643.45,2635.91,2681.16,7.54,sl,1.0391246684212365,1.4767904509087646,20.666666666666668,-0.051682353148737745,0.009354058838265367,50.31756916510427,0.11760591302627675,0.5773038659385819,-2.0,1.0,1.8412044781881354,0.32170000000000554,0.04812259036244498,0.008967308529758529,47.88879740748082,0.24532060190414215,0.6025534169671725,2.0,0.0,4.74042657314139,-14.782899999999968,-0.023745357450005517,-0.03547030245100893,44.41546500885008,0.20302640906641137,0.7426251656607574,-1.0,0.0,3.1903756859434362,-3.7831,-0.08447053557589039,0.005891464464574244,45.60640065824923,0.41678693910323317,0.9953539083728473,-2.0,0.0,2.278207109737249,-21.963200000000032,-0.21560802578687743,0.061264587225665926,47.404498254473204,1.2045689932745467,7.528270454495514,-2.0,1.0,1.1582747960450208,209.16970000000012,2024-12
threevol,2024-12-09 01:10:00,2024-12-09 13:45:00,bull,1.815924481838703,2642.56,2642.56,2663.32,10.38,tp,2.1192678227156185,0.7760115606861497,12.583333333333334,-0.031795070593903935,0.0078067742294799895,59.70600474063834,0.1084225864952965,0.6001224919619506,-2.0,1.0,20.309252217997468,1.3776000000000046,0.008640990430096923,0.0070591921759495056,42.81691673655579,0.07580613763371098,0.2575524005796132,1.0,0.0,inf,-4.260199999999968,-7.325953397337214e-05,-0.022545567085336414,43.420178138589634,0.13028849012451318,0.5115139545558219,-1.0,0.0,inf,-1.8623999999999994,-0.07839425571078788,0.026057165843610564,56.11185216582694,0.07938777713412165,0.4669416619307189,-2.0,0.0,0.24488222226302167,-41.22060000000003,-0.23768481651409817,0.0045158224073343755,47.568872715222696,1.1006412766115166,4.552454421665092,-2.0,1.0,0.020530486340715564,422.4444000000001,2024-12
threevol,2024-12-10 13:45:00,2024-12-10 14:35:00,bull,1.5897410057442305,2678.75,2678.75,2688.12,4.68,tp,2.0352564102129413,0.0,0.8333333333333334,0.026267746412202034,-0.007732159650753727,59.165352690991575,0.0883224470968409,0.23782487255161072,2.0,1.0,0.8764920828258222,-0.9198999999999957,0.20154436208748278,0.00681048221359751,68.58622230520582,0.22317660543850595,0.8470841957371623,2.0,1.0,1.5297682169368276,-1.878799999999969,0.0943151458307992,0.013702940443624292,61.394184250859865,0.15068386801415054,0.7874945610713951,2.0,1.0,0.9890187121145566,2.367600000000001,0.29802704563194415,0.13965270727966622,71.68422532640611,0.396886380116421,2.3524174055801796,2.0,1.0,1.012834006189227,19.954299999999968,-0.16112718559568268,0.06336573972325642,53.30839945832856,0.9147188335742079,4.51577951796233,-2.0,1.0,1.0717333797636939,415.98720000000014,2024-12
threevol,2024-12-11 15:00:00,2024-12-12 00:55:00,bull,1.7014185100684456,2709.25,2709.25,2722.33,6.54,tp,2.20718654430875,0.30366972476598003,9.916666666666666,0.06487888657898197,0.012500881310541416,66.36615460432884,0.11422631396290632,0.4756318373339812,2.0,1.0,1.3385915492957747,1.4964000000000044,0.20107265346852357,-0.0009761740167783867,67.42094706789783,0.35265378280070137,0.7534485533905124,2.0,1.0,2.6260286798403394,6.898600000000031,0.09026273269736616,0.029885725396669807,66.25762390183057,0.16174076520834574,0.5118249247051108,2.0,1.0,1.4801018357228994,9.481800000000002,0.5400451091265197,0.13384300894415863,74.82937733186596,0.5226376811778478,3.5447196761244406,2.0,1.0,1.9853244715984146,47.57649999999997,0.005220302113309797,0.18141469524566695,61.198995055556516,0.9215691552980912,4.730489716753892,1.0,1.0,0.9819307707936976,413.5068000000001,2024-12
harmonic,2024-12-20 11:55:00,2025-01-10 14:00:00,bull,4.882006396229592,2603.24,2586.94,2684.73,16.3,tp,5.067975460091619,0.44999999999721363,506.0833333333333,-0.026151555758401345,0.0006247172292394514,49.740177978530426,0.06306285297269017,0.284388682767329,-2.0,1.0,0.6629994209612045,-0.5189999999999956,-0.04101203635791229,0.07454401669290249,51.00774767760731,0.18683941487906822,0.8409784446403317,1.0,0.0,0.5885795125715388,5.2820000000000285,0.019708462950888152,-0.026504503545594974,48.0014485248052,0.09370354035369856,0.22326609160664518,-1.0,0.0,1.0198067170605685,-1.7169999999999987,-0.5642199457348818,-0.061472877805999665,40.72390686145106,0.6502578354430176,3.6342844209368024,-2.0,0.0,0.572289485165794,-51.022800000000025,-0.34027588582247953,-0.2658989114120216,37.63738356164377,1.2193550679352052,4.3967047496471015,-2.0,1.0,1.3312410730347672,-20.54479999999988,2025-01
harmonic,2025-01-10 14:00:00,2025-01-13 12:30:00,bull,-1.1065639544214412,2685.45,2667.42,2775.6,18.03,sl,0.6799223516323917,1.184248474757706,70.5,-0.006636919697157746,0.024448917844902468,57.69751755065833,0.17139408010423754,0.5294817751975373,1.0,1.0,2.1672868467885453,0.8799000000000039,0.14947186136767984,0.013393122455868635,66.14410751625566,0.1898647275398395,0.6687712204706949,2.0,1.0,2.5580200714407213,15.47560000000003,0.018998616447721998,-0.011127168778988233,59.66418433527267,0.1530139750580249,0.287125122953377,2.0,1.0,3.02989645617617,0.023900000000001587,0.33812932521816924,0.06382774529094806,72.71634828354846,0.37465408328514044,1.734933777541213,2.0,1.0,1.6208846064546085,49.59739999999997,0.18122962418350042,0.2018100627197329,60.28106544866912,0.747548032714123,2.586766740143621,1.0,1.0,0.969379909454305,57.13760000000013,2025-01
fvg,2024-11-19 06:50:00,2025-02-05 08:40:00,bull,4.958693345460057,2626.01,2577.89,2866.63,48.12,tp,5.059746467154903,0.9091022443871402,1873.8333333333333,0.006394087972620996,0.00418570868366134,60.983497963857566,0.05516604658847345,0.10132908552056058,2.0,1.0,1.0699491989058225,0.44330000000000536,0.3782364167982748,0.0030576808035667857,80.63183976060712,0.15043270853233612,1.361337047454717,2.0,1.0,0.9210605786072356,22.24260000000003,0.0810701839385493,-0.017675395451145406,61.375823987518515,0.08355645642857196,0.3370205934427698,2.0,1.0,0.8145654071579997,1.3616999999999995,0.2773954318117723,0.3105407187139403,73.68896385012783,0.32158259901450437,3.342891972111222,1.0,0.0,1.0603082346775923,35.02169999999997,-1.3247346933789392,-0.44242673109546343,41.706243368452625,1.3910776727459244,11.312609867702273,-2.0,1.0,1.1653057391185562,-542.0569999999999,2025-02
harmonic,2025-02-07 14:20:00,2025-02-07 17:20:00,bull,-1.1332359623498864,2871.13,2855.73,2948.11,15.4,sl,1.004870129863599,1.0124025973960165,3.0,-0.01288371658899858,0.01693849053430331,59.03537305412402,0.1941115842710129,0.3568833505306644,-2.0,1.0,2.2687253613666227,-0.34369999999999434,0.06054296877323629,0.003921971014323783,50.25772389016222,0.20840771683241188,0.737623366450106,2.0,1.0,2.486218532564876,1.6152000000000308,-0.018338891193968036,-0.014823352977542635,49.28389236087699,0.15757134907884685,0.31312443174642923,-1.0,1.0,2.6927663987555093,-1.8551000000000009,0.48219913671160824,-0.05762361359845842,62.270609331828375,0.5076229251955735,2.4856620669141627,2.0,1.0,1.0956408822839832,67.20969999999997,1.4683477699061664,0.2400758726929531,76.10628012053716,0.9898052196855313,6.807191109927843,2.0,1.0,0.9640917172793658,345.1856000000001,2025-02
harmonic,2025-03-03 04:40:00,2025-03-13 02:40:00,bull,4.859980302035456,2867.38,2852.49,2941.84,14.89,tp,5.024513096003869,0.5805910006676912,238.0,-0.020063924849069874,0.013177814188333062,55.42288145619863,0.04405782511677177,0.1810062946485523,-2.0,1.0,0.5525354969574036,-0.25719999999999493,0.08734271503248679,0.03927508613820628,58.85693995095007,0.12206156961808272,0.7019564245612665,2.0,0.0,inf,0.16830000000002698,0.01767792549693612,-0.03312696418378903,47.999454297285574,0.11102419011143976,0.4227587632788546,-1.0,1.0,inf,-1.1623999999999997,-0.32129010671978636,0.12283682860185172,43.05439900465004,0.1163266481603262,0.8633337607840905,-2.0,1.0,1.1545892881920357,-44.164600000000036,0.6355346096462584,-0.5013303902663916,49.83934469756122,1.0842327279994866,4.482908635784287,2.0,1.0,0.04783987908136496,66.98360000000011,2025-03
fvg,2025-03-13 14:00:00,2025-03-28 01:00:00,bull,4.902224147891393,2951.92,2929.5,3064.0,22.42,tp,5.00468331844333,0.051382694022966344,347.0,0.04102738070692022,0.022817180044340055,59.56304249901751,0.10261550660685975,0.39908821454148696,2.0,1.0,0.8049573973663826,1.1394000000000057,0.1994999192521345,-0.0024663413152414796,65.37497737251371,0.21769779730883182,0.7261130211526535,2.0,1.0,1.5250637586843725,-5.621299999999975,0.055956555829075175,0.012159912242894269,60.6135864294045,0.147567597014654,0.3576594152563628,2.0,1.0,1.5543197936814956,-1.6202000000000005,0.30572010000143535,0.12049141845169321,68.8504136135582,0.413932151785303,2.416644397224758,2.0,1.0,1.8232764808421917,66.25339999999997,0.5163052177642538,-0.06969651952914716,61.822828848328655,1.0599390483322173,3.720693988583422,2.0,1.0,1.0802717574842569,2.3573000000001088,2025-03
fvg,2025-04-02 22:45:00,2025-04-03 10:30:00,bull,-1.0536931231499964,3144.16,3102.62,3351.85,41.54,sl,0.563023591717468,1.0108810784761348,11.75,0.10783336197374015,0.01786294544554388,66.2941931138314,0.18315088265389565,0.6645097432225027,2.0,1.0,5.846943537097527,0.871200000000006,0.05062604460389855,0.022396529285954963,56.05168924745809,0.3617369212907402,0.6882349335568785,2.0,1.0,0.0,2.8670000000000226,0.11155292911467785,0.05084258735706756,63.517856470627144,0.3220389190226334,0.8973258780950335,2.0,1.0,2.80917225950783,0.4879000000000008,0.3856264671429797,-0.06761133920519644,59.91130850033832,0.6017609313953808,2.0009289130205272,2.0,1.0,1.167142937188323,0.5990999999999644,1.4600997987516229,0.17681334040813507,77.32089016522696,0.8669507974001924,5.606294390390412,2.0,1.0,1.0997261900834625,172.60790000000011,2025-04
threevol,2025-04-10 00:20:00,2025-04-10 01:15:00,bull,-1.2535115099492782,3092.84,3084.12,3110.28,8.72,sl,0.9535550458606306,1.0292431192542935,0.9166666666666666,0.03935443532238926,0.015707153304092343,60.14110730919789,0.12210778935978468,0.3325650826509207,2.0,1.0,1.9327036599763874,-0.3191999999999932,0.6329756179125136,0.016879500206648877,62.835782195532104,0.7122804346030053,3.2035476122321676,2.0,1.0,0.8222468067987528,22.95290000000002,0.08868143623574493,-0.006193304507937626,56.857285579056274,0.1731305801311537,0.7155317487315938,2.0,1.0,2.2115542303391726,2.4322,0.223713001743526,0.4518895628997329,62.95263973411004,1.016090142008053,4.95640787548466,1.0,1.0,0.5872224064761105,32.560099999999956,0.47695033401188924,-0.3955476867805669,58.28938913474935,1.8969992083021574,6.644619192766263,2.0,1.0,1.4875715614862997,-62.13509999999991,2025-04
threevol,2025-04-10 18:40:00,2025-04-10 22:30:00,bull,1.6501382852627422,3173.3,3173.3,3186.32,6.51,tp,2.4145929339106202,0.8471582181129972,3.8333333333333335,0.06996319762069085,0.023111124849000443,65.96911518866979,0.12192290063526864,0.5046105132355979,2.0,1.0,0.5516735890544833,1.1808000000000067,0.7438799677484741,0.06604095222797901,74.08763927063609,0.5044605971214381,2.9913359193028817,2.0,1.0,0.7225240715268226,9.11190000000002,0.2856989352060231,-0.028904461825742182,63.34919107002426,0.26459883464378653,1.774052212853391,2.0,1.0,1.0532726852208776,4.6736,0.7827478745689278,0.512825290496353,71.28669102321888,1.1288279947822721,7.668203403238652,2.0,1.0,1.763241405608733,62.13939999999995,0.47695033401188924,-0.3955476867805669,58.28938913474935,1.8969992083021574,6.644619192766263,2.0,1.0,1.4875715614862997,-62.13509999999991,2025-04
harmonic,2025-03-14 03:55:00,2025-04-16 01:05:00,bull,4.959301870548642,2992.07,2935.69,3273.96,56.38,tp,5.018002837876874,0.6375487761606315,789.1666666666666,0.023481853289684492,0.01642340814353877,67.71689643384758,0.0467715007406782,0.21616905651467072,2.0,1.0,2.669789227166276,0.9557000000000055,0.4511123863238907,0.0006802690682852345,72.11361826335181,0.2597450038339221,2.678148861606376,2.0,1.0,0.4166209544706527,11.397300000000024,0.038956287169550345,-0.01420950784407407,56.31820421198134,0.10969591388996214,0.20418490648248946,2.0,1.0,0.6101970343286613,1.6735999999999995,0.5821501477663165,0.23883120556493204,80.18198669630533,0.4466840625899198,3.989673237607341,2.0,1.0,0.267013022524524,98.93049999999997,0.6765130985806826,0.07998697429429134,69.46682544651787,1.056169664549225,4.364507200818851,2.0,1.0,1.1037602344103237,106.66810000000011,2025-04
fvg,2025-04-16 20:25:00,2025-04-17 14:35:00,bull,-1.047029358564074,3338.24,3288.01,3589.38,50.23,sl,0.3825403145523063,1.0928727851859585,18.166666666666668,0.027163170501103583,-0.023937757710623692,52.26235806306955,0.07523224075002255,0.20611936842901096,2.0,1.0,0.8554319931565441,-0.11349999999999279,0.6971477049172858,0.05090457006362031,85.67947801435814,0.4175014948231922,2.669440223223408,2.0,1.0,1.036263698274968,36.21300000000002,0.21629167314084985,-0.015868559881194625,61.10272475718629,0.14576625511194247,0.841187149165212,2.0,1.0,0.5833682446585672,5.9834999999999985,0.9598969096843006,0.25568603184678224,82.6264471801824,0.6594348551450492,4.975000415952499,2.0,1.0,1.449773189927389,44.26829999999996,1.784124396193159,0.46143056991163384,70.07265201366764,2.044734884172527,11.255920034912036,2.0,1.0,0.6076296755178457,42.80900000000011,2025-04
harmonic,2025-05-08 01:00:00,2025-05-08 05:55:00,bull,-1.068903803131991,3393.26,3358.33,3567.92,34.93,sl,0.6139421700526415,1.1072144288545507,4.916666666666667,0.09726715499875783,0.003321937260730104,55.720204430133705,0.09986655579774333,0.550689336409869,2.0,1.0,4.361643835616438,0.5255000000000074,-0.0665837012100015,-0.04977967240905,50.46638655045309,0.3499978340410563,1.1022419112855628,-1.0,1.0,1.0194673726833827,2.358400000000021,0.027841863159664092,0.06276078356936075,57.31634806877248,0.12771761812136645,0.771662763669066,1.0,1.0,0.8793489798325274,1.6096999999999984,0.9147250703600122,-0.01097945164079052,63.111502281411504,0.9101537929016462,6.676272478104478,2.0,1.0,0.5388657762207139,58.65669999999996,1.088355352832682,-0.05918075847123965,62.05058757784811,1.6429492844585767,6.362152904659488,2.0,1.0,1.1435303057331039,-44.39189999999989,2025-05
fvg,2025-05-05 23:30:00,2025-05-08 17:05:00,bull,-1.076631046119235,3332.2,3301.32,3486.61,30.88,sl,3.414993523305016,1.0901878238306655,65.58333333333333,0.009986290863119566,0.003921360067849278,54.036554900836315,0.08293845212281642,0.18347724737935975,2.0,1.0,3.3906735751295334,-0.5448999999999926,0.5996065479306506,0.03567118482338165,79.12490468987873,0.32033008203784175,3.3539580562931097,2.0,1.0,inf,4.956400000000021,0.11656858039675289,-0.02510271755135165,62.22178713416257,0.10438797789022577,0.44168772532642886,2.0,1.0,1.0126487163431435,1.287099999999999,0.2907762765472161,0.35671946435572777,76.12640292091253,0.3617763801804295,3.563677964315062,1.0,1.0,1.3755369523086451,19.86749999999996,0.707847640940096,-0.6596674541751856,49.77605432614073,2.0519072244192285,5.992621229711341,2.0,1.0,0.09533627861397287,-67.40449999999989,2025-05
fib,2025-05-06 00:20:00,2025-05-08 17:05:00,bull,-1.0977332170880558,3325.61,3301.41,3446.63,24.2,sl,4.629958677666822,1.1188016528879503,64.75,0.006620919536887853,-0.008005703099878659,38.88779964275091,0.08038931950848979,0.16491002885270295,2.0,1.0,9.289473684210526,-0.7229999999999925,0.5935398972891369,0.024228995003580014,80.49668412100236,0.2766627436032713,3.158226976431064,2.0,1.0,3.7496216811115697,7.5617000000000205,0.10812120985882717,-0.018661530231768364,62.3369629528839,0.10197055198472774,0.22972729110983342,2.0,1.0,2.343436842756402,-0.173500000000001,0.40905654949916814,0.3799182946196443,77.10335447395765,0.383671743080697,4.1315931516393425,1.0,1.0,0.5633653673253283,32.98449999999996,0.7787608626590866,-0.4427749659097171,59.80206017768144,1.9986411759677105,5.780236787194807,2.0,1.0,0.8703234789216289,-58.57589999999989,2025-05
harmonic,2025-05-13 22:35:00,2025-05-14 11:55:00,bull,-1.0755257405592824,3251.9,3221.29,3404.93,30.61,sl,0.15632146357348,1.0681149950961566,13.333333333333334,0.0021044431838265513,-0.0028502189799830997,44.67535861908982,0.0296744840981044,0.05697557332147768,-1.0,1.0,0.6541850220264318,-0.08189999999999267,-0.003165491433436605,0.03455828441551204,51.47605469108655,0.3026080329357085,1.1153913079337465,1.0,0.0,0.0,7.399200000000021,0.02640355576360976,-0.00027909023269177455,54.26403839513927,0.07199904909403473,0.2843242885628347,2.0,0.0,0.1564200765974602,0.10249999999999827,-0.6649393598138607,-0.023201788681271086,37.0275775079498,0.7913803341173574,5.003082893461633,-2.0,0.0,0.5765678523422031,-5.964000000000042,0.5603409760982514,-0.3835973648344243,44.81242581359482,1.8347976559949968,5.685418970457859,2.0,1.0,1.121431434191048,-111.49759999999989,2025-05
threevol,2025-05-15 15:25:00,2025-05-15 19:40:00,bull,1.6842872412787875,3215.55,3215.55,3230.17,7.31,tp,2.0663474691919816,0.4685362517036017,4.25,0.17751110826707056,0.017583623095242022,71.83837277421955,0.1324136238906367,0.8505970546319902,2.0,1.0,1.273104880581516,1.1067000000000071,-0.11456887791824924,0.24287639444766254,60.31685515148465,0.5625465622439282,2.553985372577999,1.0,0.0,2.0306982291477613,4.71300000000002,0.34690075386981456,0.04574752770928218,74.77997230005043,0.2469428743714309,1.4400663895906651,2.0,1.0,1.5907328779767398,5.607399999999999,-1.084665240408777,-0.1698993752332765,35.6630163367052,0.8276029276581354,4.391489022566626,-2.0,0.0,0.9597764695335146,-41.29870000000004,0.11116846261911426,-0.5905189652903298,40.236411687244036,1.943182962152989,6.473124809744865,-1.0,1.0,1.268078950234644,-120.35449999999989,2025-05
threevol,2025-06-04 01:20:00,2025-06-04 02:40:00,bull,-0.30313455657492355,3363.1,3363.1,3378.96,7.93,be,1.1784363177657518,0.08890290037723729,1.3333333333333333,-0.001979099644127079,0.014793101348171517,61.958803847034524,0.10696184952279206,0.3659136369403762,2.0,1.0,3.582439024390244,0.6739000000000077,-0.02143660198279163,-0.013865306220863804,44.69229789214302,0.25021763339219405,0.6169221790256709,-1.0,1.0,1.0393398579927078,2.418000000000018,0.01650531133380033,-0.01034584659777036,54.56099066732622,0.12762573837840477,0.34532650563135286,2.0,1.0,3.0632431500947783,0.5303999999999982,0.4797128768819117,0.04482668476458854,63.03008154546495,0.575019795571765,4.45289092498545,2.0,1.0,0.26606873214837995,7.942399999999962,0.5428907929817304,0.15171957222218607,56.96665591195847,1.459129872472384,6.66897683036021,2.0,1.0,1.0715358213959119,31.40100000000011,2025-06
fvg,2025-06-06 05:55:00,2025-06-06 12:30:00,bull,-1.1769012082444918,3365.48,3351.92,3433.27,13.56,sl,0.15331858406967894,1.3408554572172682,6.583333333333333,-0.025302204158420705,-0.0404161429957465,29.48020313192289,0.07050794656360758,0.40745441560560763,-1.0,0.0,1.851138353765324,-0.5918999999999921,-0.02437093457543323,0.04084700728643266,56.7125089619223,0.2846557672065563,1.8027715780852578,-1.0,1.0,0.6448742624554319,-4.809399999999981,0.07953637496832217,-0.0013775283341382468,50.22191157954534,0.10815311880821464,0.5219395016793325,2.0,1.0,1.7303543913713404,0.603599999999998,0.2902334486327181,-0.0716965344767224,55.91666390878387,0.6501700829673825,1.5035959221998483,2.0,1.0,1.0774301440145475,-27.148100000000035,0.6663682339298712,0.18085306601870882,56.4942110364645,1.4564242640174467,6.283200719960479,2.0,1.0,1.114535718278655,26.420200000000108,2025-06
harmonic,2025-06-06 05:00:00,2025-06-06 12:30:00,bull,-1.1079701310576042,3374.15,3351.92,3485.29,22.23,sl,0.04039586144829707,1.207917228964441,7.5,0.06453714260985835,0.001226613052211902,66.18254971202279,0.05876776520639936,0.27975074533750144,2.0,1.0,0.6587537091988132,0.7069000000000079,-0.02437093457543323,0.04084700728643266,56.7125089619223,0.2846557672065563,1.8027715780852578,-1.0,1.0,0.6448742624554319,-4.809399999999981,0.09717487769571254,0.025367467781309924,67.36391272016195,0.11527840781470791,0.5068148232643372,2.0,1.0,0.8394453004622495,0.8773999999999981,0.2902334486327181,-0.0716965344767224,55.91666390878387,0.6501700829673825,1.5035959221998483,2.0,1.0,1.0774301440145475,-27.148100000000035,0.6663682339298712,0.18085306601870882,56.4942110364645,1.4564242640174467,6.283200719960479,2.0,1.0,1.114535718278655,26.420200000000108,2025-06
harmonic,2025-06-09 14:40:00,2025-06-10 01:30:00,bull,-1.2507897372678944,3317.76,3308.32,3364.96,9.44,sl,2.1509533898077056,1.2247881355802352,10.833333333333334,0.03230808696655329,0.0032905552983660533,48.400408449092026,0.1198618746888021,0.4674417888489133,2.0,1.0,1.2977272727272728,-0.7167999999999921,0.06979527310422719,0.021621426486592477,56.76400699783935,0.2924298908342943,0.8360823352270131,1.0,0.0,inf,1.092400000000017,0.02185827503735657,0.012475386340816644,55.285312435965,0.17441034102156622,0.38434648957329204,2.0,1.0,1.879848952969447,2.5406999999999984,-0.21477177697378094,0.04190659578237895,45.7003302255787,0.15113646699225983,1.8476434694775976,-2.0,1.0,1.052776759370799,-41.37490000000004,0.41414482952603004,-0.0684857746259241,50.91389780007987,1.4448804383423726,4.0742392463071955,2.0,1.0,0.04907939723945802,12.161600000000107,2025-06
threevol,2025-06-11 02:15:00,2025-06-11 09:05:00,bull,-0.3141953417042078,3335.35,3335.35,3350.53,7.59,be,1.7200263504385096,0.4152832674516549,6.833333333333333,0.013754170703329703,-0.02021100467338249,54.56882987020011,0.07542962777346869,0.28705079678983714,-1.0,1.0,1.104622871046229,-0.4043999999999922,0.04247295930338717,-0.004591578966310248,52.65513591883348,0.275570248019015,0.6677192572736059,2.0,1.0,1.2677721432349192,3.284300000000017,0.05620762126986427,0.017338429693764656,56.29921776946787,0.1548741378345778,0.556737822624635,2.0,1.0,0.7893143834715094,1.0391999999999983,-0.015197666500282373,0.07136519252117028,51.56899176732764,0.5092171749422642,1.110903601779823,1.0,1.0,0.35613825983313463,-1.133800000000039,0.3591982074820006,-0.08198162806998663,52.23791152820765,1.4259076850824148,3.944612382918191,2.0,1.0,1.057738381663923,1.2200000000001125,2025-06
fvg,2025-06-13 03:25:00,2025-06-17 03:20:00,bull,-1.0437252786767348,3429.7,3374.28,3706.8,55.42,sl,0.38587152652402795,1.018856008659289,95.91666666666667,0.1033290766272353,-0.06845477724331839,43.59656368854445,0.15026250568120728,0.67055351727202,2.0,1.0,0.6804605372935092,-0.945799999999992,0.45923674019207267,0.12532424486051777,79.5208797840166,0.33521552252909126,2.5331176319661934,2.0,1.0,2.1368127001430812,21.390500000000017,0.38341560421809273,0.06272036613019798,68.75595754020047,0.31908583032677057,2.536067405147438,2.0,1.0,2.0442194092827006,10.293299999999999,0.4622559683350362,0.18128046604000983,67.8962474842421,0.6731930052045113,3.007700094872646,2.0,1.0,0.30107508400436567,50.206099999999964,0.5349606413925542,0.08446990569269057,60.79531931411533,1.298472389136773,4.29631871430285,2.0,1.0,1.054456371653824,83.3079000000001,2025-06
harmonic,2025-06-10 12:30:00,2025-06-24 13:40:00,bull,-1.0583645443196004,3338.41,3297.87,3541.12,40.54,sl,2.779353724709478,1.0678835717783208,337.1666666666667,0.009065608143241624,-0.014643704855603693,56.9843853805958,0.08990712615059167,0.39836231905517416,-1.0,1.0,1.0974235104669887,-0.4595999999999921,0.09783511636732671,0.04897233355169975,61.44992204734757,0.27389760750192316,1.202984756695035,2.0,1.0,1.1767241379310347,-2.0013999999999834,0.11521371486804977,-0.00888810682215045,60.52478629277125,0.1342881073568521,0.4838235145611115,2.0,1.0,0.9803106541238241,2.0025999999999984,-0.056869923805103646,0.08700579322090246,54.734497094622434,0.3916122754776484,1.0606576439235782,1.0,1.0,1.0666655842574402,5.119799999999961,0.3837685146968811,-0.0780732696225763,52.071663661638105,1.4659137928406019,3.9504900730254042,2.0,1.0,0.9940914271242244,4.00460000000011,2025-06
harmonic,2025-06-25 06:00:00,2025-06-25 13:00:00,bull,-1.1582682753726046,3332.36,3317.35,3407.43,15.01,sl,0.2990006662205452,1.0289806795401244,7.0,0.028653873904470877,0.014085561871719464,59.18198136751026,0.04447725206397527,0.25101730578299486,2.0,1.0,1.7637655417406748,0.19700000000000836,-0.08703726587810119,0.08639646400915413,51.33461117979346,0.15781877243641892,1.0020783834221454,-2.0,0.0,0.6643016327830082,-1.0606999999999835,0.041184980374809804,-0.0024493798612077273,59.4328115743871,0.07640293097029183,0.24685882225691622,2.0,0.0,1.3418750000000002,-0.003300000000000858,-0.3924745107664358,-0.11496332287413433,38.13189014485402,0.6728522945965386,2.7200285196360885,-2.0,0.0,0.9441815313675526,-6.6662000000000345,0.25246024739016293,-0.2827445160681525,43.86123754059858,1.189707971491445,4.839276881319965,2.0,1.0,0.8651293996403521,-81.82209999999988,2025-06
harmonic,2025-06-25 18:20:00,2025-06-27 03:05:00,bull,-1.1095420456358704,3329.49,3307.86,3437.64,21.63,sl,0.9493758668472203,1.1218215441464492,32.75,-0.0018959719553021028,-0.013643259276204227,52.3550285577932,0.0653301796204447,0.39013811873187193,-1.0,1.0,0.6977215189873418,-0.08839999999999164,-0.038287131710963394,0.03265189623368905,50.34824524919482,0.24158914489407105,0.5937644659085323,-2.0,0.0,1.0145151047809127,-3.634499999999984,0.04599191924516601,0.010159349005673897,52.91788621171791,0.11012208384999042,0.7215832727048258,2.0,0.0,0.7495829471733086,2.4657999999999993,-0.3862416416584708,-0.054964076150754666,38.387756794440875,0.6116575861946733,2.8589901820805985,-2.0,0.0,1.7537999999999998,-0.24280000000003543,0.25246024739016293,-0.2827445160681525,43.86123754059858,1.189707971491445,4.839276881319965,2.0,1.0,0.8651293996403521,-81.82209999999988,2025-06
harmonic,2025-07-11 00:10:00,2025-07-22 14:25:00,bull,4.8730939895119,3326.09,3306.89,3422.08,19.2,tp,5.049427083307038,0.8601562499955372,278.25,0.013368228686421043,0.004015651426417991,55.58385253348288,0.04287791275226203,0.1368590639414845,2.0,1.0,1.4315169366715756,-0.0868999999999912,0.07346561952022478,-0.003930402709364381,55.63892576655085,0.20437023436823218,0.49163052494098886,2.0,1.0,0.2639116555948581,3.030300000000017,0.0311530166385089,-0.0024559374244239244,52.40760143367653,0.047070939744599964,0.08891748615541685,2.0,1.0,0.49303981871155717,0.07729999999999954,-0.019456445868002565,0.08174407662188989,54.04274463106234,0.41243272855206553,1.838219541330588,1.0,0.0,0.41589512278758145,10.617999999999958,-0.17373315341971787,-0.011503171857264165,48.428566426454196,1.0587888141291029,3.456493369816233,-1.0,1.0,0.9682054266205266,62.61810000000011,2025-07
fvg,2025-08-28 11:55:00,2025-09-09 00:00:00,bull,4.869331395348837,3403.59,3384.46,3499.22,19.13,tp,12.178515420741354,0.5099320439074291,276.0833333333333,0.06362342919382409,0.025150175994538677,71.5329186908022,0.05603347117465004,0.4746374557510742,2.0,1.0,1.0093720712277414,0.02910000000000902,0.0943282815325835,0.008931350679336725,58.31065883623265,0.1405279080266623,0.45201709649123034,2.0,1.0,3.639660005425445,-4.201499999999985,0.06396267828742698,0.013684349269570404,70.37824372255346,0.09137521449667124,0.344579765613292,2.0,1.0,3.0503763752171396,2.683399999999999,0.2405337222239101,0.02172052323942945,63.518556313464316,0.38796848998416056,1.3818200937370213,2.0,1.0,1.0024132730015083,32.39949999999997,0.18754781844778048,0.15015456933495855,59.85904464876942,0.760264058089248,3.148023373601884,2.0,1.0,0.9804255909746559,-136.79409999999984,2025-09
harmonic,2025-07-31 12:15:00,2025-09-09 00:00:00,bull,4.942303254096469,3306.56,3263.92,3519.77,42.64,tp,7.739329268274535,0.5892354596609071,947.75,0.014525831077816239,0.019046602650789852,60.70703242998527,0.0735046851596512,0.39802106032540896,2.0,1.0,1.2227249874308697,-0.145799999999991,-0.03565331760736874,0.08292668739844676,53.3654482233814,0.2547469348568435,1.4430486324183676,1.0,0.0,1.3288129847014452,-3.9422999999999826,0.046192436014931795,-0.013353365594518206,58.44188167327655,0.13460776299150454,0.4669156562071021,2.0,0.0,1.426070409134158,1.9536000000000002,-0.34330713184618994,-0.013271528054840269,44.06223814838552,0.5359717182440645,2.1225959292342536,-2.0,0.0,1.253325677098287,6.1653999999999645,-0.17555887290859562,-0.25147066805149987,38.46217881437225,1.046264436232703,3.6522156065252345,-1.0,1.0,1.5273672269638723,-68.4406999999999,2025-09
harmonic,2025-09-09 13:30:00,2025-09-09 15:15:00,bull,-1.0818121838574883,3663.14,3631.38,3821.93,31.76,sl,0.3307619647344784,1.148457178837691,1.75,0.030699389028660824,0.032927369993227866,67.88103639920247,0.10624278316203695,0.41455958984713825,2.0,1.0,2.3861424678863368,0.4603000000000096,1.2609893095600904,0.028679351233896692,83.67209032816054,0.5698532183793019,9.370697132924906,2.0,1.0,1.3927726306501425,2.304600000000015,0.09875259773460539,-0.024097786451885875,64.22658848131327,0.140376219117497,0.3557713157929399,2.0,1.0,1.5007785363516588,-1.807100000000002,1.3117353774465323,0.5367948329038734,93.9609349239457,0.6594061813858982,8.083748522239643,2.0,1.0,1.4492658778327827,35.17369999999996,0.7592910390269731,0.35742555886620153,73.45827014103735,0.8303598504563466,5.717044094794829,2.0,1.0,1.2550092609574228,174.80110000000013,2025-09
threevol,2025-09-16 00:15:00,2025-09-16 01:00:00,bull,-0.46740384615384617,3680.96,3680.96,3692.21,5.62,be,1.4606761565576094,0.13078291814716175,0.75,-0.005303843585605891,-0.00038593735144665036,57.00132652078652,0.03597979028012183,0.10420909390187502,-1.0,1.0,2.86013986013986,0.12310000000000954,0.2667195575923888,0.04006507071920796,67.79714851094468,0.22698196228454026,1.9199296048101797,2.0,1.0,3.4504057709648333,7.033200000000016,0.04052924816744954,-0.019062119125515233,57.76912527007987,0.047725202852009756,0.16774453389620383,2.0,1.0,1.1799511704724976,-1.0055000000000018,0.40242359115845483,0.02435410148205537,75.280972263357,0.22490317718406283,1.4756581408086549,2.0,1.0,0.4497467373815625,4.659599999999961,2.1754394066494873,0.5822933518513961,83.83324523363896,1.1348107291422274,14.47556622759858,2.0,1.0,1.026502972303357,209.11690000000013,2025-09
harmonic,2025-09-15 11:55:00,2025-09-16 14:15:00,bull,4.783088780198606,3642.09,3630.06,3702.26,12.03,tp,5.0488778054443015,0.45652535327967886,26.333333333333332,0.02359324169364042,0.0055976634263811016,54.51358035489365,0.05488512500022169,0.25082697321359515,2.0,1.0,0.9631449631449631,0.22800000000000958,-0.004621459090801269,0.0027041742018289083,46.595709597749526,0.1899767972513885,0.3831218512767617,-1.0,1.0,inf,0.07900000000001606,0.020057607473352574,0.010023608800206332,57.1512565435372,0.10212630917038873,0.353073420532861,2.0,1.0,1.208382295338817,0.43239999999999784,0.2957669792298447,-0.11392922544398026,64.09032921021398,0.08367879309327422,0.32154374963166765,2.0,1.0,1.2810581872678701,-19.239500000000042,2.089813990831478,0.6268689224839216,81.39739646148843,1.0791295997310901,14.191213391305151,2.0,1.0,0.03631601667450565,146.08860000000013,2025-09
threevol,2025-09-22 06:35:00,2025-09-22 12:20:00,bull,-0.2662544681673268,3712.88,3712.88,3732.77,9.95,be,1.5341708542559254,0.451758793965298,5.75,0.08426924643272984,0.025308057050104308,82.47737064369892,0.06924014002109298,0.44916356939831287,2.0,1.0,1.3876349362119724,1.1674000000000098,0.0681663812935218,0.02626386980165231,69.77199560891232,0.12083148570539742,0.42053412583884525,2.0,1.0,inf,-1.3826999999999823,0.08718779183796564,0.030905661152212757,73.42357815960875,0.09630508940412927,0.5309110310813442,2.0,1.0,1.5883807169344868,0.8817999999999988,0.18935940399293408,0.014323354349153968,67.1824033530043,0.04751833958941083,1.669298142776284,2.0,1.0,1.8073706781023853,37.14109999999996,2.10528441946123,0.09029728983913181,74.39180624502188,1.1899390968805075,12.774478157959953,2.0,1.0,0.06408860425109691,180.53420000000014,2025-09
threevol,2025-09-23 08:40:00,2025-09-23 09:20:00,bull,1.6629213483146068,3769.62,3769.62,3785.67,8.03,tp,2.645703611424075,0.0,0.6666666666666666,0.06838534736946902,0.029427270629697688,73.34971829957,0.0764997007168205,0.44303952135439884,2.0,1.0,1.0192678227360308,0.7803000000000095,0.29181260947876403,-0.024086390944952456,67.62267123262188,0.2160976136141115,1.059660098751048,2.0,1.0,1.8201371036846614,13.937000000000019,0.07178313152766759,0.011041147255243538,63.77124222710559,0.12196917775357946,0.5032487453734827,2.0,1.0,1.2410327499566802,1.9334999999999987,0.553158029634781,0.15587092928648255,84.33977547856459,0.29243318639068483,2.9442317987996875,2.0,1.0,1.61663031264459,38.82579999999996,2.1468882304015073,0.1319886507625945,79.24803544880908,1.1907303215095535,12.35511758716901,2.0,1.0,1.1927366562972461,185.23510000000013,2025-09
harmonic,2025-09-25 11:55:00,2025-09-25 13:40:00,bull,-1.0968951128085438,3752.56,3725.07,3890.02,27.49,sl,0.11367770098176183,1.0230993088358564,1.75,-0.03261835464366875,-0.0025404621938036882,46.25426957363569,0.10347202926187717,0.5121862785428575,-1.0,1.0,0.4829651815799326,-0.44829999999999093,-0.008280809098353206,0.0798115933556603,57.70312298121086,0.24711830615892966,0.964198091740715,1.0,1.0,0.7330174711282204,2.011800000000018,0.05983618246409477,-0.029087290415151207,51.599280687218666,0.15112411425646544,0.5864647489967436,2.0,1.0,1.0061114439784302,3.696499999999998,0.3547192096668895,-0.12812615949744668,57.51809966967649,0.602750882221426,2.3972220963615762,2.0,1.0,1.0192151238373215,10.940399999999963,2.2036444147649585,0.116714890856805,75.0142290932768,0.97107963620201,10.868429642922182,2.0,1.0,1.3596220825493412,122.16750000000013,2025-09
threevol,2025-09-26 00:55:00,2025-09-26 01:15:00,bull,-1.4343973320628869,3749.09,3742.94,3761.38,6.15,sl,0.6414634146236686,1.507642276398239,0.3333333333333333,-0.007901705106739928,0.010307991374142383,55.791744237108986,0.07586262764887751,0.2748991547418496,-2.0,1.0,8.9568281938326,0.32000000000000894,-0.005714826840085573,0.02546742813043808,49.12118676761263,0.3299661501278539,0.9061272084107962,1.0,1.0,0.5140657388214391,-1.0747999999999815,-0.010564534102505577,-0.020669821330849228,47.495324349751215,0.10051768889635215,0.28829347593732785,-1.0,0.0,0.5034253684866099,-1.441400000000002,0.2408811195944945,-0.11941031742238652,53.44868048424695,0.5984397965383368,1.61880516428417,2.0,1.0,0.3811992048914274,-18.949500000000036,2.1691895406248025,0.06654815515761449,75.15509515925044,0.9746168879291681,10.031089651317366,2.0,1.0,1.4361263461307496,124.24220000000011,2025-09
threevol,2025-09-29 08:10:00,2025-09-29 09:45:00,bull,-1.3702271628806186,3815.42,3808.08,3830.1,7.34,sl,0.5647138964500695,1.1205722070691897,1.5833333333333333,-0.001588587565342219,-0.021763738268175174,54.92597665798855,0.09769774014738491,0.4155727069357844,-1.0,1.0,1.1315004968532627,0.025900000000009027,0.34537722854474445,0.1252007583036064,71.9683658789195,0.27669483798993005,2.248416729164291,2.0,1.0,inf,5.8919000000000175,0.21183404126529645,-0.03196067101683571,55.66797422869405,0.18908312616033476,0.8844464467397952,2.0,1.0,1.598970251716247,-0.5290000000000019,0.2771708520221554,0.08006907814945095,77.35111724771257,0.14872577442237106,1.558639820106897,2.0,1.0,1.530670338817581,41.05509999999997,2.0576384705073556,-0.03304139029426264,77.11338759424969,1.0261188652161204,5.493130146385196,2.0,1.0,0.03947374577897011,128.40500000000014,2025-09
fib,2025-09-30 06:55:00,2025-09-30 08:20:00,bull,-1.0803067700987306,3855.1,3821.08,4025.2,34.02,sl,0.12045855379153174,1.0178718400910614,1.4166666666666667,0.005034990878116638,-0.03098154979222095,35.858838357626624,0.10308541227774087,0.3347698639546336,-1.0,1.0,1.5960082587749485,-0.23029999999999087,0.4525590589712375,0.05642786422402739,79.97205836378542,0.2118284970742808,1.644903652594212,2.0,1.0,1.5634161114476073,17.468600000000016,0.19733923018007152,-0.0061387189643832205,76.14360610031962,0.12868408136473586,0.893580060990588,2.0,1.0,1.0472981405216524,2.3954999999999984,0.6340835009709328,0.21704019960460622,86.78157035256191,0.34037422663014794,3.7054509860087967,2.0,1.0,1.275741839154012,36.26669999999996,2.1065251041247386,0.041481188705063246,82.08856732553224,1.0292138031133589,6.2214464993810745,2.0,1.0,1.399695744425317,221.58510000000015,2025-09
fvg,2025-09-22 22:45:00,2025-10-05 22:55:00,bull,4.914206514206514,3740.22,3708.44,3899.14,31.78,tp,5.126746381355811,0.7196979232198828,312.1666666666667,-0.02334566673785343,-0.012619546702705419,29.593681012496447,0.03169083793057631,0.15688554209307035,-1.0,1.0,0.8828213879408419,0.00020000000000962304,0.386769477300614,0.045278188501656005,82.6910469693554,0.20432162645735302,2.081408960077974,2.0,1.0,inf,13.504300000000018,0.0683632152405425,-0.0364401102452719,49.58492268020504,0.06164058886158945,0.1662024965101071,2.0,1.0,0.41114879811237276,-0.2224000000000012,0.43389911621601285,0.1571696881259208,84.14021618542606,0.19873603523258393,2.181406068097032,2.0,1.0,1.0807377987477726,56.47529999999996,2.10528441946123,0.09029728983913181,74.39180624502188,1.1899390968805075,12.774478157959953,2.0,1.0,0.06408860425109691,180.53420000000014,2025-10
harmonic,2025-09-26 00:55:00,2025-10-05 23:00:00,bull,4.912685926773455,3749.09,3717.43,3907.38,31.66,tp,5.349810486401296,0.4679406190762243,238.08333333333334,-0.007901705106739928,0.010307991374142383,55.791744237108986,0.07586262764887751,0.2748991547418496,-2.0,1.0,8.9568281938326,0.32000000000000894,-0.005714826840085573,0.02546742813043808,49.12118676761263,0.3299661501278539,0.9061272084107962,1.0,1.0,0.5140657388214391,-1.0747999999999815,-0.010564534102505577,-0.020669821330849228,47.495324349751215,0.10051768889635215,0.28829347593732785,-1.0,0.0,0.5034253684866099,-1.441400000000002,0.2408811195944945,-0.11941031742238652,53.44868048424695,0.5984397965383368,1.61880516428417,2.0,1.0,0.3811992048914274,-18.949500000000036,2.1691895406248025,0.06654815515761449,75.15509515925044,0.9746168879291681,10.031089651317366,2.0,1.0,1.4361263461307496,124.24220000000011,2025-10
fvg,2025-10-08 01:55:00,2025-10-09 17:10:00,bull,-1.065922451945307,4000.04,3957.12,4214.64,42.92,sl,1.3760018639296923,1.1496272134176406,39.25,0.021161474952925047,0.012610916266844586,61.77448434242189,0.09717322221151736,0.38730306087624855,2.0,1.0,1.1370390753990094,0.21580000000000876,0.2550128068141366,0.019155430900095353,65.41848357874042,0.29423662158880365,1.450611469581506,2.0,1.0,0.8808205019478971,5.524400000000017,0.08398386038558707,-0.006441021458738767,59.28514834228544,0.12049203417947262,0.43680127958671433,2.0,1.0,0.7906647807637908,-0.06870000000000176,0.7226948638400172,0.08202360498257462,74.74964763008316,0.6178597493509678,3.9317768231071963,2.0,1.0,0.43798000168053103,23.200699999999962,2.4787643241169577,0.2241486034399723,89.91301472028765,1.1786430959745917,10.418004917935123,2.0,1.0,1.5104563710702046,371.3393000000001,2025-10
fvg,2025-10-15 00:25:00,2025-10-16 16:25:00,bull,4.889230152901114,4155.41,4128.18,4291.57,27.23,tp,5.010576569941207,0.0,40.0,0.09001334651079639,-0.007228629050293935,57.56907704980792,0.08213122360153755,0.2801466498701861,2.0,1.0,2.8577348066298347,0.1034000000000079,0.2938573323447031,0.009367457471459223,64.87825577135061,0.4055576391791419,1.5222457796474764,2.0,1.0,0.42064068425724194,11.049500000000014,0.15671152326054086,0.03948787386630435,68.10110983051946,0.14623823809483696,0.9774802149908776,2.0,1.0,0.6252388595887793,1.6262999999999983,0.93141042448376,0.14924370028559877,76.37115244112096,0.8320701424941099,5.458960320159861,2.0,1.0,0.4767446860353452,91.09329999999996,2.781209340655089,0.28261934760125024,90.79522683061123,1.4843246184465662,12.392637565091373,2.0,1.0,1.8621215451025719,501.20250000000016,2025-10
threevol,2025-10-20 15:10:00,2025-10-20 19:40:00,bull,1.736940115652259,4345.52,4345.52,4369.12,11.8,tp,2.0385593220165696,0.7266949152481404,4.5,0.21312768958437509,0.022628535443155053,68.04646283979092,0.19592902907673948,1.1457827786872998,2.0,1.0,1.312073568673984,0.11660000000000803,0.3198108152507299,0.18670102828929208,70.30006861686996,0.5820162859097765,2.444216954981307,2.0,1.0,inf,9.743400000000014,0.41554064217329156,0.06842794092701437,72.60833025656117,0.3659175304702918,2.7672875804067445,2.0,1.0,1.628212312865263,4.973599999999999,0.32957000248865365,-0.09416830869937666,62.09022206519744,0.28999408560300777,2.2490289718486043,2.0,1.0,0.8924622357445043,-68.11530000000005,3.3119680055488336,0.29979123566501986,74.20661527228597,1.900944047404137,15.284600718809862,2.0,1.0,0.10947659467709225,399.9333000000001,2025-10
fvg,2025-10-20 04:55:00,2025-10-21 12:45:00,bull,-1.0567154678548696,4265.74,4212.66,4531.15,53.08,sl,2.177053504140603,1.1347965335321437,31.833333333333332,0.05635210608805466,0.009986345051140705,57.35351483075932,0.08590689802248684,0.4287798526910835,2.0,1.0,0.3505237711522965,0.6375000000000081,0.027662374379549902,0.033239239383361555,61.35782138932793,0.2725535015934124,0.4873599468359112,1.0,1.0,inf,7.472200000000014,0.08362459548693674,0.02163823754167431,60.353245268138735,0.2092507085774129,1.2459507806292935,2.0,1.0,1.3861981639759418,2.8213999999999992,0.3240655594239773,-0.1608035184053039,59.40505164973582,0.2098949058166324,3.8591911056600128,2.0,1.0,1.9785124324012933,-39.54560000000004,3.3119680055488336,0.29979123566501986,74.20661527228597,1.900944047404137,15.284600718809862,2.0,1.0,0.10947659467709225,399.9333000000001,2025-10
threevol,2025-10-23 12:35:00,2025-10-23 19:35:00,bull,-0.16522157996146433,4124.26,4124.26,4159.82,17.78,be,1.6971316085393966,0.3984814398177834,7.0,-0.03332587667712117,0.0008465894600447645,56.83212666499672,0.15736477738164792,0.4424041863616181,-2.0,1.0,1.9731633679973164,0.07760000000000783,0.03823025270490004,0.14087462882989957,52.22763427993231,0.5379789244975554,1.6750139599367435,1.0,0.0,0.7203355336506981,15.26980000000001,0.042238492636467,-0.04388832146775866,49.657219447270315,0.25638529468671956,0.6778896365365445,2.0,0.0,1.0228061477441746,-1.063800000000001,-1.0880221347911938,-0.18425865546211853,41.66866276751889,1.7790105377512218,11.192213394771908,-2.0,1.0,0.8454590175945408,2.5795999999999584,2.7507759542835566,-0.3604332068170693,53.519417510801496,2.6822808672218037,14.380375030813166,2.0,1.0,2.1626814068015747,242.86880000000014,2025-10
threevol,2025-10-29 08:05:00,2025-10-29 13:30:00,bull,-0.2555244620283702,4009.46,4009.46,4031.82,11.18,be,1.8331842575864556,0.5496422182419515,5.416666666666667,0.2156944739468306,0.020663082764849634,77.90319744270052,0.14301778691679984,0.9876776515935122,2.0,1.0,1.986749805144193,1.4465000000000083,0.026166633804449033,0.15753057542708596,60.97714593920301,0.5081347726206918,1.8279067511521025,1.0,0.0,0.9513991825001122,7.814500000000015,0.2310113650028422,0.10072773564712939,70.46244574671148,0.2515504006737674,1.5815173419008146,2.0,1.0,1.0318818040435458,1.9672999999999998,-0.9870671436114576,0.012252173985494871,43.517361793687094,1.1732205580960413,6.530006370303236,-2.0,0.0,0.8147016800512391,-31.123100000000044,0.9634262587867753,-1.074223138136309,43.65199498395651,2.860875955728191,11.403681915647528,2.0,1.0,1.2059762206389977,-66.6380999999999,2025-10
fib,2025-11-10 14:40:00,2025-11-12 15:10:00,bull,4.794243450365354,4080.81,4066.41,4152.79,14.4,tp,5.638055555516441,0.22326388888734855,48.5,-0.07107238154139973,-0.05541043666595304,31.945989700542654,0.14281878931348194,0.8467920493294472,-1.0,1.0,2.498283098054178,-1.5225999999999922,0.5579005078091744,0.09515890925096412,84.66446271494873,0.32308433872921816,3.52585253144366,2.0,1.0,inf,13.477200000000014,0.15055224050581276,-0.034762928588422434,52.8728302749826,0.1577129627574006,0.8355350373318882,2.0,1.0,1.4858992140545537,-0.07399999999999968,0.3981705157101083,0.21283665363401152,80.57399961056775,0.1778683183106282,2.608451828880383,2.0,1.0,1.0694201813493052,16.07709999999995,-0.21368311158520706,-0.21836540450652572,49.94907166369288,1.6198489785693007,5.650408220697228,-1.0,1.0,0.01975810234937038,-214.59099999999987,2025-11
fvg,2025-11-05 11:55:00,2025-11-12 15:30:00,bull,4.931227483273289,3966.38,3924.02,4178.2,42.36,tp,5.021931067032533,0.08109065155788094,171.58333333333334,-0.043702061562409904,0.016010822989153125,50.77648193469226,0.09469083889641526,0.318295211968782,-2.0,1.0,1.3635900050994392,0.40300000000000835,-0.0366711886947473,0.11273974455701848,49.510288077019254,0.3252098879546521,1.6272287343074863,1.0,0.0,0.7760964979589332,-4.642399999999983,-0.0033919964638095073,-0.05432604651663711,47.450092520333406,0.1830059469362805,0.7177423554677568,-1.0,0.0,0.772316291303633,-0.4042999999999999,-0.31063963175716625,-0.10713035134331204,45.00606036778588,0.7976531078483217,2.474029082603638,-2.0,0.0,0.6162918193244725,-29.134900000000044,-0.18843128655476676,-0.7132795062313565,42.19403889974578,2.05722915977374,12.88544248668389,-1.0,1.0,0.9953878433805535,-283.0520999999999,2025-11
fvg,2025-11-13 12:50:00,2025-11-13 14:40:00,bull,-1.07161250766401,4238.89,4197.06,4448.03,41.83,sl,0.11367439636597518,1.3037293808240373,1.8333333333333333,0.04080189131666431,0.015474753968333194,60.09942389919508,0.07924024305937395,0.4240174510804802,2.0,1.0,1.6136548360877812,1.685500000000008,0.4941990392632343,0.013678572813368291,69.75130840945769,0.3759682874004147,1.3655241989407405,2.0,1.0,1.2748219056099732,7.602600000000014,0.1175593438297237,-0.014268124630012407,60.14578416518195,0.19044392165963556,0.45199878422459877,2.0,1.0,1.6960498151391319,0.21950000000000036,1.108062064181539,0.16945504484433235,76.35262197908018,0.6796488137239388,4.5305649412282865,2.0,1.0,1.8335359765922326,74.97099999999996,0.5220706377694482,0.370746659709892,65.13837992672964,1.3852964661308798,6.975892580609735,2.0,1.0,1.206143231513464,33.45250000000012,2025-11
fib,2025-11-13 13:00:00,2025-11-13 14:40:00,bull,-1.0909863945578233,4229.99,4197.08,4394.53,32.91,sl,0.2271346095404938,1.386660589482244,1.6666666666666667,0.05804857110884344,0.02266825091362092,67.13276288330357,0.08044142181816474,0.4748128620050008,2.0,1.0,2.0136352568785,2.9523000000000077,0.5071874848865711,0.02242822045858524,73.18892135684882,0.4001984727966161,1.5279547131626678,2.0,1.0,1.991283869745283,7.023800000000014,0.1302991443693247,-0.0010451655453560373,65.30824036615545,0.18497132600133515,0.44288263981322357,2.0,1.0,2.001164935443161,0.8396000000000003,1.108062064181539,0.16945504484433235,76.35262197908018,0.6796488137239388,4.5305649412282865,2.0,1.0,1.8335359765922326,74.97099999999996,0.5220706377694482,0.370746659709892,65.13837992672964,1.3852964661308798,6.975892580609735,2.0,1.0,1.206143231513464,33.45250000000012,2025-11
threevol,2025-11-17 01:30:00,2025-11-17 02:00:00,bull,-1.3100512721292443,4098.72,4089.32,4117.52,9.4,sl,0.2505319148909053,1.6377659574294319,0.5,0.012235696588593085,0.011019572032825303,57.465505781952054,0.15160549886697705,0.4066860801764207,2.0,1.0,1.4607476635514018,0.5424000000000073,-0.0013544509311392032,0.02540812101093102,47.70232168636067,0.09358289003936138,0.3102159583175377,1.0,0.0,inf,-0.01729999999998655,0.0592398788498613,0.0053427506188657055,59.55956919467345,0.2271457679712287,0.7423660499171132,2.0,1.0,inf,1.616300000000001,-0.27895050685390993,-0.06402091310182283,46.91579898854312,0.14476839254352525,4.062623707307191,-1.0,1.0,0.338925709763577,-58.26990000000005,0.6050687127259915,0.15923508299651382,54.078479241294104,1.5791717099612876,7.5868658170391,2.0,1.0,0.036616515157668394,25.414700000000135,2025-11
fvg,2025-11-19 12:50:00,2025-11-19 16:25:00,bull,-1.0679888441276728,4114.99,4072.2,4328.93,42.79,sl,0.4132974994147948,1.017410609953216,3.5833333333333335,0.06683024588314547,-0.005002865713126012,60.640947300046925,0.08474689453625459,0.22176252795174273,2.0,1.0,0.9764655541292255,0.07840000000000763,0.33283193310603154,0.08848058105992473,65.0207926692413,0.3496109384283575,1.5881727408132824,2.0,1.0,0.7190247270988818,3.4605000000000126,0.20727921244363362,0.012692118342301176,68.34574571622413,0.17713861704433106,1.3057107198545899,2.0,1.0,0.8042895442359249,2.8359000000000014,-0.11527874094153935,0.19865469964280863,59.07131430224319,0.9382703098685268,2.8670367763185616,1.0,1.0,0.990153927196387,8.07829999999995,0.43261573486270116,-0.015560084431354553,51.90987141084525,1.6558316917191354,7.12186039059968,2.0,1.0,1.0587013432540782,137.84230000000014,2025-11
threevol,2025-11-25 02:45:00,2025-11-25 03:15:00,bull,-1.261739045191648,4154.84,4143.56,4177.4,11.28,sl,0.0,1.0453900709126704,0.5,0.09696189959878088,0.041540732633617704,70.23367715909136,0.1269737280132782,0.7715911534119528,2.0,1.0,1.4184728242747582,0.12680000000000724,0.47302498855458575,0.10028096740680101,70.94873412238232,0.3607324214144149,2.971977961048456,2.0,1.0,2.5770698523311766,21.356300000000015,0.15614619811775268,0.0023735141402831308,70.77069275196712,0.1951796985173994,0.5647860272536397,2.0,1.0,0.7820575329107753,-1.1056999999999984,0.2296211336335257,0.19388279751431534,70.96479965403736,0.3207072864521719,2.1594159405385462,2.0,1.0,0.863950399962613,49.842399999999955,0.3791726486885213,0.009061060759799979,58.523724953075856,1.7303306116164239,6.081694227501265,2.0,1.0,1.0442106991533908,89.97560000000013,2025-11
harmonic,2025-12-03 15:00:00,2025-12-04 03:00:00,bull,-1.1101492740781131,4215.39,4188.27,4351.01,27.12,sl,0.5101401179922206,1.0422197640079685,12.0,0.02320614979691905,-0.062339210287859353,42.80267175712554,0.2249551732974119,0.7590635444380474,-1.0,1.0,2.398055630569808,-1.3322999999999923,0.026239937941725067,0.038084996466346936,50.095450413864626,0.32233337296070935,0.899826659996158,1.0,1.0,2.8982053205609097,1.0396000000000116,0.1038251924319624,0.025329540786738138,48.34614773217695,0.24557214949571773,1.056902839218826,2.0,0.0,3.4661123708742756,-1.4898999999999987,0.06885782723348528,-0.10118018040940124,50.2793907156591,0.7073159182063493,1.7460277368167985,-1.0,1.0,1.1943286524219872,17.337399999999956,1.0342721073422494,0.24184285027455013,63.065379258753275,1.1496709826298275,6.213539474567854,2.0,1.0,0.8751985298663535,-138.85869999999989,2025-12
harmonic,2025-12-04 16:40:00,2025-12-08 15:05:00,bull,-1.0968431210366694,4210.39,4179.59,4364.39,30.8,sl,1.5816558441507136,1.087402597399073,94.41666666666667,0.08435948830885721,0.005378751354497217,53.48991107403939,0.11017057997258116,0.571155302029631,2.0,1.0,0.8923076923076925,0.7145000000000074,-0.0469220470052713,0.03408976526927006,53.73060425107733,0.31534596426299405,0.7589374337495173,-2.0,1.0,2.019570418559639,3.825700000000012,0.09361898022598095,0.037004283902833585,66.6541913886654,0.22403910811301234,0.6970710656247725,2.0,1.0,1.3502207273491695,5.592200000000001,-0.021782373694235566,-0.05975840646253116,50.58681592532279,0.6869312485730023,1.7144301331284868,-1.0,1.0,2.0527339261406823,-2.915100000000045,1.0222067971272821,0.18300078082836904,62.02499378224761,1.0992110230281964,6.3179420354993505,2.0,1.0,1.0412195969497287,-117.88879999999989,2025-12
harmonic,2025-12-10 20:00:00,2025-12-22 13:10:00,bull,4.922851766673635,4223.31,4183.17,4424.02,40.14,tp,5.069955156938037,0.48343298455285005,281.1666666666667,0.03352600538506365,0.00992225476263005,59.81247327824932,0.32165994032435175,0.8474994104038035,2.0,1.0,1.760660861799509,0.956400000000007,-0.0079752430355137,0.015486306421935627,59.58542680958636,0.2714203212618311,0.7610040450774769,-1.0,1.0,3.983073041423142,0.6169000000000118,0.024391780649112075,0.02058155763717098,60.37589023800443,0.26605008952362585,0.6289015735470582,1.0,1.0,3.291774712166788,-0.11909999999999865,0.018168446726494706,0.02636390800068196,57.647558646134016,0.5096908965762856,0.9411067772149333,2.0,1.0,2.2853922205609525,-1.8815000000000452,0.7877410816117323,-0.065200137045091,61.69507318144518,0.9254444454095392,5.468392773998373,2.0,1.0,1.0184570886348354,-194.65979999999988,2025-12
fvg,2025-12-10 20:00:00,2025-12-22 13:10:00,bull,4.922884169642298,4223.31,4183.17,4424.02,40.14,tp,5.069955156938037,0.48343298455285005,281.1666666666667,0.03352600538506365,0.00992225476263005,59.81247327824932,0.32165994032435175,0.8474994104038035,2.0,1.0,1.760660861799509,0.956400000000007,-0.0079752430355137,0.015486306421935627,59.58542680958636,0.2714203212618311,0.7610040450774769,-1.0,1.0,3.983073041423142,0.6169000000000118,0.024391780649112075,0.02058155763717098,60.37589023800443,0.26605008952362585,0.6289015735470582,1.0,1.0,3.291774712166788,-0.11909999999999865,0.018168446726494706,0.02636390800068196,57.647558646134016,0.5096908965762856,0.9411067772149333,2.0,1.0,2.2853922205609525,-1.8815000000000452,0.7877410816117323,-0.065200137045091,61.69507318144518,0.9254444454095392,5.468392773998373,2.0,1.0,1.0184570886348354,-194.65979999999988,2025-12
fvg,2025-12-26 02:30:00,2025-12-29 11:40:00,bull,-1.0589288912770911,4497.06,4443.23,4766.19,53.83,sl,0.9781720230336602,1.1745309307056087,81.16666666666667,0.0009569495405504396,-0.035024940136276425,46.07710558983437,0.1442735714293617,0.6243478671944626,-1.0,1.0,2.0115289596486416,-0.023099999999993404,0.10900547554499915,0.07356898977263902,67.30418216643426,0.12725000210137893,0.9200897180464311,2.0,1.0,inf,-0.6197999999999881,0.15163674141269173,0.0014678137746251155,58.907358414880655,0.24460247417243292,1.157644305785927,2.0,1.0,inf,0.8387000000000017,0.542575585190989,-0.1006381197505961,67.1504908113208,0.4246429075981549,1.4419252754703966,2.0,1.0,0.26028718388341193,30.068599999999954,1.7467297236341452,0.34547967363392534,82.4947341744124,1.1131137847209898,8.993396347630048,2.0,1.0,0.03320203486054188,338.0826000000002,2025-12
threevol,2026-01-02 02:55:00,2026-01-02 07:55:00,bull,1.681294678316124,4362.28,4362.28,4381.82,9.77,tp,2.1376663254643247,0.0,5.0,0.05707000805501973,0.012362702961614801,68.14244501913251,0.09033068101801923,0.2943082360823242,2.0,1.0,1.5423956931359355,0.29250000000000653,0.10045466753415562,0.09798712719892838,70.67314025919175,0.09541366760208514,1.0577136503695355,1.0,0.0,4.604333217471904,0.27150000000001295,0.16753743249862282,0.0031679781663209914,73.27511975236746,0.17508122134311815,1.2084865853447602,2.0,1.0,inf,1.8709000000000016,-0.7433710830034715,0.1202666796529895,43.81250371557015,0.586512701729461,1.9556279169913746,-2.0,1.0,0.2408102339466819,3.5277999999999503,0.9177491506188552,-0.4918445538737972,49.611141588874546,1.4379521883538287,8.087066596280755,2.0,1.0,0.018918442028707544,38.01170000000013,2026-01
threevol,2026-01-05 05:55:00,2026-01-05 08:15:00,bull,1.629369263815661,4411.89,4411.89,4428.87,8.49,tp,2.123085983484962,0.0,2.3333333333333335,0.027719510213842623,-0.0025533431801703105,56.29182712854891,0.0888106141877013,0.23944724630255115,2.0,1.0,1.0683053651619001,0.6218000000000065,0.40421686063311024,0.18197886893786364,90.69277468152902,0.2389897445604205,2.8525191436084874,2.0,1.0,inf,12.381100000000012,0.2491077450005665,-0.048864472397868224,58.30786332509044,0.17377257660897,0.45548943888188187,2.0,1.0,1.9202908684100124,1.7429000000000017,-0.03533591870638452,0.19582157867388555,67.36364496570577,0.18102233296062759,2.2439776912625558,1.0,1.0,4.2146154880545055,18.37559999999995,0.5297122126780294,-0.48024348711721654,53.18068114902082,1.5433169810969376,7.598029968411312,2.0,1.0,0.05701231155014685,-51.104199999999864,2026-01
threevol,2026-01-11 23:25:00,2026-01-12 00:10:00,bull,1.6144682486309925,4537.15,4537.15,4553.93,8.39,tp,2.00536352798572,0.503575685333623,0.75,0.1193494661201596,0.06335686607662365,100.0,0.06070155344688477,0.824439407041447,2.0,1.0,inf,1.047000000000006,0.013908773354775385,-0.006347526164077731,64.20921691456381,0.0,2.3871334823455727e-05,2.0,1.0,0.0,0.0,0.03671743145230818,0.02937388308887386,99.99996006705142,0.034012366499095774,0.4134937743424454,2.0,1.0,inf,0.6586000000000017,0.3901662260346409,-0.0468730065510836,65.66790236210943,0.16504871748201136,1.8895626178078364,2.0,1.0,0.0,16.20869999999995,0.9982788798669016,0.10416164027085739,65.07564247942038,1.546739460518859,7.102810853688172,2.0,1.0,0.0,55.069300000000126,2026-01
threevol,2026-01-12 00:10:00,2026-01-12 00:30:00,bull,1.7131511770823484,4552.95,4552.95,4575.66,11.36,tp,2.17561619716396,0.0,0.3333333333333333,0.1995606941259971,0.034990708802869,86.35828512898365,0.14082202989761605,1.268870570480064,2.0,1.0,inf,1.3358000000000059,0.06698903183888662,0.037496269420750586,97.20252066495877,0.05620066216715124,0.6115460815913704,2.0,1.0,inf,1.9448000000000134,0.14417612406932254,0.08265434910131672,92.27994898534469,0.07513298489551945,1.0466807571248666,2.0,1.0,inf,1.4091000000000018,0.42179318550641015,-0.009821732743502532,75.55583342785293,0.12839617124335434,1.874860053224638,2.0,1.0,0.35550355997111815,2.890399999999949,1.0824173710311968,0.1554992164050484,67.77623528358274,1.5504664481889534,7.368246018197054,2.0,1.0,0.043816456630201776,12.451600000000127,2026-01
fvg,2026-01-02 05:55:00,2026-01-21 00:30:00,bull,4.958906589427951,4380.03,4299.86,4780.9,80.17,tp,5.034115005606793,0.878283647248491,450.5833333333333,0.07669222856264951,-0.003578634732278502,70.38674626609745,0.06308623132770655,0.26202564951320834,2.0,1.0,0.5605799102519847,0.4984000000000065,0.25127459296992355,0.14692029857037675,78.92147517432983,0.158387935349577,1.8795292374666237,1.0,0.0,3.8472946356158038,2.4260000000000126,0.2570932950758479,0.0061861783986903104,81.37131504185288,0.1348615697790788,1.1881719439418625,2.0,1.0,1.1559902200488998,3.0123000000000015,-0.609228017984011,0.19927264920348498,51.756732548858146,0.5670024552597921,2.101176081672498,-2.0,1.0,2.0080632786016213,-0.046200000000049535,0.9177491506188552,-0.4918445538737972,49.611141588874546,1.4379521883538287,8.087066596280755,2.0,1.0,0.018918442028707544,38.01170000000013,2026-01
threevol,2026-01-23 19:50:00,2026-01-23 20:05:00,bull,-1.2751440788250605,4988.16,4975.31,5013.86,12.85,sl,0.0,1.3832684824794794,0.25,0.02411379594284108,0.016590310883454387,58.65278991957121,0.1169972921779895,0.4920915574056113,2.0,1.0,0.8421333333333334,-0.6955999999999943,0.40191264412896843,-0.013585855126284439,63.54092981953724,0.4727751270148889,1.4135975523173558,2.0,1.0,1.3948840194370586,6.036500000000015,0.16409724255632693,-0.022855396849214074,58.98421898608503,0.22167328378960477,1.0621560547763131,2.0,1.0,0.7145965189873417,1.7597000000000007,1.402421283851172,0.1322502708357982,74.1627648302125,0.9873087905342056,6.17827240101681,2.0,1.0,1.6601076713712266,54.24779999999995,2.2256994158151255,0.5958468598830262,86.63529100783111,1.4379976817524633,12.800141958619454,2.0,1.0,0.8850445010398961,255.8449000000001,2026-01
threevol,2026-01-26 01:30:00,2026-01-26 04:45:00,bull,-1.184069296676396,5083.27,5063.72,5122.37,19.55,sl,0.48670076726090783,1.2902813299166924,3.25,0.25514406600078066,0.025732703999624212,80.90124595941155,0.15106859525224248,0.8641021738347401,2.0,1.0,2.0816018133736307,1.9679000000000058,0.17561947549956775,0.10578858637492669,98.16780047239453,0.10983136663118556,1.3983828674413592,2.0,1.0,inf,4.207000000000015,0.38837152436698674,0.12658377763313192,88.58492469081469,0.26249535639713434,2.5195280093028014,2.0,1.0,inf,3.0471000000000004,0.996017959272973,-0.11577474476858511,83.63755483606141,0.15145383806701293,2.1712904716940833,2.0,1.0,0.5377609414040461,14.354899999999947,2.931225961361632,0.7709652497065377,88.56967034588958,1.480208862940321,15.810345261091928,2.0,1.0,0.05118566310443501,234.18770000000012,2026-01
threevol,2026-01-26 06:40:00,2026-01-26 07:00:00,bull,-1.2199142448785136,5091.64,5075.24,5124.45,16.4,sl,0.0,1.1015243902372172,0.3333333333333333,0.04615935724661334,0.03520348713197699,63.455296193616746,0.15799912360080526,0.6061017152608383,2.0,1.0,0.7350340995200807,0.08750000000000564,0.48016483744010635,0.17520595023969868,87.62083920593476,0.3125765868945305,3.2524686991698553,2.0,1.0,inf,9.610800000000015,0.18103416185855498,-0.06580072697763553,59.99905961540037,0.23960378676445201,0.6427444898383108,2.0,1.0,1.505038092897518,-0.8734999999999993,1.0614867564618582,-0.03373938470681797,86.67042651672728,0.19587780448802472,2.547803224315011,2.0,1.0,2.5247612678295384,16.90749999999995,2.931225961361632,0.7709652497065377,88.56967034588958,1.480208862940321,15.810345261091928,2.0,1.0,0.05118566310443501,234.18770000000012,2026-01
fvg,2026-01-23 19:00:00,2026-01-28 21:45:00,bull,4.9558443051802445,4975.9,4891.1,5399.9,84.8,tp,5.021757075465779,0.065035377358407,122.75,-0.03747889192501166,-0.044889877213133283,44.19553534389397,0.15687066953835702,0.6430984913987858,-1.0,1.0,0.7040543821315852,-1.2033999999999943,0.40191264412896843,-0.013585855126284439,63.54092981953724,0.4727751270148889,1.4135975523173558,2.0,1.0,1.3948840194370586,6.036500000000015,0.17722628387439585,-0.030179146563610572,52.97344819707613,0.2565222550221619,1.298778613829193,2.0,1.0,1.0943433544303798,1.4896000000000007,1.402421283851172,0.1322502708357982,74.1627648302125,0.9873087905342056,6.17827240101681,2.0,1.0,1.6601076713712266,54.24779999999995,2.2256994158151255,0.5958468598830262,86.63529100783111,1.4379976817524633,12.800141958619454,2.0,1.0,0.8850445010398961,255.8449000000001,2026-01
threevol,2026-01-28 23:15:00,2026-01-28 23:35:00,bull,1.9148258898427701,5491.59,5445.32,5584.13,46.27,tp,2.273935595413286,0.24756861897504148,0.3333333333333333,0.36878773561678635,0.05036101157334627,92.2272132800982,0.11832096775729814,1.4721211156949787,2.0,1.0,0.8185215272136476,1.6804000000000063,1.0378123183321095,0.15624663941875286,80.2996830401032,0.6964535536030062,3.7868820372888106,2.0,1.0,0.0,12.202200000000014,0.709096593192273,0.14422184552427025,84.29734937579197,0.3609139848852166,4.280436958552579,2.0,1.0,1.2262708052181737,8.4334,1.6410263546295398,0.3299189672082765,82.551762731217,1.166716095604823,8.027092290749845,2.0,1.0,1.9806976825556033,103.05959999999995,3.276470393315905,0.7940811302508618,91.12326480617857,1.6338443507788594,18.16454200474728,2.0,1.0,1.2906459923848963,346.3870000000001,2026-01
threevol,2026-01-29 03:50:00,2026-01-29 05:20:00,bull,-0.20321817321344057,5543.64,5543.64,5582.32,19.34,be,1.0700620475642557,1.4557911065075015,1.5,0.09160919017107215,-0.020792897183702544,55.4566790157732,0.2893042451263593,0.5440436696432367,2.0,1.0,0.6387485742219325,1.200900000000006,1.5575316417708414,0.35976354206148653,84.65235313463812,1.0672249096782096,7.57761704840373,2.0,1.0,1.3931299827972103,12.156900000000014,0.675397154354061,-0.09945701113980804,63.7458921445288,0.6053374105740092,2.1927542188698563,2.0,1.0,0.7510441071610473,7.524600000000001,1.9258530572663253,0.5274079141676402,88.73726372781582,1.4290418090496295,10.103021542138254,2.0,1.0,1.4217468888862967,115.24979999999995,3.7351583805717556,1.12483748903471,94.5181167864333,2.0431747079915583,22.35286084160438,2.0,1.0,1.6420394957992104,367.4685000000001,2026-01
threevol,2026-02-04 00:10:00,2026-02-04 01:10:00,bull,1.889226100151745,4986.27,4986.27,5050.58,32.15,tp,2.0698289268986962,0.5748678071522051,1.0,0.0663768191649279,0.059567542074074206,65.46758401458371,0.36252104374986754,0.8911359401267862,2.0,1.0,1.2822185970636215,1.1223000000000067,0.8464866871850876,-0.051741820683745963,62.89305283366234,0.9552466383900386,3.0755037608675364,2.0,1.0,0.4546238061961333,19.44550000000002,0.06350284452783311,-0.013098442138684477,54.05798105656267,0.3768367475859569,0.9098529401310294,2.0,1.0,0.5219692375544407,1.4785000000000013,-0.5661361018078708,0.7388854314915745,53.89115023232107,2.9323302950997228,9.565423723566969,-2.0,1.0,0.6790988560517143,5.067099999999947,2.071136568938107,-0.7914122121839111,54.545100985812006,4.91560400685859,20.884522878810163,2.0,1.0,1.697172179673193,263.98860000000013,2026-02
threevol,2026-02-04 03:35:00,2026-02-04 08:35:00,bull,-0.17164665363492507,5069.65,5069.65,5111.59,20.97,be,1.0369575584118793,0.901525989504511,5.0,0.16231686443152496,-0.04096411051610569,62.2980529139081,0.25669566788047593,0.6030528350013784,2.0,1.0,0.8232215084463478,0.39910000000000656,1.0678388760263784,0.12457305334599267,72.04134306449788,1.0249701545020953,3.4030667335297324,2.0,1.0,0.541290770298404,14.19770000000002,0.589406808391617,0.051635623679161705,66.72385945671547,0.5316836427186578,3.9744650410790205,2.0,1.0,0.5332231404958678,1.593900000000001,-0.5661361018078708,0.7388854314915745,53.89115023232107,2.9323302950997228,9.565423723566969,-2.0,1.0,0.6790988560517143,5.067099999999947,2.071136568938107,-0.7914122121839111,54.545100985812006,4.91560400685859,20.884522878810163,2.0,1.0,1.697172179673193,263.98860000000013,2026-02
threevol,2026-02-06 18:35:00,2026-02-06 19:35:00,bull,-1.2266666666666668,4964.43,4948.91,4995.47,15.52,sl,0.24581185566849348,1.0260953608181427,1.0,0.0754213411829197,-0.018651996441948263,55.13459288162914,0.1766613783121446,0.3757497374817932,2.0,1.0,0.6160053799596502,1.0612000000000064,0.5034733082135018,0.3118741448112289,63.88473927651619,0.837899833689283,5.8617181989417375,2.0,1.0,0.5828747379454926,28.016400000000015,0.3599983628850444,-0.022485397716588418,62.53012968619415,0.3621539357812272,1.1834194012843433,2.0,1.0,1.1699307277858548,3.2424000000000017,-0.3214812478814705,0.03525269893837043,53.32638773510329,2.428685434198884,7.5251884901836,-2.0,1.0,1.1000433124697448,30.97589999999995,1.5529754350577458,-1.026117289681768,45.40832753565093,5.540019606398889,19.551601252014237,2.0,1.0,1.6251724437097017,354.4058000000001,2026-02
threevol,2026-02-11 05:35:00,2026-02-11 05:50:00,bull,-1.302463891248938,5061.68,5049.82,5085.4,11.86,sl,0.08220910623879789,1.2516863406302772,0.25,-7.984918867687047e-05,0.0013873238231669877,59.76453329357785,0.08088347973958797,0.33930591825876233,-1.0,1.0,1.4790457769181171,0.05820000000000661,0.0856248521391432,0.04206920654465701,53.92365965704016,0.42827685207716126,1.0597752479150502,2.0,1.0,0.3056613041876458,2.612600000000018,0.08940320967181317,-0.015572141375075382,55.470729451984944,0.18820082840934424,0.5894681016481408,2.0,1.0,0.4636640947425085,1.5863000000000018,0.544037879793464,-0.018274809877682593,59.51526796119196,1.0940635079865815,2.964317154300294,2.0,1.0,0.6880768947583317,3.606799999999943,1.4988465526241188,-0.2686675226861591,56.14844823688147,5.38817730570308,15.614987948863446,2.0,1.0,0.8191989078008911,332.0919000000001,2026-02
fvg,2026-02-11 12:50:00,2026-02-11 13:30:00,bull,-1.0870446453026568,5077.94,5036.77,5283.81,41.17,sl,0.28673791595753256,1.45603594850265,0.6666666666666666,-0.023591604621180276,-0.10565736494396653,36.58546862622867,0.2195998988512309,1.0034871483266379,-1.0,1.0,1.646507998439329,-0.6717999999999935,0.264158218842348,0.11747851828139946,71.5170149969813,0.4194695140433168,1.9105720242619548,2.0,1.0,1.0765472312703583,9.649200000000016,0.22004381375129745,0.0002387257619303196,46.33405284607177,0.3199821752181164,1.7901519501180716,2.0,1.0,2.0259993500162494,-0.12219999999999831,0.6177347496860514,0.05242964697565473,66.87632983745704,0.992492000032977,3.1446393388459155,2.0,1.0,0.8039776943790683,13.177999999999942,1.4988465526241188,-0.2686675226861591,56.14844823688147,5.38817730570308,15.614987948863446,2.0,1.0,0.8191989078008911,332.0919000000001,2026-02
threevol,2026-02-22 23:10:00,2026-02-23 16:15:00,bull,1.8838833094213296,5145.68,5145.68,5209.12,31.72,tp,2.236286254721812,0.7522698612838857,17.083333333333332,0.0560216339021203,0.042244581086093455,100.0,0.06498394739291392,0.5147550623553693,2.0,1.0,inf,0.6533000000000063,0.029873693201364928,-0.013585144240936016,74.2835483541389,0.0,2.2434812207595463e-05,2.0,1.0,0.0,0.0,1.7504108566789954e-07,-8.237226006359183e-08,75.42390575700014,0.0,2.9611337655288364e-05,2.0,1.0,0.0,0.0,0.6225497992653879,0.00779124401723382,69.08079247016737,0.20591758713822497,3.92508522049753,2.0,1.0,0.0,33.592299999999945,0.98767011987578,-0.046973582104446555,57.32384401914524,1.853897566985012,8.176797408389845,2.0,1.0,0.0,318.13940000000014,2026-02
fvg,2026-02-23 14:05:00,2026-02-24 13:55:00,bull,-1.1040039873733178,5149.72,5114.74,5324.63,34.98,sl,2.8546312178305917,1.1193539165205206,23.833333333333332,-0.022328926243803383,-0.019112077227234677,45.66964405183978,0.10749251680467421,0.4297409220023441,-1.0,1.0,1.7671394799054374,0.07870000000000638,0.21179652794369738,-0.016910751525625073,53.694378853452505,0.39661032993789846,1.8224285628718213,2.0,1.0,inf,-0.6044999999999814,0.024066585160810505,-0.009356386024306326,46.07553132895133,0.17876384364888406,0.4314851430676702,2.0,1.0,1.0565599601924034,-0.19259999999999916,0.7072375169463675,0.03930587990728353,68.96005153978703,0.28720542246678415,3.2331637241298865,2.0,1.0,1.417066423894394,39.77689999999994,1.137694857788954,0.09187282319132557,59.68176209763037,1.8195057830587194,7.82831549171782,2.0,1.0,0.04877940430347369,188.0612000000001,2026-02
fvg,2026-03-02 13:05:00,2026-03-02 14:25:00,bull,-1.0584611938626947,5396.89,5331.97,5721.48,64.92,sl,0.3039895255694589,1.3957948243971212,1.3333333333333333,0.028801068191622516,0.021328042220920343,58.88634329792036,0.13604088195996894,0.4234116153448565,2.0,1.0,2.3668384879725086,0.4121000000000064,0.5493966685128009,0.057170663349251076,68.36016783774245,0.6382737109763768,3.726264565793449,2.0,1.0,inf,0.20570000000001754,0.0882330935339962,-0.028840836809847004,57.998165644916966,0.236319288663765,0.5426837745632809,2.0,1.0,0.9061611374407581,0.2617000000000008,0.8955954949592686,0.1829117403892172,74.3003399758571,0.4249990416776716,4.5241570161594735,2.0,1.0,1.377721800501526,19.05939999999994,1.8574138874221129,0.40984614338555525,66.95122797968985,1.7129413593102278,10.344543856256061,2.0,1.0,0.07896168841437827,221.04080000000013,2026-03
fib,2026-03-02 13:10:00,2026-03-02 14:25:00,bull,-1.0735104462213052,5383.58,5331.97,5641.62,51.61,sl,0.6402828909113746,1.497868630107547,1.25,0.031355165649724924,0.01910142497365123,54.534399183581634,0.14672595859826013,0.43395397040601796,2.0,1.0,2.4432989690721647,0.047700000000006404,0.5493966685128009,0.057170663349251076,68.36016783774245,0.6382737109763768,3.726264565793449,2.0,1.0,inf,0.20570000000001754,0.0882330935339962,-0.028840836809847004,57.998165644916966,0.236319288663765,0.5426837745632809,2.0,1.0,0.9061611374407581,0.2617000000000008,0.8955954949592686,0.1829117403892172,74.3003399758571,0.4249990416776716,4.5241570161594735,2.0,1.0,1.377721800501526,19.05939999999994,1.8574138874221129,0.40984614338555525,66.95122797968985,1.7129413593102278,10.344543856256061,2.0,1.0,0.07896168841437827,221.04080000000013,2026-03
threevol,2026-03-05 02:55:00,2026-03-05 04:00:00,bull,-1.2561960195268496,5191.43,5177.08,5220.13,14.35,sl,0.22195121951061295,1.0358885017349264,1.0833333333333333,0.07298833218943475,-0.001661727641999167,63.230979432292706,0.1403009708991862,0.32294894025004883,2.0,1.0,1.7889908256880733,-0.10149999999999365,-0.10114452057526828,0.0915762888282147,53.44630170356966,0.5138387190814386,1.4185748986792444,-2.0,0.0,0.7941716044957088,-6.630399999999984,0.17710123148140738,0.026580953937864367,61.240710708494746,0.2144275341765215,1.2139716961721643,2.0,0.0,1.0013467315860354,1.102300000000001,-0.6032742475223366,-0.2514824667032871,43.10651389483003,1.7170488042168266,8.398345431678731,-1.0,1.0,0.7467686275205593,-33.65840000000006,1.5596230739362849,-0.0645074163553604,52.87619839435372,2.1649874464720464,10.43848529428018,2.0,1.0,1.3323180656808293,115.84900000000013,2026-03
harmonic,2026-03-06 15:00:00,2026-03-08 23:40:00,bull,-1.0376619063434074,5147.18,5051.5,5625.56,95.68,sl,0.5175376254175196,1.083946488293186,56.666666666666664,0.07736991517709318,0.02898302085690192,65.24406517259953,0.3200966224338327,1.1813566557701196,2.0,1.0,1.6228956228956228,1.5611000000000066,-0.14002530941150432,0.03643525229227272,56.47972389874984,0.5716613831494708,1.7555052594187877,-2.0,0.0,2.133008780318178,8.486500000000017,0.021199040962937503,0.07988090742018424,59.158964819607775,0.4816181082961577,1.1038984815384656,1.0,1.0,3.4788912579957354,0.18070000000000097,-0.7728577999929562,-0.0981962274700274,37.988241632246314,1.1336683026801833,4.377180961349024,-2.0,1.0,0.9931195394860092,-51.225800000000056,1.2949618046922482,-0.28355305203501396,48.900527357769306,2.3138549141398195,10.338647882880199,2.0,1.0,1.147947104144265,29.34450000000013,2026-03
fvg,2026-03-09 23:20:00,2026-03-13 14:55:00,bull,-1.0382590978550001,5145.61,5051.35,5616.92,94.26,sl,0.9840335242934617,1.167992785910063,87.58333333333333,0.0738175355175489,0.0351761242412266,65.23772329541197,0.1758769004435029,0.6593885462544585,2.0,1.0,1.0160843039378813,-0.10029999999999362,0.042807896657520314,0.1731287510447689,61.60128184882574,0.5183810149673287,1.7050336926112968,1.0,0.0,inf,10.566400000000018,0.18294143302281426,-0.002886329274154107,64.46063731345379,0.19032988857597644,0.8255867870126188,2.0,1.0,1.1108720982342926,0.282500000000001,-0.32945403515934196,-0.05030087481316146,49.1600281257821,0.6449668123225752,2.756808764425278,-2.0,1.0,1.7708324864016654,52.33679999999994,0.854301158706706,-0.45385380175790657,47.99709914428318,2.4102114497086604,9.635574359395491,2.0,1.0,0.15061395414862658,84.24400000000014,2026-03
fib,2026-03-10 00:00:00,2026-03-13 14:55:00,bull,-1.0438863300599637,5133.64,5051.49,5544.37,82.15,sl,1.2748021911122576,1.1944613511853992,86.91666666666667,0.03179446337650976,-0.014773320196485407,49.24844196006431,0.15929920579714688,0.6096207591043563,2.0,1.0,0.6426553672316384,-0.15219999999999362,0.0670066586675964,0.15812618816423618,56.356485299256505,0.49633196275606095,1.7710172011494223,1.0,0.0,3.086357947434293,10.677600000000016,0.15234508988717654,-0.022533425011592025,57.57748927499658,0.19436810180028247,0.45865325939776586,2.0,1.0,0.31209106390606794,-1.9108999999999992,-0.2855878171262654,-0.005090802778847764,48.89785810199984,0.6989999673396305,2.7586420936765146,-2.0,1.0,0.5925215256152789,34.56279999999994,0.7477188763160103,-0.43535761253466476,51.3003998540953,2.3989331873113784,8.016822452281845,2.0,1.0,1.237710739969813,177.00780000000015,2026-03
threevol,2026-03-17 01:55:00,2026-03-17 05:45:00,bull,-0.3619509412435824,5027.47,5027.47,5047.18,9.86,be,1.7124746450130803,0.7986815415741422,3.8333333333333335,0.07335440454988819,0.03896767333534302,74.61923676427514,0.11507483624041942,0.5571643339944593,2.0,1.0,2.1149751596877215,0.6001000000000059,-0.033801288095572674,0.023553902592041615,48.33153316353907,0.4325962672330666,1.0374514164175086,-2.0,0.0,1.6552627271239158,0.029100000000016113,0.03314907921971708,0.018828557323382154,62.13420222729821,0.16874543123776975,0.3537416106053237,2.0,1.0,0.8143934997098085,0.6615000000000012,-0.5086563797088839,0.08419849395163413,41.526890083018785,0.4724437611566057,0.7887138690161863,-2.0,0.0,0.4182545083361688,-2.930700000000061,-0.23564917881063724,-0.5892989615721103,44.665328324377654,2.32228408640263,8.386533971112435,-1.0,1.0,1.001897419209492,52.01650000000013,2026-03
threevol,2026-04-13 18:50:00,2026-04-13 19:05:00,bull,-1.4235687022900763,4738.89,4730.95,4754.77,7.94,sl,0.047229219142982,1.0761964735382068,0.25,0.014466761199166268,-0.010445979563984426,54.783115376462966,0.10982710835422763,0.57301367489755,2.0,1.0,0.6438472418670438,0.410300000000006,-0.04675260282958204,0.04345924415582136,51.635888228076894,0.4294415023818163,1.6647122394011786,-2.0,1.0,inf,9.245700000000012,0.07608543518571385,0.011249535760494613,54.61578802148353,0.23815886905699055,0.9476529688979539,2.0,1.0,0.8515769944341374,1.2889000000000017,-0.10817749238116292,-0.12134918094589328,45.59879350593052,0.43447074697174304,1.8634037766753178,-1.0,0.0,2.0433821271368613,-7.573900000000055,-0.8120302523411326,0.5891971276237584,45.98244506054387,2.7057303202924605,11.248432914744882,-2.0,1.0,0.21988551270999598,-92.29779999999988,2026-04
threevol,2026-04-14 13:20:00,2026-04-14 14:35:00,bull,1.7305197947923725,4791.09,4791.09,4816.45,12.68,tp,2.090536277586022,0.8923501577217093,1.25,0.02269438256997159,0.03739074105217784,62.52675624271336,0.14878636608398327,0.4451404517735397,1.0,1.0,2.072691552062868,0.428600000000006,0.23288521633498763,-0.003426672030461441,56.00866076628738,0.3842281625497076,1.3983833260769458,2.0,1.0,1.6359846317338347,-2.188999999999988,0.0010146293312035483,-0.01239110667800186,56.97518645170127,0.2230077227384686,0.5480851427615938,-1.0,1.0,1.7345747198990056,0.23520000000000146,0.13985288228260845,0.09606826287042608,58.64856237873854,0.6853664793591651,2.039495743939207,2.0,1.0,0.9100724287783679,23.897699999999944,-0.6474302592922384,0.5827239619515564,50.61538345345681,2.5186616660993795,11.196058690959502,-2.0,1.0,0.9340393780133025,1.6411000000001152,2026-04
threevol,2026-04-16 06:45:00,2026-04-16 08:00:00,bull,-1.2721217887725975,4828.23,4815.65,4853.39,12.58,sl,0.1991255961828455,1.227742448320901,1.25,-0.04273915135309106,-0.01447491587309839,49.43324410431641,0.10774924184328734,0.4899389221207552,-2.0,1.0,2.337427278603749,-0.06859999999999405,0.09531985434087997,0.04139377675064971,53.80290540514617,0.28789339491968535,1.165824165479718,2.0,1.0,0.9931595488999815,1.7480000000000113,0.04437315384956324,-0.03129821401561206,52.187223358613075,0.13602029510105004,0.4495721452674203,2.0,1.0,1.6256621542083578,0.13920000000000154,0.43763826037642695,0.04687071317534202,61.603121652549,0.7305390835300097,4.131647379801277,2.0,1.0,0.8998895511398124,27.160099999999943,-0.20266010928354397,0.6758449286855592,53.7107056567308,2.0354085835337425,11.19271303536597,1.0,1.0,0.8696478913337385,10.22000000000012,2026-04
fvg,2026-04-13 18:50:00,2026-04-21 19:40:00,bull,-1.071432656562768,4738.89,4692.08,4972.95,46.81,sl,3.2139500106746057,1.508545182650071,192.83333333333334,0.014466761199166268,-0.010445979563984426,54.783115376462966,0.10982710835422763,0.57301367489755,2.0,1.0,0.6438472418670438,0.410300000000006,-0.04675260282958204,0.04345924415582136,51.635888228076894,0.4294415023818163,1.6647122394011786,-2.0,1.0,inf,9.245700000000012,0.07608543518571385,0.011249535760494613,54.61578802148353,0.23815886905699055,0.9476529688979539,2.0,1.0,0.8515769944341374,1.2889000000000017,-0.10817749238116292,-0.12134918094589328,45.59879350593052,0.43447074697174304,1.8634037766753178,-1.0,0.0,2.0433821271368613,-7.573900000000055,-0.8120302523411326,0.5891971276237584,45.98244506054387,2.7057303202924605,11.248432914744882,-2.0,1.0,0.21988551270999598,-92.29779999999988,2026-04
harmonic,2026-04-07 17:00:00,2026-04-28 11:15:00,bull,-1.0485938653600912,4665.18,4597.64,5002.9,67.54,sl,3.3188480900158104,1.0311667160186158,498.25,0.07606028586295946,0.0008822050258120316,53.00631250876809,0.15966794025933678,0.494827576729887,2.0,1.0,0.5331953275173739,0.2069000000000057,-0.058480387200623506,0.0018376982580920157,50.419183097425794,0.6359613910790531,1.0275620146321565,-2.0,1.0,1.7611824192921042,-7.969099999999986,0.010049646398089952,0.04477446325292311,51.889712603569976,0.419815905905038,0.9184598583611567,1.0,0.0,0.9205995844464233,3.0139000000000022,0.05332357485130382,-0.08958255264646832,49.89944311342919,0.8166883459197425,1.5372026016073972,-1.0,0.0,3.1371828253433396,-37.83550000000006,-2.0269716369054365,0.4896882658473176,45.33121257397253,3.411134384558549,17.658994421312126,-2.0,1.0,1.0578308649374375,-230.8152999999999,2026-04
threevol,2026-04-30 06:55:00,2026-04-30 08:00:00,bull,1.7573245952197378,4589.04,4589.04,4615.97,13.46,tp,2.8696136701124098,0.3257800891505743,1.0833333333333333,0.1289018611762513,0.03777312967311231,74.7207943684429,0.10794543542900384,0.6835870017091586,2.0,1.0,0.9806451612903226,0.6337000000000059,-0.14084691346736106,0.07330294387082338,49.34293898484593,0.3748132837834419,1.1956229255939135,-2.0,0.0,1.0171124232951256,1.2652000000000094,0.04750214905449391,0.03292429467360919,63.44878997906019,0.17397482937957406,0.9233648914263183,2.0,0.0,1.246539889726567,0.8361000000000033,-0.8997918871844477,-0.10025053945290202,30.623715293910664,0.8196203409835077,5.432295724233453,-2.0,0.0,1.2945500052878347,-62.04160000000005,-0.7910303214532821,-0.38799651958596054,37.1726225853977,1.713136617128749,6.412727959180577,-2.0,1.0,1.492070932384225,-129.3657999999999,2026-04
threevol,2026-05-18 00:05:00,2026-05-18 00:40:00,bear,1.845913438772611,4523.78,4523.78,4482.17,20.81,tp,2.086737145593013,0.4625180201804257,0.5833333333333334,-0.04047162048683106,-0.024735083238089817,33.73124245360101,0.14319215704204222,0.45629482280098554,-2.0,0.0,7.3324137931034485,-1.098999999999994,-0.013239158535659313,0.011180005042721501,40.24515385927265,0.06910164554492673,0.14213408338055492,1.0,0.0,inf,-0.3349999999999911,0.005932217262010287,-0.009913913764600085,43.563310708733226,0.15809933790578776,0.30069069917469543,-1.0,0.0,inf,-0.8341999999999967,-0.7158893033468384,0.08029605090860256,24.101645555659132,0.12026583272363564,3.294789726394102,-2.0,0.0,0.6001759937091612,-61.04630000000005,-0.6786581326207176,-0.270550499874877,38.33799654743609,1.69565897133486,6.386751678670517,-2.0,0.0,0.084825663626657,-120.76869999999991,2026-05
threevol,2026-05-19 13:25:00,2026-05-20 10:20:00,bear,-0.10769087696456803,4492.14,4492.14,4432.81,29.66,be,1.3147336480063527,0.7338165879948397,20.916666666666668,-0.1312313278421232,-0.07427768973668719,23.702074749836115,0.1722979652676856,0.931269410986472,-2.0,0.0,1.9708322856424443,-1.602299999999994,-0.06474317555708262,-0.05948408785823221,44.54334720895533,0.3843642710961679,1.2128349711008863,-2.0,0.0,1.2147359118078007,-2.195699999999991,-0.07385098218351506,-0.01171666897293708,38.862871758208065,0.24426918569412226,0.4562398801024552,-2.0,0.0,1.9383226776983826,-2.562099999999996,-0.34430525293666314,0.12234731256946377,37.91613040855365,0.608174783520518,0.9765384595307791,-2.0,0.0,1.1166768322044236,18.23399999999995,-0.7009283620782389,-0.23745045883077037,43.17941227840263,1.6651333645450326,6.426668518613722,-2.0,1.0,1.6974182630796937,-4.899399999999915,2026-05
threevol,2026-05-26 04:30:00,2026-05-26 05:05:00,bear,-0.4388382051759449,4530.34,4530.34,4515.65,7.34,be,1.0361035422202811,0.017029972751811583,0.5833333333333334,-0.022849871366291824,-0.011998779160070017,35.11380791697944,0.0632283493728748,0.3495011777659509,-2.0,0.0,0.6559139784946237,0.22130000000000563,-0.007318828783773328,-0.12161186305569031,42.46097574543347,0.22912521388495088,1.0839381062592517,-1.0,1.0,2.350120348083688,-5.107199999999992,-0.1556833746659287,0.006800937292269985,32.764024379156226,0.14279961955823056,0.718963315595672,-2.0,0.0,1.459920755867114,-3.391899999999997,0.22372600629213826,0.08846060115895199,52.50670503006034,0.3592701091955304,2.464273313217779,1.0,0.0,1.1217795598020817,0.5761999999999494,-0.8863611686514833,-0.04106291178204744,45.37341157350971,1.5791511930937374,7.837723899665375,-2.0,1.0,0.5970238512640099,-80.18869999999991,2026-05
threevol,2026-06-03 04:35:00,2026-06-03 06:45:00,bear,1.5945769050958392,4471.71,4471.71,4456.1,7.8,tp,2.1391025640751913,0.2826923076886741,2.1666666666666665,-0.0031479396132786364,-0.027634527085013606,35.91554088630778,0.0636446778997872,0.2759475947140303,-1.0,0.0,0.7374052608114132,0.014800000000005711,-0.149153404063183,-0.035926333661659295,43.93228237323453,0.2840392035490858,1.6711350291234668,-2.0,0.0,0.7636045111135443,-4.7768999999999915,-0.01743924224501363,0.020783415091199593,44.74902677644511,0.17759360356058432,0.6013405169234992,1.0,0.0,0.679549114331723,1.7080000000000028,-0.1572007288424323,-0.08778243701838258,43.07647487524997,0.7264960055916756,2.207247318591647,-2.0,0.0,1.1132115736871122,-9.617000000000047,-0.8615729801761779,0.018614221871555883,40.5973989111103,1.5858487892684496,3.871655890206012,-2.0,0.0,0.9083432454495779,-257.2208999999999,2026-06
threevol,2026-06-03 15:10:00,2026-06-03 17:05:00,bear,-0.3385181776346065,4445.93,4445.93,4427.25,9.34,be,1.3260171306068111,0.24999999999732725,1.9166666666666667,-0.0008397472594333052,0.016917500814937658,47.22293680522405,0.15056749176138526,0.6277444252845112,1.0,0.0,1.5291479820627802,0.9634000000000059,-0.2622102948975441,-0.00660586600369459,42.329382847169306,0.42641093538729774,1.419383629527501,-2.0,0.0,1.7620644312952005,-3.8842999999999916,-0.06105152641959774,0.007177290820882606,51.02411226914187,0.28527933441232867,0.7751505716001714,-2.0,0.0,1.530766278623513,1.246000000000003,-0.26633880830650736,-0.13175418415020865,39.21027929818278,0.7310530296663598,2.504970750959272,-2.0,0.0,1.0352133691435392,-9.440600000000048,-0.8615729801761779,0.018614221871555883,40.5973989111103,1.5858487892684496,3.871655890206012,-2.0,0.0,0.9083432454495779,-257.2208999999999,2026-06
threevol,2026-06-05 01:40:00,2026-06-05 06:25:00,bear,-0.25498707055781306,4446.14,4446.14,4421.33,12.4,be,1.4358870967626371,0.7076612903168443,4.75,-0.06876564725439085,-0.014348308656897938,36.62389419099661,0.16030374185474514,0.41791384272806015,-2.0,0.0,1.8148148148148149,-0.35439999999999416,0.00047135938209227603,-0.06340000088435825,43.51271435052284,0.37022156713198756,1.242575475618276,-2.0,0.0,1.2406652984960334,-8.821599999999991,-0.11414013487985247,-0.02010156788197965,36.000205834621916,0.1984470987437269,0.6760652673740524,-2.0,0.0,2.018934911242604,-0.5395999999999974,-0.21785372853235724,0.030871392463458623,44.160738281050456,0.7359310270296265,2.289920806067768,-2.0,0.0,0.5198267364784823,10.695899999999952,-0.9280732377412526,-0.03192289932790175,39.72192878917862,1.5315105448752566,3.38512645106943,-2.0,0.0,1.0735618067210466,-133.6425999999999,2026-06
fvg,2026-06-01 11:55:00,2026-06-08 05:35:00,bear,4.931263729910973,4505.94,4551.21,4279.61,45.27,tp,5.25325822839572,0.7829688535436783,161.66666666666666,0.045734567276864584,0.0015075961345517395,53.597167055401414,0.1013393426658621,0.3052128034426781,2.0,0.0,1.342713567839196,-0.14019999999999433,-0.2148885573277407,-0.06988852826639937,30.31540900601796,0.31278611846955956,1.425597599888557,-2.0,0.0,inf,-2.3234999999999912,-0.04973243394246785,0.046045807027622884,50.60137959580852,0.15854314701102365,0.38419638065549283,-2.0,0.0,1.0976452119309263,-0.5558999999999974,0.12450590715644284,-0.0805984389453967,42.451733409015574,0.15366168319741916,1.2957025851169601,2.0,0.0,1.3332785808147176,15.408399999999952,-0.7874750087441689,0.0983586351688943,46.390879032710586,1.650839668302577,5.832821471623906,-2.0,1.0,0.06733182589781281,-287.13659999999993,2026-06
threevol,2026-06-09 19:15:00,2026-06-09 22:50:00,bear,1.7392833996852144,4255.44,4255.44,4232.23,11.61,tp,2.003014642532205,0.5602928509857089,3.5833333333333335,-0.015089233824184829,-0.0021444255468659307,41.241916831684726,0.12804137258015827,0.42093595792668137,-2.0,0.0,0.5677987421383649,-0.37739999999999396,-0.33304755070916364,-0.20122017815598164,32.89741934514444,0.5424107116718034,2.6921947412025826,-2.0,0.0,1.433682788300348,-0.9885999999999919,-0.3314568877685075,0.04297885705386791,35.564082331671614,0.3175253609508319,1.6232886611922046,-2.0,0.0,1.188252200467038,5.298700000000003,-0.5481449094497098,0.07058592962970356,33.40560185263489,0.7669314965286524,1.4854831949931913,-2.0,0.0,2.575123515645315,-14.65700000000005,-1.59934435206051,-0.3587573321289307,30.610038125313963,1.806691888924788,7.340906686272995,-2.0,0.0,1.2046378320258326,-242.8785999999999,2026-06
threevol,2026-06-18 12:35:00,2026-06-18 13:15:00,bear,-1.1693511693511693,4242.62,4260.5,4206.85,17.88,sl,0.1074944071582115,1.0701901565935796,0.6666666666666666,-0.05644497674633632,0.05122416181926394,44.928452370730426,0.15199585207644062,0.6005477886468693,-2.0,0.0,1.3141141141141142,-0.33069999999999367,-0.3625882103797871,-0.11978579450576303,33.29933283281079,0.47296806920794365,3.5051663780405993,-2.0,0.0,1.4185935066490953,-10.735499999999993,-0.30358465455157124,-0.011646483911238976,36.68592307386148,0.22539153183615424,1.4637671082047847,-2.0,0.0,1.4354419410745236,-4.890699999999998,0.1144497418655168,-0.27113050487293044,42.62412982395474,0.959813088046476,3.070745508348882,-1.0,0.0,1.3238714403442906,-14.614000000000054,-1.6794605925119739,0.22665484215725912,42.268541008111455,2.301729698662373,12.231186355319947,-2.0,0.0,0.9482741105742615,-207.5981999999999,2026-06
threevol,2026-06-23 01:40:00,2026-06-23 04:55:00,bear,1.8346224677716392,4154.61,4154.61,4119.05,17.78,tp,2.256186726646466,0.488470191223372,3.25,-0.1123066711964944,-0.05791474399353734,25.623679613493564,0.17023786238900016,0.7805869171909324,-2.0,0.0,7.098311817279047,-0.3626999999999936,0.09992293352824046,-0.040236007301444644,55.09083432653023,0.3419526734365608,0.6718593127949484,2.0,0.0,3.318753417167852,1.9938000000000076,-0.03391410046805494,-0.020046743063663486,39.23077389076312,0.16518636636325648,0.4409527725133681,-2.0,0.0,1.275595422208475,-0.33989999999999787,-0.1909879658152778,0.20840782643076353,50.42613613217403,0.4137611056100119,1.7060972283706426,-2.0,0.0,0.3141364406694678,15.367799999999944,-1.940939563231986,-0.0002192794803034063,39.35905450937099,2.3009433745020225,9.810678206051895,-2.0,0.0,0.986765997971682,-206.2426999999999,2026-06
fib,2026-06-18 13:30:00,2026-06-24 13:10:00,bear,4.951958545582294,4272.28,4332.46,3971.38,60.18,tp,5.07917912927039,0.0,143.66666666666666,0.01579825605267534,0.052784329792519825,61.813262453229015,0.17406641044746984,0.7231403532788216,1.0,0.0,1.0977218225419665,1.2607000000000064,-0.3992915705917555,-0.12540127969542533,35.117163079673375,0.4906114346201607,3.289740466809104,-2.0,0.0,1.490267169901037,-6.652999999999994,-0.23557756675085528,0.04445871564335639,47.28802406732082,0.2591308039939928,1.0379339078293737,-2.0,0.0,1.0516240051624004,-2.1345999999999976,0.1144497418655168,-0.27113050487293044,42.62412982395474,0.959813088046476,3.070745508348882,-1.0,0.0,1.3238714403442906,-14.614000000000054,-1.6794605925119739,0.22665484215725912,42.268541008111455,2.301729698662373,12.231186355319947,-2.0,0.0,0.9482741105742615,-207.5981999999999,2026-06
threevol,2026-06-30 00:40:00,2026-06-30 01:05:00,bear,1.7674292431503753,3991.86,3991.86,3967.43,12.22,tp,4.118821603894308,0.13870703764204895,0.4166666666666667,-0.09890600441412828,-0.0432885388786611,28.972470693805008,0.13057092264195347,0.7163343803076733,-2.0,0.0,6.71799628942486,-0.7341999999999934,-0.36750281655064226,-0.010085675886033206,26.858939592494963,0.34226474036220506,1.6330807264349247,-2.0,0.0,4.909525072963651,-5.213899999999992,-0.07376901787911341,-0.006078464294240506,36.51517678160007,0.12738987517596695,0.3210006165137733,-2.0,0.0,1.066878619280118,-1.3439999999999972,-0.32055924701986144,-0.16806941800901715,31.748352653633063,0.40554021588459205,2.5524454171810347,-2.0,0.0,0.32171659646682005,-32.682100000000055,-2.347959744003878,-0.06892752442311456,33.262223550124276,1.9910495555291043,9.815324814157318,-2.0,0.0,1.028272987495606,-96.5950999999999,2026-06
harmonic,2026-06-23 01:40:00,2026-07-12 23:55:00,bear,0.0,4154.61,4220.14,3826.96,65.53,open,3.2516709903811187,0.736990691285324,478.25,-0.1123066711964944,-0.05791474399353734,25.623679613493564,0.17023786238900016,0.7805869171909324,-2.0,0.0,7.098311817279047,-0.3626999999999936,0.09992293352824046,-0.040236007301444644,55.09083432653023,0.3419526734365608,0.6718593127949484,2.0,0.0,3.318753417167852,1.9938000000000076,-0.03391410046805494,-0.020046743063663486,39.23077389076312,0.16518636636325648,0.4409527725133681,-2.0,0.0,1.275595422208475,-0.33989999999999787,-0.1909879658152778,0.20840782643076353,50.42613613217403,0.4137611056100119,1.7060972283706426,-2.0,0.0,0.3141364406694678,15.367799999999944,-1.940939563231986,-0.0002192794803034063,39.35905450937099,2.3009433745020225,9.810678206051895,-2.0,0.0,0.986765997971682,-206.2426999999999,2026-07
fvg,2026-06-18 13:05:00,2026-07-12 23:55:00,bear,0.0,4251.91,4332.46,3849.16,80.55,open,3.8532836747314057,0.30546244568553604,586.8333333333334,-0.07595271951679335,0.010416244584967737,44.17071230132198,0.17433208779175863,0.6063472226308328,-2.0,0.0,1.093364650616559,0.9059000000000063,-0.3992915705917555,-0.12540127969542533,35.117163079673375,0.4906114346201607,3.289740466809104,-2.0,0.0,1.490267169901037,-6.652999999999994,-0.30347614174295007,-0.006058114980996193,34.08628394505213,0.2374260540405821,1.297574340963893,-2.0,0.0,1.1858752166377815,-4.135899999999998,0.1144497418655168,-0.27113050487293044,42.62412982395474,0.959813088046476,3.070745508348882,-1.0,0.0,1.3238714403442906,-14.614000000000054,-1.6794605925119739,0.22665484215725912,42.268541008111455,2.301729698662373,12.231186355319947,-2.0,0.0,0.9482741105742615,-207.5981999999999,2026-07
