s,entry,exit,r,px,sl,dir,conf,reason
fvg,2022-02-07 02:55:00,2022-02-08 19:05:00,4.6608,1809.22,1805.34,bull,EMA,tp
fvg,2022-02-07 02:00:00,2022-02-09 13:00:00,4.6893,1809.58,1805.34,bull,EMA,tp
fvg,2022-02-07 02:30:00,2022-02-09 16:40:00,4.7120999999999995,1809.92,1805.34,bull,EMA,tp
fvg,2022-02-07 02:15:00,2022-02-09 17:00:00,4.7269,1810.17,1805.34,bull,EMA,tp
fvg,2022-02-07 02:50:00,2022-02-09 17:25:00,4.7323,1810.27,1805.34,bull,EMA,tp
fvg,2022-02-07 01:35:00,2022-02-20 23:00:00,4.9282,1810.03,1790.87,bull,EMA,tp
fvg,2022-02-07 01:40:00,2022-02-20 23:00:00,4.9265,1809.55,1790.87,bull,EMA,tp
fvg,2022-02-22 03:00:00,2022-02-23 09:30:00,-1.0723496776128356,1909.4,1890.36,bull,EMA,sl
fvg,2022-02-22 02:40:00,2022-02-23 09:30:00,-1.0781976308292098,1907.94,1890.33,bull,EMA,sl
fvg,2022-02-22 02:30:00,2022-02-23 09:30:00,-1.079847053531264,1907.57,1890.33,bull,EMA,sl
fvg,2022-02-22 02:25:00,2022-02-23 09:30:00,-1.0760233918128657,1908.44,1890.33,bull,EMA,sl
fvg,2022-02-22 02:05:00,2022-02-23 09:30:00,-1.0829209776578197,1906.93,1890.33,bull,EMA,sl
fvg,2022-02-22 02:00:00,2022-02-23 09:30:00,-1.0748987854251013,1908.72,1890.33,bull,EMA,sl
fvg,2022-02-22 01:25:00,2022-02-23 09:30:00,-1.084570400359874,1906.66,1890.39,bull,EMA,sl
fvg,2022-02-22 01:50:00,2022-02-23 09:30:00,-1.0770730244414455,1908.25,1890.39,bull,EMA,sl
fvg,2022-02-22 01:45:00,2022-02-23 09:30:00,-1.0743739691108114,1908.9,1890.39,bull,EMA,sl
fvg,2022-02-22 03:05:00,2022-02-23 09:30:00,-1.0750487329434697,1908.71,1890.36,bull,EMA,sl
fvg,2022-02-22 01:20:00,2022-02-23 09:30:00,-1.0874943769680614,1906.12,1890.39,bull,EMA,sl
fvg,2022-02-22 01:10:00,2022-02-23 09:30:00,-1.0892187734292997,1905.82,1890.39,bull,EMA,sl
fvg,2022-02-22 01:05:00,2022-02-23 09:30:00,-1.0897435897435896,1905.72,1890.39,bull,EMA,sl
fvg,2022-02-22 01:55:00,2022-02-23 09:30:00,-1.0738491527965213,1909.04,1890.39,bull,EMA,sl
fib,2022-02-22 01:05:00,2022-02-23 09:30:00,-1.0898,1905.72,1890.39,bull,FIB618,sl
harmonic,2022-03-04 02:30:00,2022-03-08 06:55:00,4.913,1936.75,1920.36,bull,EMA+PRZ,tp
fvg,2022-03-04 15:00:00,2022-03-08 14:35:00,4.904778729794188,1946.38,1931.15,bull,EMA,tp
fib,2022-03-04 15:00:00,2022-03-08 14:35:00,4.904761904761905,1946.38,1931.15,bull,FIB618,tp
harmonic,2022-03-04 02:20:00,2022-03-08 14:35:00,4.9149,1937.15,1920.36,bull,EMA+PRZ,tp
harmonic,2022-03-04 02:25:00,2022-03-08 14:35:00,4.9196,1938.17,1920.36,bull,EMA+PRZ,tp
harmonic,2022-03-04 03:30:00,2022-03-08 14:40:00,4.9220999999999995,1938.91,1920.39,bull,EMA+PRZ,tp
harmonic,2022-03-04 02:55:00,2022-03-08 14:40:00,4.9225,1938.86,1920.36,bull,EMA+PRZ,tp
harmonic,2022-03-04 03:50:00,2022-03-08 14:45:00,4.9242,1939.46,1920.39,bull,EMA+PRZ,tp
harmonic,2022-03-04 03:40:00,2022-03-08 14:45:00,4.9244,1939.52,1920.39,bull,EMA+PRZ,tp
harmonic,2022-03-04 03:35:00,2022-03-08 14:45:00,4.9248,1939.62,1920.39,bull,EMA+PRZ,tp
harmonic,2022-03-04 03:25:00,2022-03-08 14:45:00,4.923500000000001,1939.28,1920.39,bull,EMA+PRZ,tp
harmonic,2022-03-04 03:15:00,2022-03-08 14:45:00,4.9266000000000005,1940.1,1920.39,bull,EMA+PRZ,tp
fvg,2022-03-04 14:40:00,2022-03-08 15:05:00,4.9323381326737925,1952.85,1931.41,bull,EMA,tp
harmonic,2022-03-04 03:20:00,2022-03-08 15:05:00,4.9292,1940.86,1920.39,bull,EMA+PRZ,tp
fvg,2022-03-04 14:55:00,2022-03-08 15:05:00,4.927921561699496,1951.47,1931.41,bull,EMA,tp
fvg,2022-03-04 14:35:00,2022-03-15 05:15:00,-1.051585548979772,1958.7,1931.41,bull,EMA,sl
harmonic,2022-03-21 07:30:00,2022-03-22 14:00:00,-1.1660179057999223,1924.79,1916.4,bull,EMA+PRZ,sl
harmonic,2022-03-21 07:55:00,2022-03-22 14:00:00,-1.1694563383936682,1924.62,1916.4,bull,EMA+PRZ,sl
harmonic,2022-03-21 07:50:00,2022-03-22 14:00:00,-1.1674451797067602,1924.72,1916.4,bull,EMA+PRZ,sl
harmonic,2022-03-21 07:45:00,2022-03-22 14:00:00,-1.1601141819125471,1925.1,1916.4,bull,EMA+PRZ,sl
harmonic,2022-03-21 07:40:00,2022-03-22 14:00:00,-1.1670559231867135,1924.74,1916.4,bull,EMA+PRZ,sl
fvg,2022-03-24 13:30:00,2022-03-28 05:50:00,-1.066956656827715,1956.13,1935.1,bull,EMA,sl
fvg,2022-03-24 13:25:00,2022-03-28 05:50:00,-1.0771322044430633,1953.35,1935.1,bull,EMA,sl
fvg,2022-03-24 13:05:00,2022-03-28 05:50:00,-1.111309616280876,1947.74,1935.1,bull,EMA,sl
fvg,2022-03-24 13:00:00,2022-03-28 05:50:00,-1.119154885816374,1946.91,1935.1,bull,EMA,sl
fvg,2022-03-24 12:55:00,2022-03-28 05:50:00,-1.1045518098493086,1948.89,1935.43,bull,EMA,sl
fvg,2022-03-24 12:35:00,2022-03-28 05:50:00,-1.1295634612397079,1946.29,1935.43,bull,EMA,sl
fvg,2022-03-24 12:45:00,2022-03-28 05:50:00,-1.130184868727668,1946.24,1935.43,bull,EMA,sl
fvg,2022-03-24 13:35:00,2022-03-28 05:50:00,-1.0687432033556004,1955.59,1935.1,bull,EMA,sl
fvg,2022-03-24 12:30:00,2022-03-28 05:50:00,-1.1448656206307284,1945.14,1935.43,bull,EMA,sl
fvg,2022-03-24 13:45:00,2022-03-28 05:50:00,-1.0886282429703278,1950.99,1935.1,bull,EMA,sl
fvg,2022-03-24 12:50:00,2022-03-28 05:50:00,-1.1270778312878669,1946.5,1935.43,bull,EMA,sl
fvg,2022-03-24 13:40:00,2022-03-28 05:50:00,-1.0792294547149293,1952.88,1935.1,bull,EMA,sl
fvg,2022-03-24 13:50:00,2022-03-28 05:50:00,-1.0852881777225414,1951.61,1935.1,bull,EMA,sl
fvg,2022-03-24 13:55:00,2022-03-28 05:50:00,-1.078452695354979,1953.05,1935.1,bull,EMA,sl
fvg,2022-03-24 14:15:00,2022-03-28 05:50:00,-1.0603542022681371,1958.33,1934.98,bull,EMA,sl
harmonic,2022-04-08 18:05:00,2022-04-22 15:10:00,-1.087696335078534,1942.77,1926.78,bull,EMA+PRZ,sl
harmonic,2022-04-08 18:35:00,2022-04-22 15:10:00,-1.0917608156516947,1942.06,1926.78,bull,EMA+PRZ,sl
harmonic,2022-04-08 18:55:00,2022-04-22 15:10:00,-1.0832874069991734,1943.62,1926.78,bull,EMA+PRZ,sl
harmonic,2022-04-08 18:30:00,2022-04-22 15:10:00,-1.0886607880958943,1942.59,1926.78,bull,EMA+PRZ,sl
harmonic,2022-04-08 17:30:00,2022-04-22 15:10:00,-1.100165334802976,1940.72,1926.73,bull,EMA+PRZ,sl
harmonic,2022-04-08 17:20:00,2022-04-22 15:10:00,-1.0967897492422156,1941.21,1926.73,bull,EMA+PRZ,sl
harmonic,2022-05-04 07:00:00,2022-05-05 12:45:00,4.827349797272392,1867.51,1859.65,bull,EMA+PRZ,tp
harmonic,2022-05-04 07:30:00,2022-05-09 10:20:00,-1.1258385551050496,1870.41,1859.65,bull,EMA+PRZ,sl
harmonic,2022-05-04 07:35:00,2022-05-09 10:20:00,-1.1262808698857354,1870.37,1859.65,bull,EMA+PRZ,sl
harmonic,2022-05-04 07:40:00,2022-05-09 10:20:00,-1.1240692959823073,1870.56,1859.65,bull,EMA+PRZ,sl
harmonic,2022-05-04 07:55:00,2022-05-09 10:20:00,-1.125912274235164,1870.4,1859.65,bull,EMA+PRZ,sl
harmonic,2022-05-19 05:55:00,2022-05-19 08:45:00,-1.2676904989345286,1814.02,1818.96,bear,EMA+PRZ,sl
harmonic,2022-05-19 06:00:00,2022-05-19 08:45:00,-1.227202586523624,1813.48,1819.3,bear,EMA+PRZ,sl
harmonic,2022-05-18 01:50:00,2022-05-19 12:35:00,-1.0507752222793738,1811.62,1837.84,bear,EMA+PRZ,sl
harmonic,2022-05-18 01:45:00,2022-05-19 12:35:00,-1.0525387611139687,1812.49,1837.84,bear,EMA+PRZ,sl
harmonic,2022-05-18 01:40:00,2022-05-19 12:35:00,-1.0533470497464912,1812.87,1837.84,bear,EMA+PRZ,sl
harmonic,2022-05-18 01:20:00,2022-05-19 12:35:00,-1.0572415313395547,1814.57,1837.84,bear,EMA+PRZ,sl
harmonic,2022-05-18 02:10:00,2022-05-19 12:35:00,-1.0498934528620765,1811.26,1837.93,bear,EMA+PRZ,sl
harmonic,2022-05-31 01:00:00,2022-06-02 12:15:00,-1.1280866656045883,1847.87,1858.4,bear,EMA+PRZ,sl
harmonic,2022-05-31 01:05:00,2022-06-02 12:15:00,-1.1339812012107695,1848.33,1858.4,bear,EMA+PRZ,sl
harmonic,2022-05-31 01:10:00,2022-06-02 12:15:00,-1.123705591843237,1847.5,1858.4,bear,EMA+PRZ,sl
harmonic,2022-05-31 01:15:00,2022-06-02 12:15:00,-1.127608730285168,1847.83,1858.4,bear,EMA+PRZ,sl
harmonic,2022-05-31 00:35:00,2022-06-02 13:25:00,-1.0978174287079814,1848.73,1862.54,bear,EMA+PRZ,sl
harmonic,2022-05-31 00:55:00,2022-06-02 13:25:00,-1.0849131750836385,1846.63,1862.54,bear,EMA+PRZ,sl
harmonic,2022-06-09 19:25:00,2022-06-10 14:45:00,-1.2019124050200631,1847.78,1854.45,bear,EMA+PRZ,sl
harmonic,2022-06-09 19:55:00,2022-06-10 14:45:00,-1.188593870058909,1847.31,1854.45,bear,EMA+PRZ,sl
harmonic,2022-06-09 19:30:00,2022-06-10 14:45:00,-1.2009732775548536,1847.75,1854.45,bear,EMA+PRZ,sl
harmonic,2022-06-30 14:40:00,2022-07-06 13:50:00,4.871059156925257,1810.23,1820.4,bear,EMA+PRZ,tp
harmonic,2022-06-30 14:35:00,2022-07-06 14:10:00,4.883811547998583,1809.14,1820.4,bear,EMA+PRZ,tp
fvg,2022-06-23 22:50:00,2022-07-14 13:30:00,4.947177531851577,1824.06,1848.24,bear,EMA,tp
fvg,2022-06-23 22:40:00,2022-07-14 13:35:00,4.947921510276202,1823.77,1848.24,bear,EMA,tp
fvg,2022-06-23 22:30:00,2022-07-14 13:40:00,4.948200502185437,1823.62,1848.24,bear,EMA,tp
fvg,2022-06-23 22:25:00,2022-07-14 13:45:00,4.94903747791314,1823.25,1848.24,bear,EMA,tp
fvg,2022-07-20 08:30:00,2022-07-21 15:00:00,-1.1779226828132279,1707.81,1714.83,bear,EMA,sl
fvg,2022-07-20 08:40:00,2022-07-21 15:00:00,-1.1703927961496663,1707.5,1714.83,bear,EMA,sl
fvg,2022-07-20 08:50:00,2022-07-21 15:00:00,-1.1907312529110385,1708.28,1714.83,bear,EMA,sl
fvg,2022-07-21 00:00:00,2022-07-21 15:00:00,-1.0572116131035554,1694.28,1716.08,bear,EMA,sl
fvg,2022-07-06 18:45:00,2022-08-01 09:40:00,-1.0418487863851948,1739.81,1770.47,bear,EMA,sl
fvg,2022-07-06 18:55:00,2022-08-01 09:40:00,-1.0409188133544127,1739.11,1770.47,bear,EMA,sl
fvg,2022-07-06 18:30:00,2022-08-01 09:40:00,-1.039244861899005,1737.8,1770.47,bear,EMA,sl
fvg,2022-07-06 18:25:00,2022-08-01 09:40:00,-1.0376639077466754,1736.41,1770.47,bear,EMA,sl
fvg,2022-07-06 17:25:00,2022-08-01 09:40:00,-1.0397098484143958,1738.23,1770.57,bear,EMA,sl
fvg,2022-07-06 18:00:00,2022-08-01 09:40:00,-1.039244861899005,1737.75,1770.47,bear,EMA,sl
fvg,2022-07-06 17:50:00,2022-08-01 09:40:00,-1.0381288942620663,1736.94,1770.57,bear,EMA,sl
fvg,2022-07-06 17:30:00,2022-08-01 09:40:00,-1.0402678322328653,1738.71,1770.57,bear,EMA,sl
fvg,2022-07-06 18:35:00,2022-08-01 09:40:00,-1.0403608295359434,1738.71,1770.47,bear,EMA,sl
fvg,2022-07-06 18:05:00,2022-08-01 09:40:00,-1.039244861899005,1737.82,1770.47,bear,EMA,sl
fvg,2022-07-06 18:40:00,2022-08-01 09:40:00,-1.04156979447596,1739.59,1770.47,bear,EMA,sl
harmonic,2022-09-06 13:20:00,2022-09-08 07:00:00,-1.098757463288688,1709.88,1722.57,bear,EMA+PRZ,sl
harmonic,2022-09-06 12:50:00,2022-09-08 07:00:00,-1.0934323059544941,1709.01,1722.42,bear,EMA+PRZ,sl
harmonic,2022-09-06 13:50:00,2022-09-08 07:00:00,-1.090043569469098,1708.65,1722.57,bear,EMA+PRZ,sl
harmonic,2022-09-06 12:30:00,2022-09-08 07:00:00,-1.1148943036953365,1711.51,1722.42,bear,EMA+PRZ,sl
harmonic,2022-09-06 13:40:00,2022-09-08 07:00:00,-1.1043246732289818,1710.56,1722.57,bear,EMA+PRZ,sl
harmonic,2022-09-06 13:35:00,2022-09-08 07:00:00,-1.0966596740358237,1709.6,1722.57,bear,EMA+PRZ,sl
harmonic,2022-09-06 13:45:00,2022-09-08 07:00:00,-1.1006938841374858,1710.12,1722.57,bear,EMA+PRZ,sl
harmonic,2022-09-06 13:25:00,2022-09-08 07:00:00,-1.0932709375504277,1709.14,1722.57,bear,EMA+PRZ,sl
harmonic,2022-09-06 13:15:00,2022-09-08 07:00:00,-1.09109246409553,1708.82,1722.57,bear,EMA+PRZ,sl
harmonic,2022-09-06 13:00:00,2022-09-08 07:00:00,-1.0843149911247376,1707.71,1722.57,bear,EMA+PRZ,sl
harmonic,2022-09-06 12:55:00,2022-09-08 07:00:00,-1.0864934645796354,1707.94,1722.42,bear,EMA+PRZ,sl
harmonic,2022-09-06 13:30:00,2022-09-08 07:00:00,-1.088026464418267,1708.34,1722.57,bear,EMA+PRZ,sl
fib,2022-08-26 14:00:00,2022-09-15 14:50:00,4.92068234387047,1745.23,1760.65,bear,FIB618,tp
fvg,2022-08-26 14:35:00,2022-09-15 14:50:00,4.919258589511755,1745.49,1760.65,bear,EMA,tp
fvg,2022-08-26 14:00:00,2022-09-15 14:50:00,4.920705244122966,1745.23,1760.65,bear,EMA,tp
fvg,2022-08-26 14:40:00,2022-09-15 14:50:00,4.91998191681736,1745.36,1760.65,bear,EMA,tp
threevol,2022-10-10 06:30:00,2022-10-10 07:10:00,-1.4259,1684.98,1687.87,bear,EMA+3VOL,sl
threevol,2022-10-14 15:15:00,2022-10-16 22:00:00,-0.25900375367758954,1645.29,1645.29,bear,EMA+3VOL,be
harmonic,2022-10-18 14:00:00,2022-10-20 02:25:00,4.803622851834649,1653.4,1659.42,bear,EMA+PRZ,tp
harmonic,2022-10-18 14:05:00,2022-10-20 02:35:00,4.807803065490013,1653.27,1659.42,bear,EMA+PRZ,tp
fvg,2022-11-03 02:15:00,2022-11-04 14:15:00,-1.037031200756382,1638.61,1671.38,bear,EMA,sl
harmonic,2022-10-13 13:10:00,2022-11-04 18:40:00,-1.0425452856479331,1650.01,1678.65,bear,EMA+PRZ,sl
harmonic,2022-10-13 12:30:00,2022-11-04 18:40:00,-1.0612169066418948,1658.71,1678.65,bear,EMA+RSI+PRZ,sl
harmonic,2022-10-13 12:35:00,2022-11-04 18:40:00,-1.0540640966093822,1656.07,1678.65,bear,EMA+RSI+PRZ,sl
harmonic,2022-10-13 12:40:00,2022-11-04 18:40:00,-1.0480260102182999,1653.26,1678.65,bear,EMA+RSI+PRZ,sl
harmonic,2022-10-13 12:55:00,2022-11-04 18:40:00,-1.051091500232234,1654.76,1678.65,bear,EMA+RSI+PRZ,sl
harmonic,2022-10-13 13:00:00,2022-11-04 18:40:00,-1.0455178820250812,1651.88,1678.65,bear,EMA+RSI+PRZ,sl
harmonic,2022-10-13 12:50:00,2022-11-04 18:40:00,-1.043195541105434,1650.45,1678.65,bear,EMA+RSI+PRZ,sl
harmonic,2022-10-13 13:20:00,2022-11-04 18:40:00,-1.0413376683697166,1649.14,1678.65,bear,EMA+PRZ,sl
harmonic,2022-10-13 13:25:00,2022-11-04 18:40:00,-1.0401300510915001,1648.27,1678.65,bear,EMA+PRZ,sl
harmonic,2022-10-13 13:30:00,2022-11-04 18:40:00,-1.0384579656293544,1646.98,1678.65,bear,EMA+PRZ,sl
harmonic,2022-10-13 13:05:00,2022-11-04 18:40:00,-1.0474686483975848,1652.96,1678.65,bear,EMA+PRZ,sl
threevol,2022-11-07 07:20:00,2022-11-07 08:10:00,-1.4174125305126122,1667.72,1670.64,bear,EMA+3VOL,sl
fvg,2022-08-26 15:20:00,2022-11-11 05:30:00,-1.051989150090416,1736.48,1761.06,bear,EMA,sl
fvg,2022-08-26 15:15:00,2022-11-11 05:30:00,-1.0517179023508136,1736.35,1761.06,bear,EMA,sl
fvg,2022-11-16 12:50:00,2022-11-17 02:05:00,-1.1078844905905256,1780.16,1768.2,bull,EMA,sl
fvg,2022-11-16 12:25:00,2022-11-17 02:05:00,-1.0988805970149254,1781.25,1768.2,bull,EMA,sl
fvg,2022-11-16 12:30:00,2022-11-17 02:05:00,-1.093689162881246,1781.98,1768.2,bull,EMA,sl
fvg,2022-11-16 12:35:00,2022-11-17 02:05:00,-1.0935269305645685,1782.0,1768.2,bull,EMA,sl
fvg,2022-11-16 12:40:00,2022-11-17 02:05:00,-1.1139682024659312,1779.52,1768.2,bull,EMA,sl
fvg,2022-11-16 12:45:00,2022-11-17 02:05:00,-1.1139682024659312,1779.52,1768.2,bull,EMA,sl
fvg,2022-11-16 12:55:00,2022-11-17 02:05:00,-1.105613238157041,1780.42,1768.2,bull,EMA,sl
fvg,2022-11-16 11:55:00,2022-11-17 02:05:00,-1.086794289422453,1783.06,1768.19,bull,EMA,sl
fvg,2022-11-16 12:10:00,2022-11-17 02:05:00,-1.0966904607397792,1781.55,1768.2,bull,EMA,sl
fvg,2022-11-16 12:05:00,2022-11-17 02:05:00,-1.0928780012978585,1782.1,1768.2,bull,EMA,sl
fvg,2022-11-16 12:00:00,2022-11-17 02:05:00,-1.0875243348475017,1782.95,1768.2,bull,EMA,sl
fvg,2022-11-16 12:20:00,2022-11-17 02:05:00,-1.095554834523037,1781.71,1768.2,bull,EMA,sl
fvg,2022-11-16 12:15:00,2022-11-17 02:05:00,-1.098069435431538,1781.36,1768.2,bull,EMA,sl
fvg,2022-11-15 13:40:00,2022-11-17 02:25:00,-1.1190785204412719,1777.37,1766.55,bull,EMA,sl
fvg,2022-11-15 13:50:00,2022-11-17 02:25:00,-1.125973393900065,1776.78,1766.55,bull,EMA,sl
fvg,2022-11-15 13:55:00,2022-11-17 02:25:00,-1.1262978585334198,1776.75,1766.55,bull,EMA,sl
fib,2022-11-15 13:30:00,2022-11-17 02:25:00,-1.068522090566731,1785.39,1766.55,bull,FIB618,sl
fvg,2022-11-15 13:45:00,2022-11-17 02:25:00,-1.1210253082414017,1777.2,1766.55,bull,EMA,sl
harmonic,2022-12-30 01:05:00,2023-01-03 01:00:00,4.5874053030303035,1815.79,1812.52,bull,EMA+PRZ,tp
harmonic,2022-12-30 01:00:00,2023-01-03 02:35:00,4.598390151515152,1815.88,1812.52,bull,EMA+PRZ,tp
harmonic,2023-01-12 15:25:00,2023-01-20 08:05:00,4.860104076322637,1886.79,1876.74,bull,EMA+PRZ,tp
harmonic,2023-01-12 15:15:00,2023-01-25 19:55:00,4.87172593235039,1887.72,1876.74,bull,EMA+PRZ,tp
harmonic,2023-01-12 15:30:00,2023-01-25 20:00:00,4.875542064180399,1888.07,1876.74,bull,EMA+PRZ,tp
harmonic,2023-01-12 15:20:00,2023-01-25 20:00:00,4.8734605377276665,1887.88,1876.74,bull,EMA+PRZ,tp
harmonic,2023-02-01 15:55:00,2023-02-01 17:10:00,-1.1342915214866434,1931.49,1921.09,bull,EMA+PRZ,sl
harmonic,2023-02-01 15:35:00,2023-02-01 17:10:00,-1.1969367015098722,1928.18,1921.09,bull,EMA+PRZ,sl
harmonic,2023-02-01 15:30:00,2023-02-01 17:10:00,-1.181329849012776,1928.79,1921.09,bull,EMA+PRZ,sl
harmonic,2023-02-01 15:25:00,2023-02-01 17:10:00,-1.2029616724738676,1927.97,1921.09,bull,EMA+PRZ,sl
harmonic,2023-01-12 13:40:00,2023-02-02 07:10:00,4.895750216825673,1891.59,1878.09,bull,EMA+PRZ,tp
harmonic,2023-01-12 13:35:00,2023-02-03 14:15:00,-1.0878577623590635,1893.66,1878.09,bull,EMA+PRZ,sl
harmonic,2023-01-12 13:30:00,2023-02-03 14:15:00,-1.08959236773634,1893.36,1878.09,bull,EMA+PRZ,sl
threevol,2023-02-07 15:35:00,2023-02-07 17:30:00,-0.2658619622407923,1872.79,1872.79,bull,EMA+3VOL,be
harmonic,2023-02-07 15:35:00,2023-02-07 18:40:00,-1.2653273809523808,1872.79,1867.67,bull,EMA+PRZ,sl
harmonic,2023-02-07 15:55:00,2023-02-07 18:40:00,-1.1194940476190476,1879.05,1867.67,bull,EMA+PRZ,sl
threevol,2023-02-08 07:25:00,2023-02-08 10:50:00,-0.3306092893348505,1879.28,1879.28,bull,EMA+3VOL,be
harmonic,2023-02-07 16:10:00,2023-02-09 17:45:00,-1.1179315476190477,1874.73,1863.23,bull,EMA+PRZ,sl
harmonic,2023-02-07 17:25:00,2023-02-09 17:45:00,-1.133110119047619,1873.42,1863.23,bull,EMA+PRZ,sl
harmonic,2023-02-07 17:20:00,2023-02-09 17:45:00,-1.1175595238095237,1874.77,1863.23,bull,EMA+PRZ,sl
harmonic,2023-02-07 17:00:00,2023-02-09 17:45:00,-1.1211309523809523,1874.43,1863.23,bull,EMA+PRZ,sl
harmonic,2023-02-07 16:55:00,2023-02-09 17:45:00,-1.1244791666666667,1874.13,1863.23,bull,EMA+PRZ,sl
harmonic,2023-02-07 16:50:00,2023-02-09 17:45:00,-1.1157738095238094,1874.95,1863.23,bull,EMA+PRZ,sl
harmonic,2023-02-07 16:40:00,2023-02-09 17:45:00,-1.1101934523809525,1875.54,1863.23,bull,EMA+PRZ,sl
harmonic,2023-02-07 16:00:00,2023-02-09 17:45:00,-1.1084821428571427,1875.74,1863.23,bull,EMA+PRZ,sl
harmonic,2023-02-07 16:35:00,2023-02-09 17:45:00,-1.103125,1876.39,1863.23,bull,EMA+PRZ,sl
harmonic,2023-02-07 16:15:00,2023-02-09 17:45:00,-1.1075892857142857,1875.84,1863.23,bull,EMA+PRZ,sl
harmonic,2023-02-14 07:35:00,2023-02-14 14:25:00,-1.1280550774526679,1859.13,1848.62,bull,EMA+PRZ,sl
harmonic,2023-02-14 07:30:00,2023-02-14 14:25:00,-1.1234939759036144,1859.52,1848.62,bull,EMA+PRZ,sl
harmonic,2023-02-14 07:25:00,2023-02-14 14:25:00,-1.132788296041308,1858.76,1848.62,bull,EMA+PRZ,sl
harmonic,2023-02-14 07:20:00,2023-02-14 14:25:00,-1.1410499139414803,1858.16,1848.62,bull,EMA+PRZ,sl
harmonic,2023-02-14 07:15:00,2023-02-14 14:25:00,-1.1401893287435456,1858.22,1848.62,bull,EMA+PRZ,sl
harmonic,2023-02-14 07:45:00,2023-02-14 14:25:00,-1.1279690189328744,1859.14,1848.62,bull,EMA+PRZ,sl
harmonic,2023-02-14 07:40:00,2023-02-14 14:25:00,-1.1324440619621343,1858.78,1848.62,bull,EMA+PRZ,sl
harmonic,2023-02-17 16:20:00,2023-02-24 12:10:00,-1.0699130759884101,1835.33,1816.38,bull,EMA+PRZ,sl
harmonic,2023-02-17 16:00:00,2023-02-24 12:10:00,-1.0651462753528367,1836.73,1816.38,bull,EMA+PRZ,sl
harmonic,2023-02-17 16:15:00,2023-02-24 12:10:00,-1.0651462753528367,1836.74,1816.38,bull,EMA+PRZ,sl
harmonic,2023-02-28 21:05:00,2023-03-15 16:20:00,4.9348203939745074,1826.54,1805.2,bull,EMA+PRZ,tp
harmonic,2023-02-28 21:40:00,2023-03-15 16:25:00,4.9353032058709925,1826.74,1805.2,bull,EMA+PRZ,tp
harmonic,2023-02-28 21:00:00,2023-03-15 16:25:00,4.9351100811123985,1826.65,1805.2,bull,EMA+PRZ,tp
threevol,2023-03-23 16:25:00,2023-03-23 18:00:00,1.6240788790866632,1992.28,1992.28,bull,EMA+3VOL,tp
threevol,2023-03-23 18:05:00,2023-03-23 18:55:00,-1.3613522622816872,2001.47,1997.46,bull,EMA+3VOL,sl
threevol,2023-03-30 14:20:00,2023-03-30 16:35:00,1.7599917167115344,1970.58,1970.58,bull,EMA+3VOL,tp
threevol,2023-04-04 14:10:00,2023-04-05 14:30:00,-0.10785510785510785,2016.0,2016.0,bull,EMA+3VOL,be
harmonic,2023-04-04 13:15:00,2023-04-13 12:30:00,4.855508830950378,1985.08,1974.87,bull,EMA+PRZ,tp
fvg,2023-04-11 14:50:00,2023-04-13 12:45:00,4.804554079696395,2001.97,1994.5,bull,EMA,tp
fvg,2023-04-11 14:45:00,2023-04-13 12:50:00,4.808049535603716,2002.11,1994.5,bull,EMA,tp
harmonic,2023-04-04 13:40:00,2023-04-19 09:35:00,-1.0852817493692177,1991.71,1974.87,bull,EMA+PRZ,sl
harmonic,2023-04-04 14:10:00,2023-04-19 09:35:00,-1.0362489486963835,2016.0,1976.26,bull,EMA+PRZ,sl
harmonic,2023-04-04 13:35:00,2023-04-19 09:35:00,-1.1047939444911692,1988.57,1974.87,bull,EMA+PRZ,sl
harmonic,2023-04-04 13:50:00,2023-04-19 09:35:00,-1.086879730866274,1991.39,1974.87,bull,EMA+PRZ,sl
harmonic,2023-04-04 13:45:00,2023-04-19 09:35:00,-1.0841042893187554,1991.94,1974.87,bull,EMA+PRZ,sl
harmonic,2023-05-30 23:55:00,2023-05-31 01:45:00,-1.6452431289640592,1958.08,1955.88,bull,EMA+PRZ,sl
harmonic,2023-05-30 23:45:00,2023-05-31 01:45:00,-1.567864693446089,1958.38,1955.88,bull,EMA+PRZ,sl
harmonic,2023-06-01 12:05:00,2023-06-02 17:50:00,-1.0956749672346002,1966.11,1951.28,bull,EMA+PRZ,sl
harmonic,2023-06-01 12:00:00,2023-06-02 17:50:00,-1.0953254696373962,1966.16,1951.28,bull,EMA+PRZ,sl
harmonic,2023-06-01 12:10:00,2023-06-02 17:50:00,-1.1000436871996506,1965.46,1951.28,bull,EMA+PRZ,sl
fvg,2023-06-12 12:35:00,2023-06-12 13:45:00,-1.1371173469387754,1962.86,1952.51,bull,EMA,sl
fvg,2023-06-12 12:40:00,2023-06-12 13:45:00,-1.1413083090379008,1962.55,1952.51,bull,EMA,sl
fvg,2023-06-12 12:45:00,2023-06-12 13:45:00,-1.1324708454810495,1963.22,1952.51,bull,EMA,sl
fvg,2023-06-12 12:50:00,2023-06-12 13:45:00,-1.138301749271137,1962.77,1952.51,bull,EMA,sl
fvg,2023-06-12 12:55:00,2023-06-12 13:45:00,-1.1434948979591837,1962.4,1952.51,bull,EMA,sl
harmonic,2023-07-05 12:45:00,2023-07-05 14:35:00,-1.1481615322070648,1928.57,1919.15,bull,EMA+PRZ,sl
harmonic,2023-07-05 12:50:00,2023-07-05 14:35:00,-1.151323516126118,1928.37,1919.15,bull,EMA+PRZ,sl
harmonic,2023-07-05 12:40:00,2023-07-05 14:35:00,-1.136688047700786,1929.36,1919.15,bull,EMA+PRZ,sl
harmonic,2023-07-25 15:30:00,2023-07-27 13:35:00,-1.113491766467066,1963.38,1950.88,bull,EMA+PRZ,sl
harmonic,2023-07-25 15:40:00,2023-07-27 13:35:00,-1.115737275449102,1963.13,1950.88,bull,EMA+PRZ,sl
harmonic,2023-07-25 15:35:00,2023-07-27 13:35:00,-1.110684880239521,1963.69,1950.88,bull,EMA+PRZ,sl
harmonic,2023-07-25 15:00:00,2023-07-27 13:35:00,-1.116111526946108,1963.09,1950.88,bull,EMA+PRZ,sl
harmonic,2023-07-25 15:10:00,2023-07-27 13:35:00,-1.1327657185628743,1961.56,1950.88,bull,EMA+PRZ,sl
harmonic,2023-07-25 15:05:00,2023-07-27 13:35:00,-1.1215381736526946,1962.55,1950.88,bull,EMA+PRZ,sl
harmonic,2023-08-15 05:55:00,2023-08-15 14:35:00,-1.3208304081837328,1905.38,1909.7,bear,EMA+PRZ,sl
harmonic,2023-08-15 05:50:00,2023-08-15 14:35:00,-1.30388125564136,1905.14,1909.7,bear,EMA+PRZ,sl
harmonic,2023-08-15 05:45:00,2023-08-15 14:35:00,-1.30388125564136,1905.14,1909.7,bear,EMA+PRZ,sl
harmonic,2023-08-15 05:40:00,2023-08-15 14:35:00,-1.2788085447798618,1904.73,1909.7,bear,EMA+PRZ,sl
harmonic,2023-08-29 12:15:00,2023-08-29 14:00:00,-1.1200804062632248,1915.75,1927.38,bear,EMA+PRZ,sl
harmonic,2023-09-05 05:30:00,2023-09-05 13:50:00,4.33115771453028,1937.86,1939.94,bear,EMA+PRZ,tp
harmonic,2023-09-05 05:35:00,2023-09-05 14:00:00,4.395356302161353,1937.64,1939.94,bear,EMA+PRZ,tp
harmonic,2023-09-05 06:15:00,2023-09-06 14:40:00,4.658035523218489,1935.92,1939.97,bear,EMA+PRZ,tp
harmonic,2023-10-02 14:15:00,2023-10-08 22:00:00,-1.0713409455506275,1829.45,1848.24,bear,EMA+PRZ,sl
harmonic,2023-10-02 14:20:00,2023-10-08 22:00:00,-1.0795508162687553,1831.4,1848.24,bear,EMA+PRZ,sl
harmonic,2023-10-02 13:45:00,2023-10-08 22:00:00,-1.1040860620930453,1835.28,1848.17,bear,EMA+PRZ,sl
harmonic,2023-10-02 01:20:00,2023-10-12 06:35:00,-1.0386901953383032,1845.87,1880.97,bear,EMA+PRZ,sl
harmonic,2023-10-02 00:35:00,2023-10-12 06:35:00,-1.0392563933188639,1846.2,1880.87,bear,EMA+PRZ,sl
harmonic,2023-10-02 00:40:00,2023-10-12 06:35:00,-1.0391620269887705,1846.14,1880.87,bear,EMA+PRZ,sl
harmonic,2023-10-02 00:45:00,2023-10-12 06:35:00,-1.0393507596489573,1846.31,1880.87,bear,EMA+PRZ,sl
harmonic,2023-10-02 01:00:00,2023-10-12 06:35:00,-1.0402000566197982,1847.11,1880.97,bear,EMA+PRZ,sl
threevol,2023-10-19 16:55:00,2023-10-19 17:15:00,-0.2971376184170317,1961.58,1961.58,bull,EMA+3VOL,be
harmonic,2023-10-27 06:05:00,2023-10-27 10:55:00,-1.177404391299866,1989.13,1981.02,bull,EMA+PRZ,sl
harmonic,2023-10-27 06:10:00,2023-10-27 10:55:00,-1.2243067724976806,1987.43,1981.02,bull,EMA+PRZ,sl
harmonic,2023-10-27 06:15:00,2023-10-27 10:55:00,-1.2222451293681063,1987.49,1981.02,bull,EMA+PRZ,sl
harmonic,2023-10-27 06:20:00,2023-10-27 10:55:00,-1.2028656839501082,1988.11,1981.02,bull,EMA+PRZ,sl
harmonic,2023-10-27 06:45:00,2023-10-27 10:55:00,-1.189980414390269,1988.59,1981.02,bull,EMA+PRZ,sl
harmonic,2023-10-27 06:50:00,2023-10-27 10:55:00,-1.2143078033192454,1987.73,1981.02,bull,EMA+PRZ,sl
harmonic,2023-10-27 06:55:00,2023-10-27 10:55:00,-1.2368827955880837,1987.09,1981.02,bull,EMA+PRZ,sl
harmonic,2023-10-27 07:00:00,2023-10-27 10:55:00,-1.2372951242139985,1987.07,1981.01,bull,EMA+PRZ,sl
harmonic,2023-10-27 07:05:00,2023-10-27 10:55:00,-1.2337903308937221,1987.16,1981.01,bull,EMA+PRZ,sl
harmonic,2023-10-27 07:20:00,2023-10-27 10:55:00,-1.2162663642923408,1987.66,1981.01,bull,EMA+PRZ,sl
harmonic,2023-10-27 07:30:00,2023-10-27 10:55:00,-1.2115245850943201,1987.81,1981.01,bull,EMA+PRZ,sl
harmonic,2023-10-27 18:30:00,2023-11-01 18:40:00,-1.0483045806067817,2004.04,1974.29,bull,EMA+PRZ,sl
harmonic,2023-10-27 18:35:00,2023-11-01 18:40:00,-1.0480666270077337,2004.21,1974.29,bull,EMA+PRZ,sl
harmonic,2023-10-27 18:15:00,2023-11-01 18:40:00,-1.047471743010113,2004.59,1974.29,bull,EMA+PRZ,sl
harmonic,2023-11-03 14:15:00,2023-11-06 03:40:00,-1.1324324324324324,1992.74,1981.87,bull,EMA+PRZ,sl
harmonic,2023-11-03 14:10:00,2023-11-06 03:40:00,-1.1523341523341522,1991.32,1981.87,bull,EMA+PRZ,sl
harmonic,2023-11-03 14:05:00,2023-11-06 03:40:00,-1.113144963144963,1994.59,1981.87,bull,EMA+PRZ,sl
harmonic,2023-11-03 14:00:00,2023-11-06 03:40:00,-1.1023341523341523,1995.94,1981.87,bull,EMA+PRZ,sl
harmonic,2023-11-03 14:20:00,2023-11-06 03:40:00,-1.1244471744471745,1993.44,1981.87,bull,EMA+PRZ,sl
harmonic,2023-11-03 13:50:00,2023-11-06 03:40:00,-1.1114250614250614,1995.15,1982.23,bull,EMA+PRZ,sl
harmonic,2023-11-03 13:45:00,2023-11-06 03:40:00,-1.102948402948403,1996.22,1982.23,bull,EMA+PRZ,sl
harmonic,2023-11-03 13:40:00,2023-11-06 03:40:00,-1.0896805896805897,1998.3,1982.23,bull,EMA+PRZ,sl
harmonic,2023-11-03 13:55:00,2023-11-06 03:40:00,-1.1135135135135135,1994.92,1982.23,bull,EMA+PRZ,sl
fvg,2023-11-14 02:55:00,2023-11-28 14:00:00,4.90667568350884,1945.37,1929.94,bull,EMA,tp
fib,2023-11-21 19:10:00,2023-12-03 23:00:00,4.906592386258125,1997.64,1981.92,bull,FIB618,tp
harmonic,2023-11-21 19:10:00,2023-12-03 23:00:00,4.906595657517411,1997.64,1981.92,bull,EMA+PRZ,tp
fvg,2023-11-21 19:10:00,2023-12-03 23:00:00,4.90667568350884,1997.64,1981.92,bull,EMA,tp
fvg,2023-11-21 19:40:00,2023-12-03 23:15:00,4.917302676069945,1999.74,1981.92,bull,EMA,tp
fvg,2023-11-21 19:35:00,2023-12-03 23:15:00,4.917012849000097,1999.69,1981.92,bull,EMA,tp
fvg,2023-11-21 19:30:00,2023-12-03 23:15:00,4.918075548256207,1999.92,1981.92,bull,EMA,tp
fvg,2023-11-21 20:50:00,2023-12-03 23:15:00,4.9098637812771715,1998.24,1981.94,bull,EMA,tp
harmonic,2023-11-21 19:30:00,2023-12-03 23:15:00,4.918066366243342,1999.92,1981.92,bull,EMA+PRZ,tp
harmonic,2023-11-21 19:40:00,2023-12-03 23:15:00,4.917247029905775,1999.74,1981.92,bull,EMA+PRZ,tp
harmonic,2023-11-21 20:40:00,2023-12-03 23:15:00,4.913286904274204,1998.92,1981.94,bull,EMA+PRZ,tp
harmonic,2023-11-21 20:35:00,2023-12-03 23:15:00,4.91396968455551,1999.06,1981.94,bull,EMA+PRZ,tp
harmonic,2023-11-21 19:50:00,2023-12-03 23:15:00,4.914379352724293,1999.12,1981.92,bull,EMA+PRZ,tp
fvg,2023-11-21 20:35:00,2023-12-03 23:15:00,4.91401796927833,1999.06,1981.94,bull,EMA,tp
harmonic,2023-11-21 19:35:00,2023-12-03 23:15:00,4.916973917793253,1999.69,1981.92,bull,EMA+PRZ,tp
fvg,2023-11-21 20:40:00,2023-12-03 23:15:00,4.913341706115351,1998.92,1981.94,bull,EMA,tp
harmonic,2023-11-21 20:50:00,2023-12-03 23:15:00,4.909873002867677,1998.24,1981.94,bull,EMA+PRZ,tp
fvg,2023-11-21 19:50:00,2023-12-03 23:15:00,4.914404405371461,1999.12,1981.92,bull,EMA,tp
harmonic,2023-11-29 05:05:00,2023-12-08 14:10:00,-1.0379625836405846,2048.03,2009.48,bull,EMA+PRZ,sl
harmonic,2023-11-29 05:20:00,2023-12-08 14:10:00,-1.0402840365970232,2045.88,2009.48,bull,EMA+PRZ,sl
harmonic,2023-11-29 05:15:00,2023-12-08 14:10:00,-1.0394647002594566,2046.63,2009.48,bull,EMA+PRZ,sl
harmonic,2023-11-29 05:10:00,2023-12-08 14:10:00,-1.0391915881469342,2046.9,2009.48,bull,EMA+PRZ,sl
threevol,2023-12-14 00:30:00,2023-12-14 01:10:00,-1.3332652227217001,2036.34,2031.92,bull,EMA+3VOL,sl
harmonic,2024-01-31 12:25:00,2024-01-31 20:05:00,-1.2172375467313328,2037.84,2031.06,bull,EMA+PRZ,sl
harmonic,2024-01-30 13:40:00,2024-02-02 14:00:00,-1.1762150146509043,2036.23,2027.88,bull,EMA+PRZ,sl
harmonic,2024-01-30 13:00:00,2024-02-02 14:00:00,-1.196120036374659,2035.38,2027.88,bull,EMA+PRZ,sl
harmonic,2024-01-30 13:45:00,2024-02-02 14:00:00,-1.1730827523491967,2036.38,2027.88,bull,EMA+PRZ,sl
harmonic,2024-02-07 14:35:00,2024-02-08 08:35:00,-1.213346064078082,2036.31,2029.41,bull,EMA+PRZ,sl
harmonic,2024-02-07 14:15:00,2024-02-08 08:35:00,-1.2067685126246552,2036.53,2029.41,bull,EMA+PRZ,sl
harmonic,2024-02-07 14:05:00,2024-02-08 08:35:00,-1.2303203904095055,2035.8,2029.41,bull,EMA+PRZ,sl
harmonic,2024-02-07 14:10:00,2024-02-08 08:35:00,-1.2292594950137916,2035.83,2029.41,bull,EMA+PRZ,sl
harmonic,2024-02-07 14:20:00,2024-02-08 08:35:00,-1.2897305325694886,2034.49,2029.41,bull,EMA+PRZ,sl
harmonic,2024-02-07 14:25:00,2024-02-08 08:35:00,-1.3137067685126245,2034.1,2029.41,bull,EMA+PRZ,sl
harmonic,2024-02-07 14:55:00,2024-02-08 08:35:00,-1.1163802249098238,2042.07,2029.41,bull,EMA+PRZ,sl
harmonic,2024-02-07 15:35:00,2024-02-08 11:30:00,-1.127625716104392,2040.02,2028.48,bull,EMA+PRZ,sl
harmonic,2024-02-07 15:00:00,2024-02-08 11:30:00,-1.1330362826225333,2039.55,2028.48,bull,EMA+PRZ,sl
harmonic,2024-02-07 15:05:00,2024-02-08 11:30:00,-1.1381285805219605,2039.14,2028.48,bull,EMA+PRZ,sl
harmonic,2024-02-07 15:10:00,2024-02-08 11:30:00,-1.1357946106513896,2039.32,2028.48,bull,EMA+PRZ,sl
harmonic,2024-02-07 15:30:00,2024-02-08 11:30:00,-1.1359007001909611,2039.31,2028.48,bull,EMA+PRZ,sl
harmonic,2024-02-07 15:40:00,2024-02-08 11:30:00,-1.1253978357733927,2040.22,2028.48,bull,EMA+PRZ,sl
harmonic,2024-02-07 15:45:00,2024-02-08 11:30:00,-1.1308084022915341,2039.73,2028.48,bull,EMA+PRZ,sl
harmonic,2024-02-07 15:50:00,2024-02-08 11:30:00,-1.1350519838743898,2039.38,2028.48,bull,EMA+PRZ,sl
fvg,2024-02-06 17:55:00,2024-02-08 14:00:00,-1.0921087888531618,2036.65,2020.71,bull,EMA,sl
fvg,2024-02-06 18:05:00,2024-02-08 14:00:00,-1.0960610932475885,2035.92,2020.64,bull,EMA,sl
fvg,2024-02-06 18:10:00,2024-02-08 14:00:00,-1.0962620578778135,2035.89,2020.64,bull,EMA,sl
fvg,2024-02-06 18:00:00,2024-02-08 14:00:00,-1.0934485530546623,2036.35,2020.64,bull,EMA,sl
fvg,2024-02-06 18:15:00,2024-02-08 14:00:00,-1.0996784565916398,2035.36,2020.64,bull,EMA,sl
fvg,2024-02-06 18:20:00,2024-02-08 14:00:00,-1.109927652733119,2033.99,2020.64,bull,EMA,sl
fvg,2024-02-06 17:45:00,2024-02-08 14:00:00,-1.0890943193997857,2037.19,2020.71,bull,EMA,sl
fvg,2024-02-06 18:50:00,2024-02-08 14:00:00,-1.0955251875669882,2036.0,2020.64,bull,EMA,sl
fvg,2024-02-06 19:00:00,2024-02-08 14:00:00,-1.099611468381565,2035.38,2020.65,bull,EMA,sl
fvg,2024-02-06 19:05:00,2024-02-08 14:00:00,-1.1007502679528403,2035.21,2020.65,bull,EMA,sl
fvg,2024-02-06 18:40:00,2024-02-08 14:00:00,-1.098070739549839,2035.6,2020.64,bull,EMA,sl
harmonic,2024-02-09 01:45:00,2024-02-12 14:05:00,-1.0936734956835459,2033.98,2018.34,bull,EMA+PRZ,sl
harmonic,2024-02-09 01:25:00,2024-02-12 14:05:00,-1.0947042906841902,2033.81,2018.34,bull,EMA+PRZ,sl
harmonic,2024-02-09 01:15:00,2024-02-12 14:05:00,-1.0936734956835459,2033.99,2018.34,bull,EMA+PRZ,sl
harmonic,2024-02-29 07:10:00,2024-02-29 11:45:00,-1.204103383959499,2036.46,2029.25,bull,EMA+PRZ,sl
harmonic,2024-02-29 06:55:00,2024-02-29 11:45:00,-1.2033040234479082,2036.47,2029.23,bull,EMA+PRZ,sl
harmonic,2024-02-29 05:50:00,2024-02-29 11:45:00,-1.2328803623767652,2035.54,2029.22,bull,EMA+PRZ,sl
harmonic,2024-02-29 05:20:00,2024-02-29 11:45:00,-1.259525712763123,2034.89,2029.22,bull,EMA+PRZ,sl
harmonic,2024-02-29 07:00:00,2024-02-29 11:45:00,-1.1983746336264323,2036.67,2029.25,bull,EMA+PRZ,sl
fvg,2024-03-07 07:25:00,2024-03-20 22:15:00,4.881989943623343,2155.03,2141.62,bull,EMA,tp
fvg,2024-03-07 07:40:00,2024-03-20 22:15:00,4.879628218802377,2154.76,2141.62,bull,EMA,tp
fvg,2024-03-07 07:45:00,2024-03-20 22:15:00,4.870409873533445,2153.8,2141.62,bull,EMA,tp
harmonic,2024-03-07 07:40:00,2024-03-20 22:15:00,4.879699248120302,2154.76,2141.62,bull,EMA+PRZ,tp
harmonic,2024-03-07 07:45:00,2024-03-20 22:15:00,4.8704780819974465,2153.8,2141.62,bull,EMA+PRZ,tp
fib,2024-03-07 07:45:00,2024-03-20 22:15:00,4.870431011593946,2153.8,2141.62,bull,FIB618,tp
harmonic,2024-03-07 07:25:00,2024-03-20 22:15:00,4.881969073627465,2155.03,2141.62,bull,EMA+PRZ,tp
fvg,2024-03-07 08:05:00,2024-03-28 20:45:00,4.893341459698308,2156.48,2141.6,bull,EMA,tp
harmonic,2024-03-01 21:40:00,2024-04-02 22:15:00,4.959710597247837,2083.05,2042.86,bull,EMA+PRZ,tp
harmonic,2024-03-01 21:05:00,2024-04-02 22:15:00,4.959710597247837,2083.03,2042.86,bull,EMA+PRZ,tp
harmonic,2024-03-01 21:35:00,2024-04-02 22:20:00,4.959994325436233,2083.42,2042.86,bull,EMA+PRZ,tp
harmonic,2024-03-01 21:00:00,2024-04-02 22:20:00,4.9598524613420345,2083.22,2042.86,bull,EMA+PRZ,tp
harmonic,2024-03-01 20:55:00,2024-04-02 22:20:00,4.9598524613420345,2083.07,2042.7,bull,EMA+PRZ,tp
harmonic,2024-03-01 20:50:00,2024-04-03 16:20:00,4.960703645907222,2083.99,2042.7,bull,EMA+PRZ,tp
harmonic,2024-03-01 20:30:00,2024-04-03 16:20:00,4.960703645907222,2084.0,2042.7,bull,EMA+PRZ,tp
harmonic,2024-03-01 20:25:00,2024-04-03 16:25:00,4.960987374095617,2084.3,2042.7,bull,EMA+PRZ,tp
fvg,2024-04-01 23:55:00,2024-04-09 09:20:00,4.926763974759386,2248.59,2225.64,bull,EMA,tp
fvg,2024-04-01 23:50:00,2024-04-11 19:40:00,4.928357447893429,2249.14,2225.64,bull,EMA,tp
fvg,2024-04-01 23:40:00,2024-04-11 19:55:00,4.931034482758621,2250.09,2225.64,bull,EMA,tp
fvg,2024-04-01 23:15:00,2024-04-11 19:55:00,4.930652049206451,2249.95,2225.64,bull,EMA,tp
fvg,2024-04-01 23:20:00,2024-04-11 19:55:00,4.931034482758621,2250.09,2225.64,bull,EMA,tp
fvg,2024-04-01 23:25:00,2024-04-11 19:55:00,4.9317993498629615,2250.38,2225.64,bull,EMA,tp
fvg,2024-04-01 23:35:00,2024-04-11 19:55:00,4.931863088788323,2250.4,2225.64,bull,EMA,tp
fvg,2024-04-01 23:45:00,2024-04-11 19:55:00,4.930715788131812,2249.97,2225.64,bull,EMA,tp
fvg,2024-04-01 23:00:00,2024-04-11 22:20:00,4.933775256549175,2251.16,2225.64,bull,EMA,tp
fvg,2024-04-01 23:10:00,2024-04-12 01:00:00,4.934667601504239,2251.53,2225.64,bull,EMA,tp
fvg,2024-04-01 22:50:00,2024-04-12 01:00:00,4.93696220281726,2252.52,2225.66,bull,EMA,tp
fvg,2024-04-01 22:55:00,2024-04-12 01:55:00,4.938236981324495,2253.11,2225.66,bull,EMA,tp
fvg,2024-04-01 22:40:00,2024-04-12 02:00:00,4.938810631652751,2253.38,2225.66,bull,EMA,tp
fvg,2024-04-01 22:35:00,2024-04-12 02:05:00,4.939830454458538,2253.88,2225.66,bull,EMA,tp
fvg,2024-04-01 22:30:00,2024-04-12 02:05:00,4.939830454458538,2253.88,2225.66,bull,EMA,tp
fvg,2024-04-01 22:45:00,2024-04-12 07:05:00,4.940276626936071,2254.11,2225.66,bull,EMA,tp
fvg,2024-04-01 22:25:00,2024-04-12 07:55:00,4.941296449741857,2254.62,2225.66,bull,EMA,tp
fvg,2024-04-12 13:15:00,2024-04-12 16:15:00,-1.105407279029463,2396.06,2379.75,bull,EMA,sl
fvg,2024-04-12 13:10:00,2024-04-12 16:15:00,-1.1126516464471403,2395.01,2379.75,bull,EMA,sl
fvg,2024-04-12 13:05:00,2024-04-12 16:15:00,-1.1022183708838822,2396.57,2379.75,bull,EMA,sl
fvg,2024-04-12 12:55:00,2024-04-12 16:15:00,-1.109636048526863,2395.4,2379.72,bull,EMA,sl
fvg,2024-04-12 12:50:00,2024-04-12 16:15:00,-1.1088041594454072,2395.52,2379.72,bull,EMA,sl
fib,2024-04-12 12:50:00,2024-04-12 16:15:00,-1.1087855515233354,2395.52,2379.72,bull,FIB618,sl
fvg,2024-04-12 03:35:00,2024-04-12 16:30:00,-1.0930070698560386,2386.02,2367.62,bull,EMA,sl
fvg,2024-04-12 03:40:00,2024-04-12 16:30:00,-1.1033737499542107,2384.17,2367.62,bull,EMA,sl
threevol,2024-04-15 05:45:00,2024-04-15 05:50:00,-0.45961896873058605,2358.2,2358.2,bull,EMA+3VOL,be
harmonic,2024-04-15 05:45:00,2024-04-15 08:30:00,-1.1325733198492232,2358.2,2345.42,bull,EMA+PRZ,sl
harmonic,2024-04-15 05:50:00,2024-04-15 08:30:00,-1.1067389905304772,2361.3,2345.42,bull,EMA+PRZ,sl
harmonic,2024-04-15 05:55:00,2024-04-15 08:30:00,-1.110876160706077,2360.7,2345.42,bull,EMA+PRZ,sl
threevol,2024-04-24 04:00:00,2024-04-24 04:55:00,-1.4124622906480808,2329.4,2325.33,bull,EMA+3VOL,sl
harmonic,2024-04-23 19:55:00,2024-04-30 20:30:00,-1.0484162465518883,2321.87,2287.59,bull,EMA+PRZ,sl
harmonic,2024-04-23 19:40:00,2024-04-30 20:30:00,-1.0481308855702465,2322.05,2287.59,bull,EMA+PRZ,sl
harmonic,2024-04-23 19:35:00,2024-04-30 20:30:00,-1.04870160753353,2321.64,2287.59,bull,EMA+PRZ,sl
harmonic,2024-04-23 19:30:00,2024-04-30 20:30:00,-1.0480357652430325,2322.13,2287.59,bull,EMA+PRZ,sl
fvg,2024-05-02 02:50:00,2024-05-02 13:00:00,-1.0607834308869881,2319.75,2292.43,bull,EMA,sl
fib,2024-05-02 02:55:00,2024-05-02 13:00:00,-1.0606758832565284,2319.81,2292.43,bull,FIB618,sl
harmonic,2024-05-01 18:25:00,2024-05-03 13:35:00,-1.0481532962668785,2313.0,2278.7,bull,EMA+PRZ,sl
harmonic,2024-05-01 19:30:00,2024-05-03 13:35:00,-1.0409054805401112,2318.25,2277.83,bull,EMA+PRZ,sl
harmonic,2024-05-01 19:25:00,2024-05-03 13:35:00,-1.0382247815726766,2321.06,2277.83,bull,EMA+PRZ,sl
harmonic,2024-05-01 19:20:00,2024-05-03 13:35:00,-1.038621922160445,2320.63,2277.83,bull,EMA+PRZ,sl
harmonic,2024-05-01 19:10:00,2024-05-03 13:35:00,-1.0367355043685464,2322.88,2277.83,bull,EMA+PRZ,sl
harmonic,2024-05-01 19:05:00,2024-05-03 13:35:00,-1.0379269261318507,2321.44,2277.83,bull,EMA+PRZ,sl
harmonic,2024-05-01 17:35:00,2024-05-03 13:35:00,-1.0751588562351073,2300.68,2278.73,bull,EMA+PRZ,sl
harmonic,2024-05-01 17:40:00,2024-05-03 13:35:00,-1.0776409849086577,2299.98,2278.73,bull,EMA+PRZ,sl
harmonic,2024-05-01 18:00:00,2024-05-03 13:35:00,-1.0612589356632247,2305.66,2278.7,bull,EMA+PRZ,sl
harmonic,2024-05-01 18:05:00,2024-05-03 13:35:00,-1.0727760127084989,2301.38,2278.7,bull,EMA+PRZ,sl
harmonic,2024-05-01 18:10:00,2024-05-03 13:35:00,-1.067613185067514,2303.09,2278.7,bull,EMA+PRZ,sl
harmonic,2024-05-01 19:00:00,2024-05-03 13:35:00,-1.0367355043685464,2322.8,2277.83,bull,EMA+PRZ,sl
harmonic,2024-05-01 18:55:00,2024-05-03 13:35:00,-1.0358419380460684,2324.83,2278.7,bull,EMA+PRZ,sl
harmonic,2024-05-01 18:30:00,2024-05-03 13:35:00,-1.045472597299444,2315.02,2278.7,bull,EMA+PRZ,sl
harmonic,2024-05-01 18:20:00,2024-05-03 13:35:00,-1.0585782366957903,2306.86,2278.7,bull,EMA+PRZ,sl
harmonic,2024-05-01 19:15:00,2024-05-03 13:35:00,-1.0432883240667197,2315.99,2277.83,bull,EMA+PRZ,sl
harmonic,2024-05-01 18:15:00,2024-05-03 13:35:00,-1.062748212867355,2305.02,2278.7,bull,EMA+PRZ,sl
threevol,2024-05-20 00:25:00,2024-05-20 01:00:00,1.6074066258704367,2421.26,2421.26,bull,EMA+3VOL,tp
fvg,2024-05-20 00:25:00,2024-05-20 05:30:00,4.60813834426789,2421.26,2416.83,bull,EMA,tp
threevol,2024-05-20 03:35:00,2024-05-20 05:35:00,1.6399792315680168,2436.46,2436.46,bull,EMA+3VOL,tp
fvg,2024-05-20 01:10:00,2024-05-20 12:20:00,-1.102582578027229,2433.84,2416.83,bull,EMA,sl
fvg,2024-05-20 01:15:00,2024-05-20 12:20:00,-1.1435397626000228,2428.98,2416.83,bull,EMA,sl
fvg,2024-05-20 01:35:00,2024-05-20 12:20:00,-1.1262467291137321,2430.65,2416.83,bull,EMA,sl
fvg,2024-05-20 01:40:00,2024-05-20 12:20:00,-1.1286358982138118,2430.39,2416.83,bull,EMA,sl
fvg,2024-05-20 02:00:00,2024-05-20 12:20:00,-1.0936326747316925,2435.47,2416.83,bull,EMA,sl
fvg,2024-05-20 02:05:00,2024-05-20 12:20:00,-1.1030755811748645,2433.76,2416.83,bull,EMA,sl
fvg,2024-05-20 00:50:00,2024-05-20 12:20:00,-1.2358830444840532,2424.22,2416.83,bull,EMA,sl
fvg,2024-05-20 00:45:00,2024-05-20 12:20:00,-1.2226478061359929,2424.66,2416.83,bull,EMA,sl
fvg,2024-05-20 00:40:00,2024-05-20 12:20:00,-1.257082179832379,2423.61,2416.83,bull,EMA,sl
fvg,2024-05-20 00:35:00,2024-05-20 12:20:00,-1.2472600401987182,2423.88,2416.83,bull,EMA,sl
fvg,2024-05-20 00:30:00,2024-05-20 12:20:00,-1.2290947703743031,2424.44,2416.83,bull,EMA,sl
fvg,2024-06-06 19:50:00,2024-06-07 08:30:00,-1.0788886132473332,2372.01,2350.46,bull,EMA,sl
fvg,2024-05-06 13:35:00,2024-06-07 19:55:00,-1.0423224240585538,2328.03,2288.82,bull,EMA,sl
fvg,2024-05-06 13:25:00,2024-06-07 19:55:00,-1.047024915620615,2324.09,2288.82,bull,EMA,sl
fvg,2024-05-06 13:20:00,2024-06-07 19:55:00,-1.045811369411051,2325.05,2288.82,bull,EMA,sl
fvg,2024-05-06 13:30:00,2024-06-07 19:55:00,-1.0460009860062953,2324.9,2288.82,bull,EMA,sl
fvg,2024-05-06 13:10:00,2024-06-07 19:55:00,-1.0466077591110774,2324.41,2288.82,bull,EMA,sl
fvg,2024-05-06 13:05:00,2024-06-07 19:55:00,-1.0482384618301794,2323.22,2288.82,bull,EMA,sl
fvg,2024-05-06 13:00:00,2024-06-07 19:55:00,-1.0456596761348553,2325.15,2288.82,bull,EMA,sl
fvg,2024-05-06 12:55:00,2024-06-07 19:55:00,-1.0491865448064015,2322.9,2289.17,bull,EMA,sl
fvg,2024-05-06 12:40:00,2024-06-07 19:55:00,-1.0474420721301527,2324.15,2289.17,bull,EMA,sl
fvg,2024-05-06 13:15:00,2024-06-07 19:55:00,-1.0472524555349083,2323.92,2288.82,bull,EMA,sl
threevol,2024-06-20 14:00:00,2024-06-20 14:45:00,1.6709235798937476,2351.3,2351.3,bull,EMA+3VOL,tp
threevol,2024-06-24 07:30:00,2024-06-24 09:30:00,-1.3976484775399458,2328.67,2324.45,bull,EMA+3VOL,sl
harmonic,2024-06-24 12:50:00,2024-06-25 15:30:00,-1.2017893845967842,2326.68,2318.38,bull,EMA+PRZ,sl
harmonic,2024-06-24 12:35:00,2024-06-25 15:30:00,-1.220650465481804,2325.97,2318.38,bull,EMA+PRZ,sl
harmonic,2024-06-24 12:30:00,2024-06-25 15:30:00,-1.2202877523878615,2325.98,2318.38,bull,EMA+PRZ,sl
harmonic,2024-06-24 12:15:00,2024-06-25 15:30:00,-1.2166606214484343,2326.11,2318.38,bull,EMA+PRZ,sl
harmonic,2024-06-24 12:00:00,2024-06-25 15:30:00,-1.220650465481804,2325.97,2318.38,bull,EMA+RSI+PRZ,sl
harmonic,2024-06-24 13:05:00,2024-06-25 15:30:00,-1.1971950187401765,2326.86,2318.37,bull,EMA+PRZ,sl
harmonic,2024-06-24 13:10:00,2024-06-25 15:30:00,-1.179059364043042,2327.72,2318.37,bull,EMA+PRZ,sl
harmonic,2024-06-24 13:00:00,2024-06-25 15:30:00,-1.2079555071938097,2326.42,2318.37,bull,EMA+PRZ,sl
harmonic,2024-06-24 13:20:00,2024-06-25 15:30:00,-1.1916334179663888,2327.11,2318.37,bull,EMA+PRZ,sl
harmonic,2024-06-24 12:55:00,2024-06-25 15:30:00,-1.1907870874138557,2327.16,2318.38,bull,EMA+PRZ,sl
harmonic,2024-06-24 13:15:00,2024-06-25 15:30:00,-1.2060210373594489,2326.5,2318.37,bull,EMA+PRZ,sl
harmonic,2024-07-11 11:55:00,2024-07-11 12:30:00,4.582717770034844,2380.4,2376.31,bull,EMA+PRZ,tp
harmonic,2024-07-11 12:20:00,2024-07-11 12:35:00,4.608780487804878,2380.67,2376.28,bull,EMA+PRZ,tp
harmonic,2024-07-11 12:00:00,2024-07-11 12:40:00,4.638188153310105,2381.03,2376.28,bull,EMA+PRZ,tp
harmonic,2024-07-11 12:10:00,2024-07-11 12:40:00,4.653379790940766,2381.24,2376.28,bull,EMA+PRZ,tp
harmonic,2024-07-11 12:15:00,2024-07-11 12:40:00,4.646968641114983,2381.15,2376.28,bull,EMA+PRZ,tp
harmonic,2024-07-11 12:05:00,2024-07-11 13:25:00,4.691567944250871,2381.86,2376.28,bull,EMA+PRZ,tp
fvg,2024-07-16 04:40:00,2024-07-17 01:50:00,4.82669501535554,2427.82,2417.52,bull,EMA,tp
fvg,2024-07-16 05:05:00,2024-07-17 01:50:00,4.831325301204819,2428.11,2417.52,bull,EMA,tp
fvg,2024-07-16 05:00:00,2024-07-17 02:05:00,4.832553744389322,2428.19,2417.52,bull,EMA,tp
fvg,2024-07-16 06:10:00,2024-07-19 06:05:00,-1.1487361209544058,2429.25,2417.52,bull,EMA,sl
fvg,2024-07-16 06:05:00,2024-07-19 06:05:00,-1.1463737302149775,2429.44,2417.52,bull,EMA,sl
fvg,2024-07-16 05:50:00,2024-07-19 06:05:00,-1.1416017009213324,2429.84,2417.52,bull,EMA,sl
fvg,2024-07-16 05:45:00,2024-07-19 06:05:00,-1.1385778407748641,2430.11,2417.52,bull,EMA,sl
fvg,2024-07-16 05:40:00,2024-07-19 06:05:00,-1.1289865343727852,2431.05,2417.52,bull,EMA,sl
fvg,2024-07-16 06:15:00,2024-07-19 06:05:00,-1.138814079848807,2430.09,2417.52,bull,EMA,sl
threevol,2024-07-23 14:30:00,2024-07-24 01:25:00,-0.3164492458214431,2406.16,2406.16,bull,EMA+3VOL,be
harmonic,2024-07-11 12:30:00,2024-07-25 01:40:00,-1.075047862156988,2399.19,2376.28,bull,EMA+PRZ,sl
harmonic,2024-07-29 03:40:00,2024-07-29 08:25:00,-1.2637834268735555,2393.86,2387.33,bull,EMA+PRZ,sl
harmonic,2024-07-05 14:10:00,2024-08-20 12:50:00,4.940905923344948,2376.78,2346.34,bull,EMA+PRZ,tp
harmonic,2024-07-05 14:05:00,2024-08-20 13:30:00,4.940905923344948,2376.8,2346.34,bull,EMA+PRZ,tp
fvg,2024-08-20 14:15:00,2024-08-21 14:00:00,-1.0580231741573034,2525.38,2494.32,bull,EMA,sl
fvg,2024-08-20 14:25:00,2024-08-21 14:00:00,-1.0634216994382022,2522.72,2494.32,bull,EMA,sl
fvg,2024-08-20 14:30:00,2024-08-21 14:00:00,-1.0588570926966292,2524.93,2494.32,bull,EMA,sl
fib,2024-08-20 14:20:00,2024-08-21 14:00:00,-1.0635728456827396,2522.65,2494.32,bull,FIB618,sl
fvg,2024-08-20 14:35:00,2024-08-21 14:00:00,-1.0617538623595506,2523.5,2494.32,bull,EMA,sl
fvg,2024-08-20 14:40:00,2024-08-21 14:00:00,-1.0618855337078652,2523.43,2494.32,bull,EMA,sl
fvg,2024-08-20 14:20:00,2024-08-21 14:00:00,-1.063597261235955,2522.65,2494.32,bull,EMA,sl
fvg,2024-08-20 14:55:00,2024-08-21 14:00:00,-1.061841643258427,2523.45,2494.32,bull,EMA,sl
fvg,2024-08-29 03:00:00,2024-08-30 15:50:00,-1.1456071310037457,2512.68,2500.3,bull,EMA,sl
fvg,2024-08-29 03:30:00,2024-08-30 15:50:00,-1.1247925655492863,2514.75,2500.3,bull,EMA,sl
fvg,2024-08-29 03:35:00,2024-08-30 15:50:00,-1.117633113650372,2515.63,2500.3,bull,EMA,sl
fvg,2024-08-29 04:05:00,2024-08-30 15:50:00,-1.1081029823147315,2516.99,2500.31,bull,EMA,sl
fvg,2024-08-29 03:45:00,2024-08-30 15:50:00,-1.1273528993409512,2514.46,2500.3,bull,EMA,sl
fvg,2024-08-29 03:40:00,2024-08-30 15:50:00,-1.1215684415153384,2515.13,2500.3,bull,EMA,sl
fvg,2024-08-23 20:15:00,2024-09-02 02:30:00,-1.0918875349675217,2511.05,2491.48,bull,EMA,sl
fvg,2024-08-23 20:35:00,2024-09-02 02:30:00,-1.089516855530795,2511.57,2491.48,bull,EMA,sl
fvg,2024-08-23 20:40:00,2024-09-02 02:30:00,-1.094684936702859,2510.47,2491.48,bull,EMA,sl
harmonic,2024-07-05 14:15:00,2024-09-12 13:05:00,4.942717770034843,2377.84,2346.34,bull,EMA+PRZ,tp
harmonic,2024-09-16 13:35:00,2024-09-17 09:40:00,-1.1628138700677562,2584.03,2572.65,bull,EMA+PRZ,sl
harmonic,2024-09-16 13:45:00,2024-09-17 09:40:00,-1.1426863292148266,2585.64,2572.65,bull,EMA+PRZ,sl
harmonic,2024-10-02 23:50:00,2024-10-03 14:00:00,-1.0881183069862315,2659.98,2638.4,bull,EMA+PRZ,sl
fvg,2024-10-02 23:50:00,2024-10-03 14:00:00,-1.088106655424988,2659.98,2638.4,bull,EMA,sl
fvg,2024-10-02 23:55:00,2024-10-03 14:00:00,-1.0886863044738366,2659.84,2638.4,bull,EMA,sl
fvg,2024-10-03 00:00:00,2024-10-03 14:00:00,-1.087052748063445,2660.35,2638.51,bull,EMA,sl
harmonic,2024-10-02 23:55:00,2024-10-03 14:00:00,-1.088628250892402,2659.84,2638.4,bull,EMA+PRZ,sl
harmonic,2024-10-03 00:00:00,2024-10-03 14:00:00,-1.0870984191738908,2660.35,2638.51,bull,EMA+PRZ,sl
harmonic,2024-09-24 13:00:00,2024-10-08 15:00:00,-1.1308516063233045,2633.96,2619.54,bull,EMA+RSI+PRZ,sl
harmonic,2024-09-24 13:05:00,2024-10-08 15:00:00,-1.123916369199388,2634.76,2619.54,bull,EMA+RSI+PRZ,sl
harmonic,2024-09-24 13:30:00,2024-10-08 15:00:00,-1.1324834268230495,2633.78,2619.54,bull,EMA+PRZ,sl
harmonic,2024-09-24 13:35:00,2024-10-08 15:00:00,-1.1400305966343702,2633.01,2619.54,bull,EMA+PRZ,sl
harmonic,2024-09-24 13:45:00,2024-10-08 15:00:00,-1.1430902600713921,2632.72,2619.54,bull,EMA+PRZ,sl
harmonic,2024-09-24 13:25:00,2024-10-08 15:00:00,-1.1357470678225396,2633.44,2619.54,bull,EMA+PRZ,sl
fvg,2024-09-19 06:05:00,2024-10-18 02:30:00,4.930073246561627,2574.92,2547.74,bull,EMA,tp
fvg,2024-09-19 06:15:00,2024-10-18 14:35:00,4.933393054750487,2576.34,2547.74,bull,EMA,tp
fvg,2024-09-19 06:00:00,2024-10-18 18:45:00,4.933814617695104,2576.52,2547.74,bull,EMA,tp
fvg,2024-09-19 06:10:00,2024-10-18 20:50:00,4.934394266743952,2576.8,2547.74,bull,EMA,tp
harmonic,2024-10-11 07:50:00,2024-10-21 13:00:00,4.898831802200295,2644.38,2625.31,bull,EMA+PRZ,tp
harmonic,2024-10-11 07:45:00,2024-10-22 13:45:00,4.8996257230350455,2644.52,2625.31,bull,EMA+PRZ,tp
harmonic,2024-10-28 23:25:00,2024-11-05 02:45:00,-1.123540956512757,2741.28,2725.41,bull,EMA+PRZ,sl
harmonic,2024-10-25 15:15:00,2024-11-06 06:30:00,-1.0778845160623902,2738.86,2713.76,bull,EMA+PRZ,sl
harmonic,2024-10-25 15:35:00,2024-11-06 06:30:00,-1.083772337568433,2737.1,2713.76,bull,EMA+PRZ,sl
harmonic,2024-10-25 16:05:00,2024-11-06 06:30:00,-1.0932754880694144,2734.76,2713.81,bull,EMA+PRZ,sl
harmonic,2024-10-25 15:30:00,2024-11-06 06:30:00,-1.0791240574320835,2738.45,2713.76,bull,EMA+PRZ,sl
harmonic,2024-10-25 15:50:00,2024-11-06 06:30:00,-1.0836690424542919,2737.11,2713.76,bull,EMA+PRZ,sl
harmonic,2024-10-25 15:45:00,2024-11-06 06:30:00,-1.0816031401714699,2737.7,2713.76,bull,EMA+PRZ,sl
harmonic,2024-10-25 15:55:00,2024-11-06 06:30:00,-1.0850118789381262,2736.74,2713.76,bull,EMA+PRZ,sl
harmonic,2024-10-25 15:40:00,2024-11-06 06:30:00,-1.0816031401714699,2737.72,2713.76,bull,EMA+PRZ,sl
threevol,2024-11-07 20:20:00,2024-11-07 20:40:00,-1.3233820672732848,2709.36,2703.35,bull,EMA+3VOL,sl
harmonic,2024-11-07 20:45:00,2024-11-11 13:30:00,-1.0354975380739724,2703.01,2649.12,bull,EMA+PRZ,sl
fvg,2024-11-07 20:45:00,2024-11-11 13:30:00,-1.0355171477694327,2703.01,2649.12,bull,EMA,sl
threevol,2024-11-17 23:10:00,2024-11-18 01:20:00,1.7215084956485702,2572.92,2572.92,bull,EMA+3VOL,tp
threevol,2024-11-18 00:50:00,2024-11-18 01:20:00,1.6466017405719022,2576.45,2576.45,bull,EMA+3VOL,tp
threevol,2024-11-18 13:35:00,2024-11-18 15:55:00,1.6290468076576126,2602.67,2602.67,bull,EMA+3VOL,tp
harmonic,2024-11-18 08:50:00,2024-11-19 01:10:00,4.704269350919819,2585.4,2578.99,bull,EMA+PRZ,tp
threevol,2024-11-19 02:35:00,2024-11-19 07:00:00,-0.44254857481013904,2622.06,2622.06,bull,EMA+3VOL,be
threevol,2024-11-19 06:50:00,2024-11-19 07:05:00,-1.3669000887661504,2626.01,2620.87,bull,EMA+3VOL,sl
threevol,2024-11-19 12:20:00,2024-11-19 13:25:00,-1.364503816793893,2634.68,2629.49,bull,EMA+3VOL,sl
threevol,2024-11-22 06:55:00,2024-11-22 09:30:00,1.5270875763747453,2692.55,2692.55,bull,EMA+3VOL,tp
threevol,2024-11-27 08:50:00,2024-11-27 11:10:00,-1.382246740220662,2651.53,2646.55,bull,EMA+3VOL,sl
threevol,2024-11-29 02:10:00,2024-11-29 08:40:00,-0.19050040683482508,2656.01,2656.01,bull,EMA+3VOL,be
threevol,2024-12-03 16:20:00,2024-12-03 17:35:00,-0.46464234766659873,2643.45,2643.45,bull,EMA+3VOL,be
harmonic,2024-12-03 16:40:00,2024-12-04 13:00:00,-1.1758011049723756,2646.7,2635.91,bull,EMA+PRZ,sl
harmonic,2024-12-03 16:20:00,2024-12-04 13:00:00,-1.2514917127071823,2643.45,2635.91,bull,EMA+PRZ,sl
harmonic,2024-12-03 16:25:00,2024-12-04 13:00:00,-1.2440883977900552,2643.68,2635.91,bull,EMA+PRZ,sl
harmonic,2024-12-03 16:35:00,2024-12-04 13:00:00,-1.2469613259668508,2643.59,2635.91,bull,EMA+PRZ,sl
harmonic,2024-12-03 17:00:00,2024-12-04 13:00:00,-1.1611049723756905,2647.62,2635.84,bull,EMA+PRZ,sl
fvg,2024-11-27 02:40:00,2024-12-06 01:10:00,-1.0823846751703012,2639.49,2616.6,bull,EMA+RSI,sl
fvg,2024-11-27 02:00:00,2024-12-06 01:10:00,-1.1230283911671923,2631.92,2616.6,bull,EMA+RSI,sl
fvg,2024-11-27 02:35:00,2024-12-06 01:10:00,-1.090019658940246,2637.55,2616.6,bull,EMA+RSI,sl
fvg,2024-11-27 02:45:00,2024-12-06 01:10:00,-1.087642298724455,2638.12,2616.6,bull,EMA+RSI,sl
threevol,2024-12-09 01:10:00,2024-12-09 13:45:00,1.8159295659295658,2642.56,2642.56,bull,EMA+3VOL,tp
threevol,2024-12-09 13:00:00,2024-12-09 13:55:00,1.557125307125307,2657.48,2657.48,bull,EMA+3VOL,tp
threevol,2024-12-10 13:45:00,2024-12-10 14:35:00,1.589779142319501,2678.75,2678.75,bull,EMA+3VOL,tp
threevol,2024-12-11 15:00:00,2024-12-12 00:55:00,1.7014037824137258,2709.25,2709.25,bull,EMA+3VOL,tp
fvg,2024-12-09 13:05:00,2024-12-18 19:00:00,-1.0802295003585942,2655.3,2631.65,bull,EMA,sl
fvg,2024-12-09 13:10:00,2024-12-18 19:00:00,-1.07979918718623,2655.42,2631.65,bull,EMA,sl
fvg,2024-12-09 13:15:00,2024-12-18 19:00:00,-1.0769782452785082,2656.3,2631.65,bull,EMA,sl
fvg,2024-12-09 13:20:00,2024-12-18 19:00:00,-1.078221372220894,2655.9,2631.65,bull,EMA,sl
fvg,2024-12-09 13:00:00,2024-12-18 19:00:00,-1.0734401147501793,2657.48,2631.65,bull,EMA,sl
harmonic,2025-01-06 12:00:00,2025-01-06 13:45:00,-1.0831862572067303,2644.9,2622.17,bull,EMA+PRZ,sl
harmonic,2025-01-06 12:05:00,2025-01-06 13:45:00,-1.0883633368631604,2643.55,2622.17,bull,EMA+PRZ,sl
harmonic,2025-01-06 12:10:00,2025-01-06 13:45:00,-1.0890693022708555,2643.38,2622.17,bull,EMA+PRZ,sl
harmonic,2025-01-06 12:15:00,2025-01-06 13:45:00,-1.0904812330862457,2643.05,2622.17,bull,EMA+PRZ,sl
harmonic,2025-01-06 12:20:00,2025-01-06 13:45:00,-1.0928344511118955,2642.53,2622.17,bull,EMA+PRZ,sl
harmonic,2025-01-06 12:25:00,2025-01-06 13:45:00,-1.0955406518413933,2641.94,2622.17,bull,EMA+PRZ,sl
harmonic,2024-12-20 12:45:00,2025-01-10 09:25:00,4.878220967172609,2602.65,2586.95,bull,EMA+PRZ,tp
harmonic,2024-12-20 12:35:00,2025-01-10 10:15:00,4.879868219790564,2602.86,2586.95,bull,EMA+PRZ,tp
harmonic,2024-12-20 12:00:00,2025-01-10 13:55:00,4.880691846099541,2602.98,2586.95,bull,EMA+PRZ,tp
harmonic,2024-12-20 12:55:00,2025-01-10 14:00:00,4.881515472408519,2603.09,2586.95,bull,EMA+PRZ,tp
harmonic,2024-12-20 11:55:00,2025-01-10 14:00:00,4.881986116013649,2603.24,2586.94,bull,EMA+PRZ,tp
harmonic,2024-12-20 13:00:00,2025-01-10 14:25:00,4.887280856571362,2603.97,2586.98,bull,EMA+PRZ,tp
harmonic,2024-12-20 12:25:00,2025-01-10 15:30:00,4.895399458759854,2605.3,2586.95,bull,EMA+PRZ,tp
harmonic,2024-12-20 12:30:00,2025-01-10 15:30:00,4.893869867043182,2605.03,2586.95,bull,EMA+PRZ,tp
harmonic,2025-01-10 14:10:00,2025-01-13 12:30:00,-1.1248752245957276,2682.8,2667.42,bull,EMA+PRZ,sl
harmonic,2025-01-10 14:05:00,2025-01-13 12:30:00,-1.1381513276103012,2681.32,2667.42,bull,EMA+PRZ,sl
harmonic,2025-01-10 14:45:00,2025-01-13 12:30:00,-1.097191603565609,2687.18,2667.42,bull,EMA+PRZ,sl
harmonic,2025-01-10 14:00:00,2025-01-13 12:30:00,-1.1065082850868435,2685.45,2667.42,bull,EMA+PRZ,sl
harmonic,2025-01-10 13:55:00,2025-01-13 12:30:00,-1.1321621082052304,2681.95,2667.42,bull,EMA+PRZ,sl
harmonic,2025-01-10 13:50:00,2025-01-13 12:30:00,-1.1496517196343057,2680.25,2667.42,bull,EMA+PRZ,sl
harmonic,2025-01-10 13:45:00,2025-01-13 12:30:00,-1.1508036019605608,2680.15,2667.42,bull,EMA+PRZ,sl
harmonic,2025-01-10 14:15:00,2025-01-13 12:30:00,-1.1098023557596326,2684.91,2667.42,bull,EMA+PRZ,sl
harmonic,2025-01-10 14:20:00,2025-01-13 12:30:00,-1.0959455573660501,2687.45,2667.42,bull,EMA+PRZ,sl
harmonic,2025-01-10 14:25:00,2025-01-13 12:30:00,-1.0903862743218633,2688.68,2667.42,bull,EMA+PRZ,sl
harmonic,2025-01-10 14:35:00,2025-01-13 12:30:00,-1.1083101696539825,2685.15,2667.42,bull,EMA+PRZ,sl
harmonic,2025-01-10 14:40:00,2025-01-13 12:30:00,-1.1078309211156907,2685.24,2667.42,bull,EMA+PRZ,sl
harmonic,2025-01-10 15:20:00,2025-01-13 12:30:00,-1.074187673727595,2693.32,2667.42,bull,EMA+PRZ,sl
harmonic,2025-01-10 14:55:00,2025-01-13 12:30:00,-1.1031342854404294,2686.04,2667.42,bull,EMA+PRZ,sl
harmonic,2025-01-10 15:00:00,2025-01-13 12:30:00,-1.096424805904342,2687.34,2667.42,bull,EMA+PRZ,sl
harmonic,2025-01-10 15:25:00,2025-01-13 12:30:00,-1.0720816688859298,2694.09,2667.42,bull,EMA+PRZ,sl
harmonic,2025-01-10 15:30:00,2025-01-13 12:30:00,-1.0648912561029737,2697.05,2667.42,bull,EMA+PRZ,sl
harmonic,2025-01-10 14:50:00,2025-01-13 12:30:00,-1.103038435732771,2686.07,2667.42,bull,EMA+PRZ,sl
harmonic,2025-01-07 16:30:00,2025-01-21 14:40:00,4.883056394763344,2650.25,2633.61,bull,EMA+PRZ,tp
fvg,2025-01-07 16:30:00,2025-01-21 14:40:00,4.883009904992925,2650.25,2633.61,bull,EMA,tp
harmonic,2025-01-07 16:50:00,2025-01-21 16:15:00,4.893378650553878,2651.92,2633.61,bull,EMA+PRZ,tp
fvg,2025-01-07 16:50:00,2025-01-21 16:15:00,4.893369719021629,2651.92,2633.61,bull,EMA,tp
harmonic,2025-01-07 17:10:00,2025-01-21 18:40:00,4.89551863041289,2652.25,2633.56,bull,EMA+PRZ,tp
fvg,2025-01-20 14:40:00,2025-01-22 04:25:00,4.772134627046695,2708.48,2699.89,bull,EMA,tp
fvg,2025-01-07 16:35:00,2025-01-22 04:25:00,4.900495249646251,2653.27,2633.61,bull,EMA,tp
harmonic,2025-01-07 16:35:00,2025-01-22 04:25:00,4.900427995971803,2653.27,2633.61,bull,EMA+PRZ,tp
fvg,2025-01-07 16:40:00,2025-01-22 05:35:00,4.903022033555691,2653.8,2633.61,bull,EMA,tp
fvg,2025-01-20 14:45:00,2025-01-22 05:35:00,4.784263189812007,2708.97,2699.89,bull,EMA,tp
fvg,2025-01-07 16:45:00,2025-01-22 05:35:00,4.9025672124519915,2653.7,2633.61,bull,EMA,tp
harmonic,2025-01-07 16:40:00,2025-01-22 05:35:00,4.903071500503525,2653.8,2633.61,bull,EMA+PRZ,tp
harmonic,2025-01-07 16:45:00,2025-01-22 05:35:00,4.902567975830816,2653.7,2633.61,bull,EMA+PRZ,tp
harmonic,2025-01-07 17:15:00,2025-01-22 05:50:00,4.904833836858006,2654.15,2633.56,bull,EMA+PRZ,tp
fvg,2025-01-20 14:50:00,2025-01-22 09:20:00,4.804174247018395,2709.91,2699.89,bull,EMA,tp
fvg,2025-01-20 14:55:00,2025-01-22 09:25:00,4.804982817869416,2709.95,2699.89,bull,EMA,tp
fvg,2025-01-24 05:35:00,2025-01-27 07:25:00,-1.073315743183817,2775.26,2748.27,bull,EMA,sl
fvg,2025-01-24 05:40:00,2025-01-27 07:25:00,-1.0727176781002639,2775.49,2748.27,bull,EMA,sl
fvg,2025-01-24 05:45:00,2025-01-27 07:25:00,-1.076235708003518,2774.23,2748.27,bull,EMA,sl
fvg,2025-01-24 06:05:00,2025-01-27 07:25:00,-1.0701495162708883,2776.53,2748.31,bull,EMA,sl
fvg,2025-01-24 06:10:00,2025-01-27 07:25:00,-1.0683905013192612,2777.26,2748.31,bull,EMA,sl
fvg,2025-01-24 06:15:00,2025-01-27 07:25:00,-1.0694459102902374,2776.82,2748.31,bull,EMA,sl
fvg,2025-01-24 06:20:00,2025-01-27 07:25:00,-1.0709234828496044,2776.22,2748.31,bull,EMA,sl
fvg,2024-11-19 06:55:00,2025-02-05 05:40:00,4.957573263841265,2624.68,2577.89,bull,EMA,tp
fvg,2024-11-19 06:50:00,2025-02-05 08:40:00,4.958670507017784,2626.01,2577.89,bull,EMA,tp
harmonic,2025-02-07 14:25:00,2025-02-07 17:20:00,-1.1190994308670907,2872.96,2855.73,bull,EMA+RSI+PRZ,sl
harmonic,2025-02-07 14:30:00,2025-02-07 17:20:00,-1.126548376297288,2871.95,2855.73,bull,EMA+RSI+PRZ,sl
harmonic,2025-02-07 14:50:00,2025-02-07 17:20:00,-1.1086374288583865,2874.62,2855.73,bull,EMA+RSI+PRZ,sl
harmonic,2025-02-07 14:35:00,2025-02-07 17:20:00,-1.1052058921995314,2875.25,2855.73,bull,EMA+RSI+PRZ,sl
harmonic,2025-02-07 14:40:00,2025-02-07 17:20:00,-1.097924338801473,2876.7,2855.73,bull,EMA+RSI+PRZ,sl
harmonic,2025-02-07 14:45:00,2025-02-07 17:20:00,-1.1060428523602277,2875.09,2855.73,bull,EMA+RSI+PRZ,sl
harmonic,2025-02-07 14:20:00,2025-02-07 17:20:00,-1.133244057582859,2871.13,2855.73,bull,EMA+RSI+PRZ,sl
harmonic,2025-02-07 14:55:00,2025-02-07 17:20:00,-1.1037830599263474,2875.51,2855.73,bull,EMA+RSI+PRZ,sl
harmonic,2025-02-07 15:05:00,2025-02-07 17:30:00,-1.0819383997321728,2880.28,2855.22,bull,EMA+RSI+PRZ,sl
harmonic,2025-02-07 15:00:00,2025-02-07 17:30:00,-1.0907264814194844,2877.85,2855.22,bull,EMA+RSI+PRZ,sl
harmonic,2025-03-03 04:55:00,2025-03-12 17:25:00,4.855905882352942,2866.95,2852.49,bull,EMA+PRZ,tp
harmonic,2025-03-03 04:40:00,2025-03-13 02:40:00,4.860047058823529,2867.38,2852.49,bull,EMA+PRZ,tp
harmonic,2025-03-03 04:45:00,2025-03-13 02:40:00,4.860047058823529,2867.38,2852.49,bull,EMA+PRZ,tp
fvg,2025-03-17 00:20:00,2025-03-18 12:00:00,4.736455625043918,2988.0,2979.72,bull,EMA,tp
fvg,2025-03-17 02:10:00,2025-03-18 12:30:00,4.743306865294076,2989.35,2980.96,bull,EMA,tp
fvg,2025-03-17 02:05:00,2025-03-18 12:35:00,4.749209472278828,2989.55,2980.96,bull,EMA,tp
fvg,2025-03-17 01:15:00,2025-03-18 12:40:00,4.756763403836694,2989.9,2981.04,bull,EMA,tp
fvg,2025-03-17 00:25:00,2025-03-18 12:40:00,4.758836343194435,2988.78,2979.72,bull,EMA,tp
fvg,2025-03-17 00:40:00,2025-03-18 12:45:00,4.762490337994519,2988.92,2979.72,bull,EMA,tp
fvg,2025-03-17 00:45:00,2025-03-18 12:45:00,4.76171737755604,2988.89,2979.72,bull,EMA,tp
fvg,2025-03-17 00:50:00,2025-03-18 12:50:00,4.7649848921368845,2989.02,2979.72,bull,EMA,tp
fvg,2025-03-17 01:10:00,2025-03-18 13:20:00,4.767128100625395,2990.3,2981.04,bull,EMA,tp
fvg,2025-03-17 01:55:00,2025-03-18 13:20:00,4.767128100625395,2990.3,2981.04,bull,EMA,tp
fvg,2025-03-17 02:00:00,2025-03-18 13:20:00,4.770079404117771,2990.34,2980.96,bull,EMA,tp
fvg,2025-03-17 01:05:00,2025-03-19 05:35:00,4.783500808095003,2991.01,2981.04,bull,EMA,tp
fvg,2025-03-17 01:25:00,2025-03-19 05:35:00,4.78768182137587,2991.21,2981.04,bull,EMA,tp
fvg,2025-03-17 01:30:00,2025-03-19 05:35:00,4.780233293514159,2990.86,2981.04,bull,EMA,tp
fvg,2025-03-17 01:50:00,2025-03-19 05:35:00,4.788911531164359,2991.27,2981.04,bull,EMA,tp
fvg,2025-03-17 01:20:00,2025-03-19 19:05:00,4.807919331037875,2992.3,2981.04,bull,EMA,tp
fvg,2025-03-13 14:00:00,2025-03-28 01:00:00,4.902220504532359,2951.92,2929.5,bull,EMA,tp
fvg,2025-03-13 14:10:00,2025-03-28 01:30:00,4.904574520413183,2952.49,2929.5,bull,EMA,tp
fvg,2025-03-13 14:05:00,2025-03-28 01:45:00,4.905698826505516,2952.78,2929.5,bull,EMA,tp
fvg,2025-03-13 14:15:00,2025-03-28 01:45:00,4.907455554774788,2953.24,2929.5,bull,EMA,tp
fvg,2025-03-13 14:25:00,2025-03-28 01:45:00,4.907104209120933,2953.14,2929.5,bull,EMA,tp
fvg,2025-03-13 14:20:00,2025-03-28 01:50:00,4.907771765863256,2953.32,2929.5,bull,EMA,tp
harmonic,2025-03-18 01:50:00,2025-03-31 04:50:00,4.899457861015279,3003.81,2982.05,bull,EMA+PRZ,tp
fvg,2025-03-13 14:50:00,2025-04-02 23:05:00,4.93977935492938,2966.68,2929.5,bull,EMA,tp
fvg,2025-03-13 14:45:00,2025-04-02 23:45:00,4.9428009275525255,2968.78,2929.5,bull,EMA,tp
harmonic,2025-04-02 20:30:00,2025-04-03 10:25:00,-1.0850364106178059,3132.33,3106.12,bull,EMA+PRZ,sl
harmonic,2025-04-02 20:35:00,2025-04-03 10:25:00,-1.0968600736042597,3129.13,3106.12,bull,EMA+PRZ,sl
harmonic,2025-04-02 20:25:00,2025-04-03 10:25:00,-1.0892647404275313,3131.1,3106.12,bull,EMA+PRZ,sl
harmonic,2025-04-02 20:45:00,2025-04-03 10:25:00,-1.0914572077362774,3130.5,3106.12,bull,EMA+PRZ,sl
harmonic,2025-04-02 20:50:00,2025-04-03 10:25:00,-1.089343042831415,3131.07,3106.12,bull,EMA+PRZ,sl
harmonic,2025-04-02 21:55:00,2025-04-03 10:25:00,-1.0882468091770416,3130.45,3105.19,bull,EMA+PRZ,sl
harmonic,2025-04-02 20:40:00,2025-04-03 10:25:00,-1.097173283219795,3129.05,3106.12,bull,EMA+PRZ,sl
harmonic,2025-04-02 22:45:00,2025-04-03 10:30:00,-1.0537154490642864,3144.16,3102.62,bull,EMA+PRZ,sl
fvg,2025-04-02 22:50:00,2025-04-03 10:30:00,-1.0574361251537094,3141.44,3102.62,bull,EMA,sl
fvg,2025-04-02 22:45:00,2025-04-03 10:30:00,-1.0536787812542698,3144.16,3102.62,bull,EMA,sl
harmonic,2025-04-02 12:25:00,2025-04-03 10:30:00,-1.1032808707227313,3125.42,3103.86,bull,EMA+PRZ,sl
harmonic,2025-04-02 12:30:00,2025-04-03 10:30:00,-1.1095450630334351,3124.19,3103.86,bull,EMA+PRZ,sl
harmonic,2025-04-02 12:35:00,2025-04-03 10:30:00,-1.115104533709185,3123.2,3103.86,bull,EMA+PRZ,sl
harmonic,2025-04-02 22:50:00,2025-04-03 10:30:00,-1.0573956620468248,3141.44,3102.62,bull,EMA+PRZ,sl
harmonic,2025-04-02 23:40:00,2025-04-03 10:55:00,-1.0365672226137344,3160.36,3099.3,bull,EMA+PRZ,sl
harmonic,2025-04-02 23:35:00,2025-04-03 10:55:00,-1.0371153394409207,3159.38,3099.3,bull,EMA+PRZ,sl
harmonic,2025-04-02 23:30:00,2025-04-03 10:55:00,-1.0383681779030618,3157.45,3099.3,bull,EMA+PRZ,sl
harmonic,2025-04-03 00:05:00,2025-04-03 10:55:00,-1.040560645211808,3154.02,3099.01,bull,EMA+PRZ,sl
harmonic,2025-04-02 23:20:00,2025-04-03 10:55:00,-1.0391512019418998,3156.32,3099.3,bull,EMA+PRZ,sl
harmonic,2025-04-02 23:15:00,2025-04-03 10:55:00,-1.038211573095294,3157.68,3099.3,bull,EMA+PRZ,sl
harmonic,2025-04-02 23:10:00,2025-04-03 10:55:00,-1.0389945971341321,3156.51,3099.3,bull,EMA+PRZ,sl
harmonic,2025-04-02 23:25:00,2025-04-03 10:55:00,-1.0371153394409207,3159.4,3099.3,bull,EMA+PRZ,sl
harmonic,2025-04-02 23:55:00,2025-04-03 10:55:00,-1.0354709889593612,3162.17,3099.3,bull,EMA+PRZ,sl
fvg,2025-04-02 23:10:00,2025-04-03 10:55:00,-1.038993962440375,3156.51,3099.3,bull,EMA,sl
fvg,2025-04-02 23:15:00,2025-04-03 10:55:00,-1.038210080389606,3157.68,3099.3,bull,EMA,sl
fvg,2025-04-02 23:20:00,2025-04-03 10:55:00,-1.0391273891724206,3156.32,3099.3,bull,EMA,sl
fvg,2025-04-02 23:25:00,2025-04-03 10:55:00,-1.0371259881917343,3159.4,3099.3,bull,EMA,sl
fvg,2025-04-02 23:30:00,2025-04-03 10:55:00,-1.0383768638046633,3157.45,3099.3,bull,EMA,sl
fvg,2025-04-02 23:35:00,2025-04-03 10:55:00,-1.03714266653324,3159.38,3099.3,bull,EMA,sl
fvg,2025-04-02 23:40:00,2025-04-03 10:55:00,-1.0365517803308075,3160.36,3099.3,bull,EMA,sl
fvg,2025-04-02 23:55:00,2025-04-03 10:55:00,-1.0355088405442843,3162.17,3099.3,bull,EMA,sl
fvg,2025-04-03 00:05:00,2025-04-03 10:55:00,-1.040544284201092,3154.02,3099.01,bull,EMA,sl
threevol,2025-04-10 00:20:00,2025-04-10 01:15:00,-1.2535467791411046,3092.84,3084.12,bull,EMA+3VOL,sl
fvg,2025-03-13 14:55:00,2025-04-10 15:25:00,4.943679291687162,2969.43,2929.5,bull,EMA,tp
fvg,2025-03-13 15:00:00,2025-04-10 18:50:00,4.945365750825662,2970.05,2929.03,bull,EMA,tp
threevol,2025-04-10 18:40:00,2025-04-10 22:30:00,1.6500679479712679,3173.3,3173.3,bull,EMA+3VOL,tp
harmonic,2025-03-14 03:55:00,2025-04-16 01:05:00,4.9592574338754725,2992.07,2935.69,bull,EMA+PRZ,tp
fvg,2025-04-16 20:40:00,2025-04-17 14:35:00,-1.0465810324967713,3338.72,3288.01,bull,EMA,sl
fvg,2025-04-16 20:25:00,2025-04-17 14:35:00,-1.04701734790045,3338.24,3288.01,bull,EMA,sl
fvg,2025-04-16 20:35:00,2025-04-17 14:35:00,-1.0467206534259486,3338.56,3288.01,bull,EMA,sl
fvg,2025-04-16 20:45:00,2025-04-17 14:35:00,-1.0449753918112326,3340.52,3288.01,bull,EMA,sl
fvg,2025-04-16 22:05:00,2025-04-17 14:35:00,-1.0371217145450102,3352.26,3288.55,bull,EMA,sl
fvg,2025-04-16 20:30:00,2025-04-17 14:35:00,-1.046982442668156,3338.28,3288.01,bull,EMA,sl
fvg,2025-04-16 22:10:00,2025-04-17 14:35:00,-1.0362665363537993,3353.76,3288.55,bull,EMA,sl
harmonic,2025-05-08 01:35:00,2025-05-08 05:55:00,-1.0671677290457615,3394.16,3358.33,bull,EMA+PRZ,sl
harmonic,2025-05-08 01:55:00,2025-05-08 05:55:00,-1.0484254590429074,3408.16,3358.33,bull,EMA+PRZ,sl
harmonic,2025-05-08 02:00:00,2025-05-08 05:55:00,-1.0452858909713634,3410.92,3357.71,bull,EMA+PRZ,sl
harmonic,2025-05-08 02:05:00,2025-05-08 05:55:00,-1.0459518599562363,3410.13,3357.71,bull,EMA+PRZ,sl
harmonic,2025-05-08 01:20:00,2025-05-08 05:55:00,-1.0809628008752736,3388.04,3358.33,bull,EMA+PRZ,sl
harmonic,2025-05-08 01:15:00,2025-05-08 05:55:00,-1.0726857577775664,3391.44,3358.33,bull,EMA+PRZ,sl
harmonic,2025-05-08 01:10:00,2025-05-08 05:55:00,-1.0723052040719245,3391.61,3358.33,bull,EMA+PRZ,sl
harmonic,2025-05-08 01:05:00,2025-05-08 05:55:00,-1.070117020264485,3392.66,3358.33,bull,EMA+PRZ,sl
harmonic,2025-05-08 01:00:00,2025-05-08 05:55:00,-1.0689753591475597,3393.26,3358.33,bull,EMA+PRZ,sl
harmonic,2025-05-08 02:10:00,2025-05-08 05:55:00,-1.0468081057939302,3409.22,3357.71,bull,EMA+PRZ,sl
harmonic,2025-05-08 01:25:00,2025-05-08 05:55:00,-1.0822947388450195,3387.57,3358.33,bull,EMA+PRZ,sl
harmonic,2025-05-08 01:30:00,2025-05-08 05:55:00,-1.0787746170678336,3388.88,3358.33,bull,EMA+PRZ,sl
fvg,2025-05-06 07:10:00,2025-05-08 16:10:00,-1.0460159662599788,3367.38,3315.64,bull,EMA,sl
fvg,2025-05-06 06:50:00,2025-05-08 16:10:00,-1.0486707335442085,3364.34,3315.42,bull,EMA,sl
fvg,2025-05-06 06:45:00,2025-05-08 16:10:00,-1.048369483355927,3364.64,3315.42,bull,EMA,sl
fvg,2025-05-06 06:40:00,2025-05-08 16:10:00,-1.0466749510468443,3366.43,3315.42,bull,EMA,sl
fvg,2025-05-06 00:00:00,2025-05-08 17:05:00,-1.0787204398252748,3331.48,3301.41,bull,EMA,sl
fvg,2025-05-05 23:55:00,2025-05-08 17:05:00,-1.0736368428980267,3333.47,3301.32,bull,EMA,sl
fvg,2025-05-05 23:50:00,2025-05-08 17:05:00,-1.0744652809158004,3333.11,3301.32,bull,EMA,sl
fvg,2025-05-05 23:45:00,2025-05-08 17:05:00,-1.0729778581111613,3333.76,3301.32,bull,EMA,sl
fvg,2025-05-05 23:40:00,2025-05-08 17:05:00,-1.0752748907968068,3332.77,3301.32,bull,EMA,sl
fib,2025-05-06 00:20:00,2025-05-08 17:05:00,-1.0977332170880558,3325.61,3301.41,bull,FIB618,sl
fvg,2025-05-05 23:30:00,2025-05-08 17:05:00,-1.0766493447808405,3332.2,3301.32,bull,EMA,sl
harmonic,2025-05-13 23:20:00,2025-05-14 11:55:00,-1.0710078534031413,3253.97,3221.4,bull,EMA+PRZ,sl
harmonic,2025-05-13 22:40:00,2025-05-14 11:55:00,-1.0767888307155322,3251.4,3221.29,bull,EMA+PRZ,sl
harmonic,2025-05-13 22:35:00,2025-05-14 11:55:00,-1.075479930191972,3251.9,3221.29,bull,EMA+PRZ,sl
harmonic,2025-05-13 23:50:00,2025-05-14 11:55:00,-1.0715532286212912,3253.72,3221.4,bull,EMA+PRZ,sl
harmonic,2025-05-13 23:55:00,2025-05-14 11:55:00,-1.0717713787085514,3253.62,3221.4,bull,EMA+PRZ,sl
harmonic,2025-05-13 23:10:00,2025-05-14 11:55:00,-1.069698952879581,3254.59,3221.4,bull,EMA+PRZ,sl
harmonic,2025-05-13 23:05:00,2025-05-14 11:55:00,-1.068280977312391,3255.25,3221.4,bull,EMA+PRZ,sl
harmonic,2025-05-13 23:15:00,2025-05-14 11:55:00,-1.0715532286212912,3253.72,3221.4,bull,EMA+PRZ,sl
threevol,2025-05-15 15:25:00,2025-05-15 19:40:00,1.684205500381971,3215.55,3215.55,bull,EMA+3VOL,tp
threevol,2025-06-04 01:20:00,2025-06-04 02:40:00,-0.3031555221637866,3363.1,3363.1,bull,EMA+3VOL,be
harmonic,2025-06-06 05:25:00,2025-06-06 12:30:00,-1.1438797423049392,3368.6,3351.92,bull,EMA+PRZ,sl
harmonic,2025-06-06 05:00:00,2025-06-06 12:30:00,-1.1079694583631592,3374.15,3351.92,bull,EMA+PRZ,sl
harmonic,2025-06-06 05:05:00,2025-06-06 12:30:00,-1.1084466714387975,3374.05,3351.92,bull,EMA+PRZ,sl
harmonic,2025-06-06 05:55:00,2025-06-06 12:30:00,-1.1769267477928897,3365.48,3351.92,bull,EMA+PRZ,sl
harmonic,2025-06-06 05:40:00,2025-06-06 12:30:00,-1.1741827726079697,3365.69,3351.92,bull,EMA+PRZ,sl
harmonic,2025-06-06 05:35:00,2025-06-06 12:30:00,-1.1506800286327847,3367.85,3351.92,bull,EMA+PRZ,sl
harmonic,2025-06-06 05:30:00,2025-06-06 12:30:00,-1.1565258888093535,3367.25,3351.92,bull,EMA+PRZ,sl
harmonic,2025-06-06 05:15:00,2025-06-06 12:30:00,-1.1194225721784778,3372.01,3351.92,bull,EMA+PRZ,sl
harmonic,2025-06-06 05:10:00,2025-06-06 12:30:00,-1.1122643760439037,3373.31,3351.92,bull,EMA+PRZ,sl
harmonic,2025-06-06 05:20:00,2025-06-06 12:30:00,-1.145311381531854,3368.44,3351.92,bull,EMA+PRZ,sl
fvg,2025-06-06 05:55:00,2025-06-06 12:30:00,-1.1769242114578287,3365.48,3351.92,bull,EMA,sl
harmonic,2025-06-09 14:40:00,2025-06-10 01:30:00,-1.2508415241685742,3317.76,3308.32,bull,EMA+PRZ,sl
harmonic,2025-06-09 14:45:00,2025-06-10 01:30:00,-1.1913289349670124,3320.7,3308.32,bull,EMA+PRZ,sl
harmonic,2025-06-09 14:50:00,2025-06-10 01:30:00,-1.2018311565908175,3320.05,3308.32,bull,EMA+PRZ,sl
harmonic,2025-06-09 14:55:00,2025-06-10 01:30:00,-1.1967146896458867,3320.36,3308.32,bull,EMA+PRZ,sl
harmonic,2025-06-09 15:00:00,2025-06-10 01:30:00,-1.170728423320318,3322.1,3308.23,bull,EMA+PRZ,sl
harmonic,2025-06-09 15:05:00,2025-06-10 01:30:00,-1.1582065436919349,3323.2,3308.23,bull,EMA+PRZ,sl
harmonic,2025-06-09 15:25:00,2025-06-10 01:30:00,-1.1079843813114314,3330.18,3308.23,bull,EMA+PRZ,sl
harmonic,2025-06-09 15:30:00,2025-06-10 01:30:00,-1.1105426147838966,3329.66,3308.23,bull,EMA+PRZ,sl
harmonic,2025-06-09 15:35:00,2025-06-10 01:30:00,-1.1132354921233338,3329.15,3308.23,bull,EMA+PRZ,sl
threevol,2025-06-11 02:15:00,2025-06-11 09:05:00,-0.3142426525998493,3335.35,3335.35,bull,EMA+3VOL,be
fvg,2025-06-13 05:15:00,2025-06-17 03:20:00,-1.04603215214703,3426.91,3374.28,bull,EMA,sl
fvg,2025-06-13 05:05:00,2025-06-17 03:20:00,-1.0463946100379515,3426.49,3374.28,bull,EMA,sl
fvg,2025-06-13 05:00:00,2025-06-17 03:20:00,-1.0480789731781162,3424.65,3374.28,bull,EMA,sl
fvg,2025-06-13 04:55:00,2025-06-17 03:20:00,-1.0477165152871946,3424.79,3374.04,bull,EMA,sl
fvg,2025-06-13 05:10:00,2025-06-17 03:20:00,-1.0481429363353376,3424.59,3374.28,bull,EMA,sl
fvg,2025-06-13 04:45:00,2025-06-17 03:20:00,-1.0455417679416656,3427.23,3374.04,bull,EMA,sl
fvg,2025-06-13 03:25:00,2025-06-17 03:20:00,-1.043729478487058,3429.7,3374.28,bull,EMA,sl
fvg,2025-06-13 03:30:00,2025-06-17 03:20:00,-1.0455630889940728,3427.44,3374.28,bull,EMA,sl
fvg,2025-06-13 03:35:00,2025-06-17 03:20:00,-1.0457123363609229,3427.27,3374.28,bull,EMA,sl
fvg,2025-06-13 04:50:00,2025-06-17 03:20:00,-1.0460747942518442,3426.61,3374.04,bull,EMA,sl
fvg,2025-06-13 03:45:00,2025-06-17 03:20:00,-1.043132489019658,3430.45,3374.28,bull,EMA,sl
fvg,2025-06-13 03:50:00,2025-06-17 03:20:00,-1.0462240416186943,3426.68,3374.28,bull,EMA,sl
fvg,2025-06-13 03:55:00,2025-06-17 03:20:00,-1.0477165152871946,3425.05,3374.28,bull,EMA,sl
fvg,2025-06-13 03:40:00,2025-06-17 03:20:00,-1.0438147626966867,3429.57,3374.28,bull,EMA,sl
fvg,2025-06-13 04:25:00,2025-06-17 03:20:00,-1.0459681889898085,3426.73,3374.04,bull,EMA,sl
fvg,2025-06-13 04:30:00,2025-06-17 03:20:00,-1.0462027205662872,3426.47,3374.04,bull,EMA,sl
fvg,2025-06-13 04:35:00,2025-06-17 03:20:00,-1.0447955311074155,3428.11,3374.04,bull,EMA,sl
fvg,2025-06-13 04:40:00,2025-06-17 03:20:00,-1.04498742057908,3427.88,3374.04,bull,EMA,sl
fvg,2025-06-13 04:15:00,2025-06-17 03:20:00,-1.0456696942561086,3427.09,3374.04,bull,EMA,sl
harmonic,2025-06-18 15:00:00,2025-06-18 19:10:00,-1.1436738378215736,3387.82,3371.02,bull,EMA+PRZ,sl
harmonic,2025-06-18 16:15:00,2025-06-18 19:10:00,-1.1171957273958177,3391.56,3370.97,bull,EMA+PRZ,sl
harmonic,2025-06-18 15:25:00,2025-06-18 19:10:00,-1.152399578757334,3386.86,3371.02,bull,EMA+PRZ,sl
harmonic,2025-06-18 15:30:00,2025-06-18 19:10:00,-1.1490898149541147,3387.2,3371.02,bull,EMA+PRZ,sl
harmonic,2025-06-18 15:35:00,2025-06-18 19:10:00,-1.1420189559199638,3388.01,3371.02,bull,EMA+PRZ,sl
harmonic,2025-06-18 15:55:00,2025-06-18 19:10:00,-1.1138859635925982,3392.23,3371.02,bull,EMA+PRZ,sl
harmonic,2025-06-18 16:05:00,2025-06-18 19:10:00,-1.1224612607191213,3390.67,3370.97,bull,EMA+PRZ,sl
harmonic,2025-06-18 16:10:00,2025-06-18 19:10:00,-1.126523243568527,3390.05,3370.97,bull,EMA+PRZ,sl
harmonic,2025-06-18 16:20:00,2025-06-18 19:10:00,-1.1217090416729352,3390.79,3370.97,bull,EMA+PRZ,sl
harmonic,2025-06-18 15:20:00,2025-06-18 19:10:00,-1.13840830449827,3388.45,3371.02,bull,EMA+PRZ,sl
harmonic,2025-06-18 15:05:00,2025-06-18 19:10:00,-1.1623288701669927,3385.88,3371.02,bull,EMA+PRZ,sl
harmonic,2025-06-10 13:30:00,2025-06-24 13:40:00,-1.051150895140665,3344.04,3297.75,bull,EMA+PRZ,sl
harmonic,2025-06-10 13:55:00,2025-06-24 13:40:00,-1.0522040018053256,3343.06,3297.75,bull,EMA+PRZ,sl
harmonic,2025-06-10 13:50:00,2025-06-24 13:40:00,-1.0487437941928688,3346.31,3297.75,bull,EMA+PRZ,sl
harmonic,2025-06-10 13:45:00,2025-06-24 13:40:00,-1.0488942380021062,3346.16,3297.75,bull,EMA+PRZ,sl
harmonic,2025-06-10 13:40:00,2025-06-24 13:40:00,-1.0479915751466826,3347.12,3297.75,bull,EMA+PRZ,sl
harmonic,2025-06-10 13:35:00,2025-06-24 13:40:00,-1.0510004513314277,3344.15,3297.75,bull,EMA+PRZ,sl
harmonic,2025-06-10 13:10:00,2025-06-24 13:40:00,-1.0580713103655786,3338.49,3297.75,bull,EMA+PRZ,sl
harmonic,2025-06-10 12:35:00,2025-06-24 13:40:00,-1.0600270798856626,3337.34,3297.87,bull,EMA+PRZ,sl
harmonic,2025-06-10 12:40:00,2025-06-24 13:40:00,-1.0588235294117647,3338.13,3297.87,bull,EMA+PRZ,sl
harmonic,2025-06-10 12:55:00,2025-06-24 13:40:00,-1.0610801865503234,3336.63,3297.87,bull,EMA+PRZ,sl
harmonic,2025-06-10 13:00:00,2025-06-24 13:40:00,-1.0582217541748158,3338.41,3297.75,bull,EMA+PRZ,sl
harmonic,2025-06-10 12:30:00,2025-06-24 13:40:00,-1.0583721979840528,3338.41,3297.87,bull,EMA+PRZ,sl
harmonic,2025-06-10 13:05:00,2025-06-24 13:40:00,-1.0598766360764256,3337.24,3297.75,bull,EMA+PRZ,sl
harmonic,2025-06-25 06:20:00,2025-06-25 13:00:00,-1.1889908256880735,3329.91,3317.35,bull,EMA+PRZ,sl
harmonic,2025-06-25 06:30:00,2025-06-25 13:00:00,-1.1944954128440368,3329.56,3317.35,bull,EMA+PRZ,sl
harmonic,2025-06-25 06:10:00,2025-06-25 13:00:00,-1.198776758409786,3329.3,3317.35,bull,EMA+PRZ,sl
harmonic,2025-06-25 06:00:00,2025-06-25 13:00:00,-1.1582059123343529,3332.36,3317.35,bull,EMA+PRZ,sl
harmonic,2025-06-25 06:15:00,2025-06-25 13:00:00,-1.1891946992864424,3329.9,3317.35,bull,EMA+PRZ,sl
harmonic,2025-06-25 06:05:00,2025-06-25 13:00:00,-1.17940876656473,3330.59,3317.35,bull,EMA+PRZ,sl
harmonic,2025-06-25 18:20:00,2025-06-27 03:05:00,-1.1095258999122035,3329.49,3307.86,bull,EMA+PRZ,sl
harmonic,2025-06-25 18:25:00,2025-06-27 03:05:00,-1.112379280070237,3328.95,3307.86,bull,EMA+PRZ,sl
harmonic,2025-06-25 18:35:00,2025-06-27 03:05:00,-1.1110623353819138,3329.19,3307.86,bull,EMA+PRZ,sl
harmonic,2025-06-25 19:35:00,2025-06-27 03:05:00,-1.0886742756804213,3334.7,3307.97,bull,EMA+PRZ,sl
harmonic,2025-06-25 19:45:00,2025-06-27 03:05:00,-1.0924056189640035,3333.64,3307.97,bull,EMA+PRZ,sl
harmonic,2025-06-25 19:50:00,2025-06-27 03:05:00,-1.0970149253731343,3332.38,3307.97,bull,EMA+PRZ,sl
harmonic,2025-06-25 19:55:00,2025-06-27 03:05:00,-1.094161545215101,3333.16,3307.97,bull,EMA+PRZ,sl
harmonic,2025-06-25 18:55:00,2025-06-27 03:05:00,-1.1020632133450394,3331.1,3307.86,bull,EMA+PRZ,sl
harmonic,2025-07-11 00:15:00,2025-07-22 13:30:00,4.8676293622142,3325.26,3306.89,bull,EMA+PRZ,tp
harmonic,2025-07-11 00:10:00,2025-07-22 14:25:00,4.873164861612515,3326.09,3306.89,bull,EMA+PRZ,tp
harmonic,2025-07-11 00:40:00,2025-07-28 13:50:00,-1.0830324909747293,3335.41,3306.89,bull,EMA+PRZ,sl
harmonic,2025-07-11 00:50:00,2025-07-28 13:50:00,-1.0957882069795428,3331.6,3306.89,bull,EMA+PRZ,sl
harmonic,2025-07-11 00:45:00,2025-07-28 13:50:00,-1.088808664259928,3333.6,3306.89,bull,EMA+PRZ,sl
harmonic,2025-07-11 00:35:00,2025-07-28 13:50:00,-1.0842358604091455,3335.01,3306.89,bull,EMA+PRZ,sl
fvg,2025-08-28 11:55:00,2025-09-09 00:00:00,4.869299132563461,3403.59,3384.46,bull,EMA,tp
harmonic,2025-07-31 12:30:00,2025-09-09 00:00:00,4.94496460379082,3308.75,3263.92,bull,EMA+RSI+PRZ,tp
harmonic,2025-07-31 12:25:00,2025-09-09 00:00:00,4.941539164192738,3306.06,3263.92,bull,EMA+RSI+PRZ,tp
harmonic,2025-07-31 12:20:00,2025-09-09 00:00:00,4.941082438912994,3305.56,3263.92,bull,EMA+RSI+PRZ,tp
harmonic,2025-07-31 12:40:00,2025-09-09 00:00:00,4.944051153231332,3307.99,3263.92,bull,EMA+RSI+PRZ,tp
harmonic,2025-07-31 12:55:00,2025-09-09 00:00:00,4.942909340031971,3307.06,3263.92,bull,EMA+RSI+PRZ,tp
harmonic,2025-07-31 12:15:00,2025-09-09 00:00:00,4.9422242521123545,3306.56,3263.92,bull,EMA+RSI+PRZ,tp
harmonic,2025-07-31 12:35:00,2025-09-09 00:00:00,4.945878054350309,3309.66,3263.92,bull,EMA+RSI+PRZ,tp
harmonic,2025-09-09 13:45:00,2025-09-09 15:15:00,-1.0744825246012895,3666.27,3631.38,bull,EMA+PRZ,sl
harmonic,2025-09-09 13:50:00,2025-09-09 15:15:00,-1.0787241262300644,3664.39,3631.38,bull,EMA+PRZ,sl
harmonic,2025-09-09 13:55:00,2025-09-09 15:15:00,-1.0770274855785544,3665.12,3631.38,bull,EMA+PRZ,sl
harmonic,2025-09-09 13:30:00,2025-09-09 15:15:00,-1.0817780794027825,3663.14,3631.38,bull,EMA+PRZ,sl
harmonic,2025-09-09 13:40:00,2025-09-09 15:15:00,-1.0817780794027825,3663.13,3631.38,bull,EMA+PRZ,sl
harmonic,2025-09-09 13:35:00,2025-09-09 15:15:00,-1.0797421106209706,3663.96,3631.38,bull,EMA+PRZ,sl
threevol,2025-09-16 00:15:00,2025-09-16 01:00:00,-0.46739746739746746,3680.96,3680.96,bull,EMA+3VOL,be
fvg,2025-09-01 08:50:00,2025-09-16 09:50:00,4.941674205736789,3476.63,3432.31,bull,EMA,tp
fvg,2025-09-01 08:35:00,2025-09-16 11:50:00,4.9419136820818474,3476.81,3432.31,bull,EMA,tp
fvg,2025-09-01 07:55:00,2025-09-16 14:15:00,4.942020116012985,3477.38,3432.43,bull,EMA,tp
harmonic,2025-09-15 11:55:00,2025-09-16 14:15:00,4.783058226011246,3642.09,3630.06,bull,EMA+PRZ,tp
fvg,2025-09-01 08:20:00,2025-09-17 18:05:00,4.943031238358789,3477.74,3432.31,bull,EMA,tp
fvg,2025-09-01 08:45:00,2025-09-17 18:05:00,4.943403757117769,3478.06,3432.31,bull,EMA,tp
harmonic,2025-09-15 12:00:00,2025-09-17 18:05:00,4.7854162887719935,3642.17,3630.01,bull,EMA+PRZ,tp
fvg,2025-09-01 08:00:00,2025-09-17 18:05:00,4.943403757117769,3478.06,3432.31,bull,EMA,tp
harmonic,2025-09-15 12:35:00,2025-09-17 18:05:00,4.79103936150916,3642.51,3630.01,bull,EMA+PRZ,tp
fvg,2025-09-01 08:40:00,2025-09-17 18:05:00,4.942711936565377,3477.47,3432.31,bull,EMA,tp
harmonic,2025-09-15 12:40:00,2025-09-18 13:40:00,-1.182477779793216,3644.22,3630.01,bull,EMA+PRZ,sl
harmonic,2025-09-15 12:45:00,2025-09-18 13:40:00,-1.1411209867585705,3648.4,3630.01,bull,EMA+PRZ,sl
threevol,2025-09-22 06:45:00,2025-09-22 07:10:00,-1.2778885407766067,3719.25,3709.72,bull,EMA+3VOL,sl
threevol,2025-09-22 06:35:00,2025-09-22 12:20:00,-0.2662109560429127,3712.88,3712.88,bull,EMA+3VOL,be
threevol,2025-09-22 06:40:00,2025-09-22 12:20:00,-0.25064084306465395,3716.41,3716.41,bull,EMA+3VOL,be
threevol,2025-09-23 08:40:00,2025-09-23 09:20:00,1.6628963650425368,3769.62,3769.62,bull,EMA+3VOL,tp
threevol,2025-09-23 08:45:00,2025-09-23 14:05:00,-0.2894431554524362,3773.56,3773.56,bull,EMA+3VOL,be
fvg,2025-09-23 08:40:00,2025-09-24 16:50:00,-1.0716220857022931,3769.62,3732.34,bull,EMA,sl
fvg,2025-09-23 08:50:00,2025-09-24 16:50:00,-1.064276719960316,3773.9,3732.34,bull,EMA,sl
fvg,2025-09-23 08:45:00,2025-09-24 16:50:00,-1.0647918495058573,3773.56,3732.34,bull,EMA,sl
harmonic,2025-09-25 11:55:00,2025-09-25 13:40:00,-1.0968264248704662,3752.56,3725.07,bull,EMA+PRZ,sl
threevol,2025-09-26 00:55:00,2025-09-26 01:15:00,-1.4343887087545297,3749.09,3742.94,bull,EMA+3VOL,sl
harmonic,2025-09-26 07:25:00,2025-09-29 06:15:00,4.816961362148003,3744.67,3729.98,bull,EMA+PRZ,tp
threevol,2025-09-29 08:10:00,2025-09-29 09:45:00,-1.3701625386996905,3815.42,3808.08,bull,EMA+3VOL,sl
harmonic,2025-09-26 07:55:00,2025-09-30 00:00:00,4.846594629993451,3747.56,3729.98,bull,EMA+PRZ,tp
harmonic,2025-09-26 07:50:00,2025-09-30 00:05:00,4.849050425671251,3747.86,3729.98,bull,EMA+PRZ,tp
harmonic,2025-09-26 12:35:00,2025-09-30 00:05:00,4.8375900458415195,3751.63,3734.77,bull,EMA+PRZ,tp
fib,2025-09-30 06:55:00,2025-09-30 08:20:00,-1.0803067700987306,3855.1,3821.08,bull,FIB618,sl
fvg,2025-09-30 06:55:00,2025-09-30 08:20:00,-1.0802964306127678,3855.1,3821.08,bull,EMA,sl
fvg,2025-09-30 06:50:00,2025-09-30 08:20:00,-1.0786999625519837,3855.79,3821.08,bull,EMA,sl
fvg,2025-09-30 06:45:00,2025-09-30 08:20:00,-1.0636616276090427,3864.01,3821.08,bull,EMA,sl
fvg,2025-09-30 06:40:00,2025-09-30 08:20:00,-1.0566450519344857,3869.36,3821.08,bull,EMA,sl
fvg,2025-09-22 22:45:00,2025-10-05 22:55:00,4.91416415461518,3740.22,3708.44,bull,EMA,tp
harmonic,2025-09-26 00:55:00,2025-10-05 23:00:00,4.912737393582187,3749.09,3717.43,bull,EMA+PRZ,tp
fvg,2025-10-08 01:55:00,2025-10-09 17:10:00,-1.0658962476291038,4000.04,3957.12,bull,EMA,sl
fvg,2025-10-08 02:30:00,2025-10-09 17:10:00,-1.0580160732093624,4005.68,3956.9,bull,EMA,sl
fvg,2025-10-08 02:50:00,2025-10-09 17:10:00,-1.053479595627774,4009.82,3956.9,bull,EMA,sl
fvg,2025-10-08 02:55:00,2025-10-09 17:10:00,-1.052189045970943,4011.13,3956.9,bull,EMA,sl
fvg,2025-10-08 03:00:00,2025-10-09 17:10:00,-1.0511331417062628,4012.09,3956.72,bull,EMA,sl
fvg,2025-10-01 00:30:00,2025-10-15 08:15:00,4.958983651113948,3859.76,3788.31,bull,EMA,tp
fvg,2025-10-01 00:55:00,2025-10-16 00:20:00,4.959066013260306,3859.93,3788.31,bull,EMA,tp
fvg,2025-10-01 01:00:00,2025-10-16 00:20:00,4.958860107894412,3860.2,3788.44,bull,EMA,tp
fvg,2025-10-01 00:50:00,2025-10-16 01:35:00,4.959971996870238,3861.66,3788.31,bull,EMA,tp
fvg,2025-10-01 01:20:00,2025-10-16 03:00:00,4.960630894041098,3863.7,3788.44,bull,EMA,tp
fvg,2025-10-01 01:25:00,2025-10-16 10:55:00,4.961001523699708,3864.46,3788.44,bull,EMA,tp
fvg,2025-10-01 02:20:00,2025-10-16 10:55:00,4.961083885846065,3864.64,3788.45,bull,EMA,tp
fvg,2025-10-01 02:30:00,2025-10-16 11:25:00,4.9611250669192435,3864.75,3788.45,bull,EMA,tp
fvg,2025-10-01 02:25:00,2025-10-16 13:20:00,4.96157805872421,3865.75,3788.45,bull,EMA,tp
fvg,2025-10-15 00:25:00,2025-10-16 16:25:00,4.8892054251563755,4155.41,4128.18,bull,EMA,tp
fvg,2025-10-15 00:50:00,2025-10-16 20:00:00,4.903325695175574,4159.52,4128.18,bull,EMA,tp
fvg,2025-10-15 00:45:00,2025-10-16 22:00:00,4.91556739125947,4164.25,4128.18,bull,EMA,tp
fvg,2025-10-15 00:55:00,2025-10-16 22:00:00,4.909931669453562,4161.91,4128.18,bull,EMA,tp
threevol,2025-10-20 15:10:00,2025-10-20 19:40:00,1.7370021581322346,4345.52,4345.52,bull,EMA+3VOL,tp
fvg,2025-10-20 04:55:00,2025-10-21 12:45:00,-1.0567032967032968,4265.74,4212.66,bull,EMA,sl
fvg,2025-10-15 01:20:00,2025-10-21 14:30:00,-1.0548708738465349,4181.95,4128.17,bull,EMA,sl
fvg,2025-10-15 01:15:00,2025-10-21 14:30:00,-1.0628393303193575,4175.1,4128.17,bull,EMA,sl
fvg,2025-10-15 01:30:00,2025-10-21 14:30:00,-1.0534671043124626,4183.36,4128.17,bull,EMA,sl
fvg,2025-10-15 02:00:00,2025-10-21 14:30:00,-1.0547676554984413,4181.73,4127.87,bull,EMA,sl
fvg,2025-10-15 01:35:00,2025-10-21 14:30:00,-1.055737907970521,4181.11,4128.17,bull,EMA,sl
fvg,2025-10-15 01:40:00,2025-10-21 14:30:00,-1.0601350095993063,4177.22,4128.17,bull,EMA,sl
fvg,2025-10-15 01:45:00,2025-10-21 14:30:00,-1.0582564356640036,4178.81,4128.17,bull,EMA,sl
fvg,2025-10-15 01:50:00,2025-10-21 14:30:00,-1.057575194566586,4179.41,4128.17,bull,EMA,sl
fvg,2025-10-15 01:55:00,2025-10-21 14:30:00,-1.0556966206312834,4181.14,4128.17,bull,EMA,sl
fvg,2025-10-15 02:05:00,2025-10-21 14:30:00,-1.0548502301769163,4181.66,4127.87,bull,EMA,sl
fvg,2025-10-15 02:10:00,2025-10-21 14:30:00,-1.0574100452096364,4179.26,4127.87,bull,EMA,sl
fvg,2025-10-15 02:25:00,2025-10-21 14:30:00,-1.0582977230032409,4178.47,4127.87,bull,EMA,sl
threevol,2025-10-23 12:35:00,2025-10-23 19:35:00,-0.16517211455018802,4124.26,4124.26,bull,EMA+3VOL,be
threevol,2025-10-29 08:05:00,2025-10-29 13:30:00,-0.25555340931041143,4009.46,4009.46,bull,EMA+3VOL,be
fvg,2025-11-07 11:55:00,2025-11-10 18:15:00,4.86541664945828,4002.42,3980.83,bull,EMA,tp
fvg,2025-11-10 14:45:00,2025-11-11 04:00:00,4.784234364459863,4080.13,4066.41,bull,EMA,tp
fvg,2025-11-10 14:40:00,2025-11-12 15:10:00,4.79427029557125,4080.81,4066.41,bull,EMA,tp
fib,2025-11-10 14:40:00,2025-11-12 15:10:00,4.794243450365354,4080.81,4066.41,bull,FIB618,tp
fvg,2025-11-10 14:50:00,2025-11-12 15:15:00,4.8235107862167705,4083.24,4066.41,bull,EMA,tp
fvg,2025-11-05 12:05:00,2025-11-12 15:15:00,4.928812345984939,3965.26,3924.12,bull,EMA,tp
fvg,2025-11-05 11:55:00,2025-11-12 15:30:00,4.931249053538733,3966.38,3924.02,bull,EMA,tp
fib,2025-11-13 13:30:00,2025-11-13 14:40:00,-1.1117346938775512,4223.86,4197.08,bull,FIB618,sl
fib,2025-11-13 13:00:00,2025-11-13 14:40:00,-1.0909863945578233,4229.99,4197.08,bull,FIB618,sl
fvg,2025-11-13 13:10:00,2025-11-13 14:40:00,-1.0906638805079054,4230.11,4197.08,bull,EMA,sl
fvg,2025-11-13 12:50:00,2025-11-13 14:40:00,-1.0716334211115492,4238.89,4197.06,bull,EMA,sl
fvg,2025-11-13 12:55:00,2025-11-13 14:40:00,-1.0665373092956065,4242.1,4197.06,bull,EMA,sl
fvg,2025-11-13 13:00:00,2025-11-13 14:40:00,-1.0909943814834164,4229.99,4197.08,bull,EMA,sl
fvg,2025-11-13 13:05:00,2025-11-13 14:40:00,-1.092113820271437,4229.59,4197.08,bull,EMA,sl
fvg,2025-11-13 13:15:00,2025-11-13 14:40:00,-1.0927641609006684,4229.36,4197.08,bull,EMA,sl
fvg,2025-11-13 13:20:00,2025-11-13 14:40:00,-1.0765056451698882,4236.24,4197.08,bull,EMA,sl
threevol,2025-11-17 01:35:00,2025-11-17 01:50:00,-1.3302023821051614,4100.68,4091.85,bull,EMA+3VOL,sl
threevol,2025-11-17 01:30:00,2025-11-17 02:00:00,-1.3100610051321777,4098.72,4089.32,bull,EMA+3VOL,sl
fvg,2025-11-19 12:55:00,2025-11-19 16:25:00,-1.0694921902037238,4114.06,4072.2,bull,EMA,sl
fvg,2025-11-19 13:00:00,2025-11-19 16:25:00,-1.0779710679925247,4109.77,4072.47,bull,EMA,sl
fvg,2025-11-19 13:05:00,2025-11-19 16:25:00,-1.0848464573287497,4106.74,4072.47,bull,EMA,sl
fvg,2025-11-19 12:50:00,2025-11-19 16:25:00,-1.067980988856332,4114.99,4072.2,bull,EMA,sl
threevol,2025-11-25 02:45:00,2025-11-25 03:15:00,-1.261760318249627,4154.84,4143.56,bull,EMA+3VOL,sl
harmonic,2025-12-03 15:00:00,2025-12-04 03:00:00,-1.1101449275362318,4215.39,4188.27,bull,EMA+PRZ,sl
harmonic,2025-12-03 15:05:00,2025-12-04 03:00:00,-1.1089591567852437,4215.69,4188.27,bull,EMA+PRZ,sl
harmonic,2025-12-04 16:40:00,2025-12-08 15:05:00,-1.0968741579089194,4210.39,4179.59,bull,EMA+PRZ,sl
harmonic,2025-12-04 20:05:00,2025-12-08 15:05:00,-1.1045540285637294,4208.47,4179.96,bull,EMA+PRZ,sl
harmonic,2025-12-04 19:30:00,2025-12-08 15:05:00,-1.1075181891673405,4207.6,4179.88,bull,EMA+PRZ,sl
harmonic,2025-12-04 19:40:00,2025-12-08 15:05:00,-1.1075181891673405,4207.61,4179.88,bull,EMA+PRZ,sl
harmonic,2025-12-04 19:45:00,2025-12-08 15:05:00,-1.1111560226354082,4206.7,4179.88,bull,EMA+PRZ,sl
harmonic,2025-12-04 20:10:00,2025-12-08 15:05:00,-1.1110212880625168,4206.81,4179.96,bull,EMA+PRZ,sl
harmonic,2025-12-04 20:15:00,2025-12-08 15:05:00,-1.1071139854486662,4207.78,4179.96,bull,EMA+PRZ,sl
harmonic,2025-12-04 19:50:00,2025-12-08 15:05:00,-1.1122338992185394,4206.45,4179.88,bull,EMA+PRZ,sl
harmonic,2025-12-04 19:55:00,2025-12-08 15:05:00,-1.1042845594179467,4208.47,4179.88,bull,EMA+PRZ,sl
harmonic,2025-12-04 20:00:00,2025-12-08 15:05:00,-1.1104823497709513,4206.93,4179.96,bull,EMA+PRZ,sl
harmonic,2025-12-04 20:25:00,2025-12-08 15:05:00,-1.1098086769064943,4207.1,4179.96,bull,EMA+PRZ,sl
harmonic,2025-12-04 20:30:00,2025-12-08 15:05:00,-1.1112907572082997,4206.76,4179.96,bull,EMA+PRZ,sl
harmonic,2025-12-04 21:00:00,2025-12-08 15:05:00,-1.1064403125842093,4208.22,4180.21,bull,EMA+PRZ,sl
harmonic,2025-12-04 20:55:00,2025-12-08 15:05:00,-1.1013203988143356,4209.39,4179.96,bull,EMA+PRZ,sl
fvg,2025-12-11 23:45:00,2025-12-18 16:10:00,4.8258416808302895,4274.5,4256.72,bull,EMA,tp
fvg,2025-12-11 23:40:00,2025-12-18 16:10:00,4.829506141588014,4274.89,4256.72,bull,EMA,tp
fvg,2025-12-11 23:35:00,2025-12-18 16:15:00,4.835798406441736,4275.6,4256.72,bull,EMA,tp
fvg,2025-12-11 23:55:00,2025-12-18 16:15:00,4.835882785472342,4275.61,4256.72,bull,EMA,tp
fvg,2025-12-18 16:00:00,2025-12-19 01:25:00,-1.1095842524620596,4342.88,4314.81,bull,EMA,sl
fvg,2025-12-18 16:05:00,2025-12-19 01:25:00,-1.0984511207114511,4346.06,4314.81,bull,EMA,sl
fvg,2025-12-18 16:25:00,2025-12-19 01:25:00,-1.0593785356392436,4366.69,4314.81,bull,EMA,sl
fvg,2025-12-18 16:30:00,2025-12-19 01:25:00,-1.0600149507030872,4366.14,4314.81,bull,EMA,sl
fvg,2025-12-18 16:35:00,2025-12-19 01:25:00,-1.057236948440278,4368.64,4314.81,bull,EMA,sl
fvg,2025-12-18 16:40:00,2025-12-19 01:25:00,-1.0597118959107807,4366.4,4314.81,bull,EMA,sl
fvg,2025-12-11 23:50:00,2025-12-22 01:40:00,4.846912330187201,4277.0,4256.72,bull,EMA,tp
harmonic,2025-12-10 20:00:00,2025-12-22 13:10:00,4.922819327061075,4223.31,4183.17,bull,EMA+PRZ,tp
fvg,2025-12-10 20:00:00,2025-12-22 13:10:00,4.922853457732132,4223.31,4183.17,bull,EMA,tp
fvg,2025-12-10 20:05:00,2025-12-22 21:25:00,4.9296158343278,4227.35,4183.17,bull,EMA,tp
harmonic,2025-12-10 20:05:00,2025-12-22 21:25:00,4.929676287673417,4227.35,4183.17,bull,EMA+PRZ,tp
fvg,2025-12-10 20:20:00,2025-12-22 23:15:00,4.931725310092937,4228.78,4183.17,bull,EMA,tp
fvg,2025-12-10 20:55:00,2025-12-22 23:15:00,4.932098988657047,4229.05,4183.17,bull,EMA,tp
harmonic,2025-12-10 20:20:00,2025-12-22 23:15:00,4.931749322277148,4228.78,4183.17,bull,EMA+PRZ,tp
fvg,2025-12-10 21:00:00,2025-12-23 00:10:00,4.933424944852276,4229.85,4182.7,bull,EMA,tp
fvg,2025-12-10 20:35:00,2025-12-23 00:30:00,4.934437493219542,4230.77,4183.17,bull,EMA,tp
fvg,2025-12-10 20:25:00,2025-12-23 01:00:00,4.936245615303945,4232.19,4183.17,bull,EMA,tp
harmonic,2025-12-10 20:25:00,2025-12-23 01:00:00,4.9362143198851856,4232.19,4183.17,bull,EMA+PRZ,tp
fvg,2025-12-10 20:40:00,2025-12-23 01:00:00,4.936088911389963,4232.06,4183.17,bull,EMA,tp
fvg,2025-12-10 20:50:00,2025-12-23 01:00:00,4.935534420617413,4231.62,4183.17,bull,EMA,tp
harmonic,2025-12-10 20:30:00,2025-12-23 01:10:00,4.937490033487482,4233.28,4183.17,bull,EMA+PRZ,tp
harmonic,2025-12-10 20:15:00,2025-12-23 01:10:00,4.937649497687769,4233.31,4183.17,bull,EMA+PRZ,tp
fvg,2025-12-10 20:30:00,2025-12-23 01:10:00,4.937571571499174,4233.28,4183.17,bull,EMA,tp
fvg,2025-12-10 20:15:00,2025-12-23 01:10:00,4.937595679793633,4233.31,4183.17,bull,EMA,tp
harmonic,2025-12-16 17:10:00,2025-12-23 01:50:00,4.914208260245575,4303.88,4267.01,bull,EMA+PRZ,tp
harmonic,2025-12-16 18:05:00,2025-12-23 01:55:00,4.914367724445862,4304.29,4267.24,bull,EMA+PRZ,tp
harmonic,2025-12-16 17:15:00,2025-12-23 02:30:00,4.915324509647585,4304.44,4267.01,bull,EMA+PRZ,tp
harmonic,2025-12-16 17:45:00,2025-12-23 02:30:00,4.916281294849306,4304.82,4267.01,bull,EMA+PRZ,tp
harmonic,2025-12-16 17:35:00,2025-12-23 02:30:00,4.916121830649019,4304.76,4267.01,bull,EMA+PRZ,tp
harmonic,2025-12-10 20:10:00,2025-12-23 02:30:00,4.93924413969064,4234.77,4183.17,bull,EMA+PRZ,tp
fvg,2025-12-10 20:10:00,2025-12-23 02:30:00,4.939271206258513,4234.77,4183.17,bull,EMA,tp
fvg,2025-12-10 20:45:00,2025-12-23 02:40:00,4.939753372147687,4235.2,4183.17,bull,EMA,tp
harmonic,2025-12-16 17:20:00,2025-12-23 02:40:00,4.917238080051029,4305.31,4267.01,bull,EMA+PRZ,tp
harmonic,2025-12-16 17:50:00,2025-12-23 02:40:00,4.916919151650454,4305.19,4267.01,bull,EMA+PRZ,tp
harmonic,2025-12-16 17:40:00,2025-12-23 20:55:00,4.9175570084516025,4305.48,4267.01,bull,EMA+PRZ,tp
harmonic,2025-12-16 17:00:00,2025-12-23 20:55:00,4.9175570084516025,4305.45,4267.01,bull,EMA+PRZ,tp
harmonic,2025-12-16 17:30:00,2025-12-24 00:05:00,4.922181470259927,4307.86,4267.01,bull,EMA+PRZ,tp
fvg,2025-12-26 03:35:00,2025-12-29 11:40:00,-1.0547380341738,4500.9,4442.96,bull,EMA,sl
fvg,2025-12-26 03:45:00,2025-12-29 11:40:00,-1.053912000799387,4501.79,4442.96,bull,EMA,sl
fvg,2025-12-26 04:15:00,2025-12-29 11:40:00,-1.0506145288612063,4505.47,4442.79,bull,EMA,sl
fvg,2025-12-26 04:00:00,2025-12-29 11:40:00,-1.0530126902707924,4502.62,4442.79,bull,EMA,sl
fvg,2025-12-26 03:20:00,2025-12-29 11:40:00,-1.0485960763414715,4508.26,4442.96,bull,EMA,sl
fvg,2025-12-26 03:30:00,2025-12-29 11:40:00,-1.055757252772874,4499.84,4442.96,bull,EMA,sl
fvg,2025-12-26 03:25:00,2025-12-29 11:40:00,-1.0536721846584285,4502.06,4442.96,bull,EMA,sl
fvg,2025-12-26 03:40:00,2025-12-29 11:40:00,-1.0533257835659326,4502.44,4442.96,bull,EMA,sl
fvg,2025-12-26 04:05:00,2025-12-29 11:40:00,-1.0505745595043798,4505.52,4442.79,bull,EMA,sl
fvg,2025-12-26 03:50:00,2025-12-29 11:40:00,-1.0519868101122472,4503.98,4442.96,bull,EMA,sl
fvg,2025-12-26 02:55:00,2025-12-29 11:40:00,-1.0489091696366117,4508.11,4443.23,bull,EMA,sl
fvg,2025-12-26 02:35:00,2025-12-29 11:40:00,-1.0575358891516504,4498.35,4443.23,bull,EMA,sl
fvg,2025-12-26 02:30:00,2025-12-29 11:40:00,-1.0589081704026913,4497.06,4443.23,bull,EMA,sl
fvg,2025-12-26 03:55:00,2025-12-29 11:40:00,-1.0543916330813043,4501.27,4442.96,bull,EMA,sl
fvg,2025-12-26 02:40:00,2025-12-29 11:40:00,-1.057429304200113,4498.45,4443.23,bull,EMA,sl
fvg,2025-12-26 02:45:00,2025-12-29 11:40:00,-1.0534989841121807,4502.52,4443.23,bull,EMA,sl
fvg,2025-12-26 02:50:00,2025-12-29 11:40:00,-1.0499217266762149,4506.79,4443.23,bull,EMA,sl
fvg,2025-12-26 03:00:00,2025-12-29 11:40:00,-1.050774406288512,4505.44,4442.96,bull,EMA,sl
threevol,2026-01-02 02:55:00,2026-01-02 07:55:00,1.6813053988718774,4362.28,4362.28,bull,EMA+3VOL,tp
threevol,2026-01-05 05:55:00,2026-01-05 08:15:00,1.6293214462605248,4411.89,4411.89,bull,EMA+3VOL,tp
threevol,2026-01-11 23:25:00,2026-01-12 00:10:00,1.6144848425772491,4537.15,4537.15,bull,EMA+3VOL,tp
threevol,2026-01-12 00:10:00,2026-01-12 00:30:00,1.7131894484412469,4552.95,4552.95,bull,EMA+3VOL,tp
fvg,2026-01-02 07:05:00,2026-01-20 09:30:00,4.954421036191917,4372.51,4299.83,bull,EMA,tp
fvg,2026-01-02 06:40:00,2026-01-20 14:00:00,4.955596472048464,4373.57,4299.79,bull,EMA,tp
fvg,2026-01-02 06:05:00,2026-01-20 14:00:00,4.955966364450874,4374.24,4299.79,bull,EMA,tp
fvg,2026-01-02 07:00:00,2026-01-20 14:00:00,4.954938885555291,4373.41,4299.83,bull,EMA,tp
fvg,2026-01-02 06:50:00,2026-01-20 14:00:00,4.955727989347099,4373.81,4299.79,bull,EMA,tp
fvg,2026-01-02 06:55:00,2026-01-20 14:00:00,4.955851286814569,4374.02,4299.79,bull,EMA,tp
fvg,2026-01-02 06:10:00,2026-01-20 14:25:00,4.956147200736497,4374.56,4299.79,bull,EMA,tp
fvg,2026-01-02 06:45:00,2026-01-20 16:55:00,4.956459554320754,4375.14,4299.79,bull,EMA,tp
fvg,2026-01-02 06:35:00,2026-01-20 16:55:00,4.956722588918024,4375.64,4299.79,bull,EMA,tp
fvg,2026-01-02 06:00:00,2026-01-20 17:55:00,4.95731441676188,4376.77,4299.79,bull,EMA,tp
fvg,2026-01-02 06:15:00,2026-01-20 18:00:00,4.957421274567021,4376.98,4299.79,bull,EMA,tp
fvg,2026-01-02 06:20:00,2026-01-20 18:15:00,4.9576349901773025,4377.4,4299.79,bull,EMA,tp
fvg,2026-01-02 06:30:00,2026-01-20 23:40:00,4.957939123930395,4378.01,4299.79,bull,EMA,tp
fvg,2026-01-02 06:25:00,2026-01-20 23:45:00,4.958580270761239,4379.32,4299.79,bull,EMA,tp
fvg,2026-01-02 05:55:00,2026-01-21 00:30:00,4.958884404514332,4380.03,4299.86,bull,EMA,tp
threevol,2026-01-23 19:50:00,2026-01-23 20:05:00,-1.2750848736325915,4988.16,4975.31,bull,EMA+3VOL,sl
threevol,2026-01-26 01:30:00,2026-01-26 04:45:00,-1.1840848299579672,5083.27,5063.72,bull,EMA+3VOL,sl
threevol,2026-01-26 06:40:00,2026-01-26 07:00:00,-1.2198375870069607,5091.64,5075.24,bull,EMA+3VOL,sl
fvg,2026-01-23 19:10:00,2026-01-28 20:40:00,4.954702321458879,4973.62,4891.1,bull,EMA,tp
fvg,2026-01-23 19:35:00,2026-01-28 21:05:00,4.95522563976842,4974.66,4891.1,bull,EMA,tp
fvg,2026-01-23 19:05:00,2026-01-28 21:05:00,4.955343504252551,4974.89,4891.1,bull,EMA,tp
fvg,2026-01-23 19:20:00,2026-01-28 21:45:00,4.9559375412525695,4976.11,4891.1,bull,EMA,tp
fvg,2026-01-23 19:00:00,2026-01-28 21:45:00,4.955833820506534,4975.9,4891.1,bull,EMA,tp
fvg,2026-01-23 19:30:00,2026-01-28 21:45:00,4.955979972466857,4976.2,4891.1,bull,EMA,tp
fvg,2026-01-23 20:30:00,2026-01-28 21:50:00,4.9565928677843365,4977.77,4891.12,bull,EMA,tp
fvg,2026-01-23 19:15:00,2026-01-28 21:50:00,4.956319422181153,4976.91,4891.1,bull,EMA,tp
fvg,2026-01-23 19:25:00,2026-01-28 21:50:00,4.95625341807004,4976.77,4891.1,bull,EMA,tp
fvg,2026-01-23 20:05:00,2026-01-28 21:55:00,4.956654157316084,4977.9,4891.12,bull,EMA,tp
fvg,2026-01-23 19:40:00,2026-01-28 21:55:00,4.9569181737605374,4978.2,4891.1,bull,EMA,tp
fvg,2026-01-23 19:45:00,2026-01-28 23:00:00,4.958733286816151,4982.36,4891.1,bull,EMA,tp
fvg,2026-01-23 19:55:00,2026-01-28 23:00:00,4.959261319705056,4983.64,4891.1,bull,EMA,tp
fvg,2026-01-23 20:00:00,2026-01-28 23:00:00,4.957780941784375,4980.4,4891.12,bull,EMA,tp
fvg,2026-01-23 20:10:00,2026-01-28 23:00:00,4.957955381220887,4980.81,4891.12,bull,EMA,tp
fvg,2026-01-23 20:25:00,2026-01-28 23:00:00,4.957809229260565,4980.47,4891.12,bull,EMA,tp
fvg,2026-01-23 20:20:00,2026-01-28 23:00:00,4.958228826824071,4981.44,4891.12,bull,EMA,tp
fvg,2026-01-23 20:35:00,2026-01-28 23:00:00,4.958577705697098,4982.27,4891.12,bull,EMA,tp
fvg,2026-01-23 20:45:00,2026-01-28 23:00:00,4.958337262149471,4981.69,4891.12,bull,EMA,tp
fvg,2026-01-23 20:15:00,2026-01-28 23:00:00,4.95778565636374,4980.41,4891.12,bull,EMA,tp
fvg,2026-01-23 20:40:00,2026-01-28 23:00:00,4.958440982895506,4981.94,4891.12,bull,EMA,tp
fvg,2026-01-23 19:50:00,2026-01-28 23:10:00,4.961010428649557,4988.16,4891.1,bull,EMA,tp
threevol,2026-01-28 23:15:00,2026-01-28 23:35:00,1.914856136230182,5491.59,5445.32,bull,EMA+3VOL,tp
threevol,2026-01-29 03:50:00,2026-01-29 05:20:00,-0.20318801613212983,5543.64,5543.64,bull,EMA+3VOL,be
threevol,2026-02-04 00:10:00,2026-02-04 01:10:00,1.8891561628018858,4986.27,4986.27,bull,EMA+3VOL,tp
threevol,2026-02-04 03:35:00,2026-02-04 08:35:00,-0.1715931627160261,5069.65,5069.65,bull,EMA+3VOL,be
threevol,2026-02-06 18:35:00,2026-02-06 19:35:00,-1.2266578374798978,4964.43,4948.91,bull,EMA+3VOL,sl
threevol,2026-02-11 05:35:00,2026-02-11 05:50:00,-1.302461450052677,5061.68,5049.82,bull,EMA+3VOL,sl
fvg,2026-02-11 12:50:00,2026-02-11 13:30:00,-1.087052806292735,5077.94,5036.77,bull,EMA,sl
fvg,2026-02-11 12:55:00,2026-02-11 13:30:00,-1.0779510725432535,5082.76,5036.77,bull,EMA,sl
threevol,2026-02-22 23:10:00,2026-02-23 16:15:00,1.8838427947598253,5145.68,5145.68,bull,EMA+3VOL,tp
threevol,2026-02-23 14:40:00,2026-02-23 20:50:00,1.82882096069869,5190.06,5190.06,bull,EMA+3VOL,tp
fvg,2026-02-23 14:25:00,2026-02-24 13:55:00,-1.0727332239207803,5164.79,5114.74,bull,EMA,sl
fvg,2026-02-23 14:10:00,2026-02-24 13:55:00,-1.0873633111434842,5156.39,5114.74,bull,EMA,sl
fvg,2026-02-23 14:05:00,2026-02-24 13:55:00,-1.1039826476608459,5149.72,5114.74,bull,EMA,sl
fvg,2026-02-23 15:25:00,2026-02-24 13:55:00,-1.0435468107470174,5197.11,5113.38,bull,EMA,sl
fvg,2026-02-23 15:20:00,2026-02-24 13:55:00,-1.045522229803242,5193.46,5113.38,bull,EMA,sl
fvg,2026-02-23 15:15:00,2026-02-24 13:55:00,-1.042564863818252,5199.05,5113.38,bull,EMA,sl
fvg,2026-02-23 15:10:00,2026-02-24 13:55:00,-1.042809198030574,5198.56,5113.38,bull,EMA,sl
fvg,2026-02-23 15:05:00,2026-02-24 13:55:00,-1.0438695163104614,5196.49,5113.38,bull,EMA,sl
fvg,2026-02-23 15:00:00,2026-02-24 13:55:00,-1.0487999963119363,5188.06,5113.38,bull,EMA,sl
fvg,2026-02-23 14:40:00,2026-02-24 13:55:00,-1.0483989193973704,5190.06,5114.74,bull,EMA,sl
fvg,2026-02-23 14:55:00,2026-02-24 13:55:00,-1.047225654170278,5191.94,5114.74,bull,EMA,sl
fvg,2026-02-23 14:30:00,2026-02-24 13:55:00,-1.064554942927216,5171.15,5114.74,bull,EMA,sl
fvg,2026-02-23 14:20:00,2026-02-24 13:55:00,-1.0751765660439987,5163.16,5114.74,bull,EMA,sl
fvg,2026-02-23 14:15:00,2026-02-24 13:55:00,-1.0816883033063491,5159.29,5114.74,bull,EMA,sl
fvg,2026-02-23 14:35:00,2026-02-24 13:55:00,-1.0530435744712239,5183.44,5114.74,bull,EMA,sl
fvg,2026-03-02 13:30:00,2026-03-02 14:25:00,-1.0558151773209046,5399.98,5331.97,bull,EMA,sl
fvg,2026-03-02 13:45:00,2026-03-02 14:25:00,-1.0609022412134401,5394.28,5331.97,bull,EMA,sl
fvg,2026-03-02 13:50:00,2026-03-02 14:25:00,-1.0623686093074631,5392.81,5331.97,bull,EMA,sl
fvg,2026-03-02 13:55:00,2026-03-02 14:25:00,-1.061812211694217,5393.36,5331.97,bull,EMA,sl
fib,2026-03-02 13:10:00,2026-03-02 14:25:00,-1.0734718720111294,5383.58,5331.97,bull,FIB618,sl
fvg,2026-03-02 13:35:00,2026-03-02 14:25:00,-1.0565442500555027,5399.1,5331.97,bull,EMA,sl
fvg,2026-03-02 13:25:00,2026-03-02 14:25:00,-1.0550093600879273,5400.98,5331.97,bull,EMA,sl
fvg,2026-03-02 13:40:00,2026-03-02 14:25:00,-1.0627194413000518,5392.47,5331.97,bull,EMA,sl
fvg,2026-03-02 13:15:00,2026-03-02 14:25:00,-1.0627194413000518,5392.47,5331.97,bull,EMA,sl
fvg,2026-03-02 13:10:00,2026-03-02 14:25:00,-1.073488338947559,5383.58,5331.97,bull,EMA,sl
fvg,2026-03-02 13:05:00,2026-03-02 14:25:00,-1.0584628625149721,5396.89,5331.97,bull,EMA,sl
fvg,2026-03-02 13:20:00,2026-03-02 14:25:00,-1.0519066896534712,5405.12,5331.97,bull,EMA,sl
threevol,2026-03-05 02:55:00,2026-03-05 04:00:00,-1.2562687125748504,5191.43,5177.08,bull,EMA+3VOL,sl
harmonic,2026-03-06 15:30:00,2026-03-08 23:40:00,-1.0350694444444444,5154.31,5051.5,bull,EMA+PRZ,sl
harmonic,2026-03-06 15:10:00,2026-03-08 23:40:00,-1.0371527777777778,5148.54,5051.5,bull,EMA+PRZ,sl
harmonic,2026-03-06 15:05:00,2026-03-08 23:40:00,-1.0365451388888889,5150.22,5051.5,bull,EMA+PRZ,sl
harmonic,2026-03-06 15:00:00,2026-03-08 23:40:00,-1.0376736111111111,5147.18,5051.5,bull,EMA+PRZ,sl
fib,2026-03-10 00:00:00,2026-03-13 14:55:00,-1.0438604201459085,5133.64,5051.49,bull,FIB618,sl
fvg,2026-03-10 00:20:00,2026-03-13 14:55:00,-1.0456282966180577,5130.43,5051.49,bull,EMA,sl
fvg,2026-03-10 00:15:00,2026-03-13 14:55:00,-1.0443903195780329,5132.64,5051.49,bull,EMA,sl
fvg,2026-03-10 00:10:00,2026-03-13 14:55:00,-1.0425380080670184,5136.19,5051.49,bull,EMA,sl
fvg,2026-03-10 00:05:00,2026-03-13 14:55:00,-1.04134657151722,5138.64,5051.49,bull,EMA,sl
fvg,2026-03-09 23:55:00,2026-03-13 14:55:00,-1.0410269934843315,5139.18,5051.35,bull,EMA,sl
fvg,2026-03-09 23:50:00,2026-03-13 14:55:00,-1.0401675457648154,5141.07,5051.35,bull,EMA,sl
fvg,2026-03-09 23:45:00,2026-03-13 14:55:00,-1.0401365187713312,5141.14,5051.35,bull,EMA,sl
fvg,2026-03-09 23:40:00,2026-03-13 14:55:00,-1.0421936084393422,5136.74,5051.35,bull,EMA,sl
fvg,2026-03-09 23:35:00,2026-03-13 14:55:00,-1.0374526838349365,5147.61,5051.35,bull,EMA,sl
fvg,2026-03-09 23:30:00,2026-03-13 14:55:00,-1.0395314923983865,5142.52,5051.35,bull,EMA,sl
fvg,2026-03-09 23:25:00,2026-03-13 14:55:00,-1.0387713310580204,5144.32,5051.35,bull,EMA,sl
fvg,2026-03-09 23:20:00,2026-03-13 14:55:00,-1.038243872168787,5145.61,5051.35,bull,EMA,sl
fvg,2026-03-10 00:00:00,2026-03-13 14:55:00,-1.043853552590754,5133.64,5051.49,bull,EMA,sl
fib,2026-03-10 00:20:00,2026-03-13 14:55:00,-1.045618352817087,5130.43,5051.49,bull,FIB618,sl
threevol,2026-03-17 01:55:00,2026-03-17 05:45:00,-0.36194807655865074,5027.47,5027.47,bull,EMA+3VOL,be
threevol,2026-04-13 18:50:00,2026-04-13 19:05:00,-1.423585354255825,4738.89,4730.95,bull,EMA+3VOL,sl
threevol,2026-04-14 13:20:00,2026-04-14 14:35:00,1.7305614508971636,4791.09,4791.09,bull,EMA+3VOL,tp
threevol,2026-04-16 06:45:00,2026-04-16 08:00:00,-1.2721669037458512,4828.23,4815.65,bull,EMA+3VOL,sl
harmonic,2026-04-17 12:20:00,2026-04-19 22:00:00,-1.0862990129493795,4811.68,4772.32,bull,EMA+PRZ,sl
harmonic,2026-04-17 12:15:00,2026-04-19 22:00:00,-1.1028705967581274,4805.34,4772.32,bull,EMA+PRZ,sl
harmonic,2026-04-17 12:10:00,2026-04-19 22:00:00,-1.1093000090555103,4803.39,4772.32,bull,EMA+PRZ,sl
harmonic,2026-04-17 12:05:00,2026-04-19 22:00:00,-1.1084850131304897,4803.64,4772.32,bull,EMA+PRZ,sl
harmonic,2026-04-17 12:00:00,2026-04-19 22:00:00,-1.1083039029249298,4803.68,4772.32,bull,EMA+PRZ,sl
harmonic,2026-04-17 12:25:00,2026-04-19 22:00:00,-1.0771529475685955,4816.39,4772.32,bull,EMA+PRZ,sl
fvg,2026-04-14 01:55:00,2026-04-21 18:20:00,-1.0471229927334709,4764.44,4693.36,bull,EMA,sl
fvg,2026-04-14 01:40:00,2026-04-21 18:20:00,-1.0423360545438234,4772.52,4693.36,bull,EMA,sl
fvg,2026-04-14 01:45:00,2026-04-21 18:20:00,-1.0451493675428367,4767.56,4693.36,bull,EMA,sl
fvg,2026-04-14 01:50:00,2026-04-21 18:20:00,-1.0471050506862833,4764.47,4693.36,bull,EMA,sl
fvg,2026-04-13 20:15:00,2026-04-21 18:25:00,-1.0683233156903202,4741.36,4692.41,bull,EMA,sl
fvg,2026-04-13 20:10:00,2026-04-21 18:25:00,-1.0675948685745043,4741.89,4692.41,bull,EMA,sl
fvg,2026-04-13 20:05:00,2026-04-21 18:25:00,-1.0673365030950033,4742.08,4692.41,bull,EMA,sl
fvg,2026-04-13 20:00:00,2026-04-21 18:25:00,-1.0677707006369428,4741.76,4692.41,bull,EMA,sl
fvg,2026-04-13 19:55:00,2026-04-21 18:25:00,-1.0690661164438862,4740.67,4692.25,bull,EMA,sl
fvg,2026-04-13 19:05:00,2026-04-21 18:25:00,-1.080186597290751,4733.94,4692.25,bull,EMA,sl
fvg,2026-04-13 19:30:00,2026-04-21 18:25:00,-1.0659442002332467,4742.97,4692.25,bull,EMA,sl
fvg,2026-04-13 19:35:00,2026-04-21 18:25:00,-1.0685888579886964,4741.01,4692.25,bull,EMA,sl
fvg,2026-04-13 19:40:00,2026-04-21 18:25:00,-1.0682120749977573,4741.28,4692.25,bull,EMA,sl
fvg,2026-04-13 19:45:00,2026-04-21 18:25:00,-1.069224006459137,4740.56,4692.25,bull,EMA,sl
fvg,2026-04-13 19:00:00,2026-04-21 18:25:00,-1.078166322777429,4735.02,4692.25,bull,EMA,sl
fvg,2026-04-13 19:25:00,2026-04-21 18:25:00,-1.066349690499686,4742.66,4692.25,bull,EMA,sl
fvg,2026-04-13 18:55:00,2026-04-21 19:40:00,-1.0729093029514667,4737.94,4692.08,bull,EMA,sl
fvg,2026-04-13 18:50:00,2026-04-21 19:40:00,-1.0714344666726474,4738.89,4692.08,bull,EMA,sl
harmonic,2026-04-07 17:05:00,2026-04-28 11:15:00,-1.0473603187539617,4666.89,4597.64,bull,EMA+PRZ,sl
harmonic,2026-04-07 17:10:00,2026-04-28 11:15:00,-1.0469075432400614,4667.59,4597.64,bull,EMA+PRZ,sl
harmonic,2026-04-07 17:15:00,2026-04-28 11:15:00,-1.056325273929186,4655.9,4597.64,bull,EMA+PRZ,sl
harmonic,2026-04-07 17:00:00,2026-04-28 11:15:00,-1.0486280901928824,4665.18,4597.64,bull,EMA+PRZ,sl
threevol,2026-04-30 06:55:00,2026-04-30 08:00:00,1.7573720103736434,4589.04,4589.04,bull,EMA+3VOL,tp
threevol,2026-05-18 00:05:00,2026-05-18 00:40:00,1.8459505380404002,4523.78,4523.78,bear,EMA+3VOL,tp
threevol,2026-05-19 13:25:00,2026-05-20 10:20:00,-0.10770228936880155,4492.14,4492.14,bear,EMA+3VOL,be
threevol,2026-05-26 04:30:00,2026-05-26 05:05:00,-0.43885693078493226,4530.34,4530.34,bear,EMA+3VOL,be
threevol,2026-06-03 04:35:00,2026-06-03 06:45:00,1.5945945945945945,4471.71,4471.71,bear,EMA+3VOL,tp
threevol,2026-06-03 15:10:00,2026-06-03 17:05:00,-0.3385617317923317,4445.93,4445.93,bear,EMA+3VOL,be
threevol,2026-06-05 01:40:00,2026-06-05 06:25:00,-0.25503911642890015,4446.14,4446.14,bear,EMA+3VOL,be
fvg,2026-06-01 12:40:00,2026-06-08 05:30:00,4.929645363625467,4507.49,4551.21,bear,EMA,tp
fvg,2026-06-01 12:05:00,2026-06-08 05:30:00,4.929290238954513,4507.7,4551.21,bear,EMA,tp
fvg,2026-06-01 12:45:00,2026-06-08 05:35:00,4.930657468937689,4506.88,4551.21,bear,EMA,tp
fvg,2026-06-01 12:00:00,2026-06-08 05:35:00,4.931909283402804,4506.1,4551.21,bear,EMA,tp
fvg,2026-06-01 11:55:00,2026-06-08 05:35:00,4.93127893711186,4505.94,4551.21,bear,EMA,tp
fvg,2026-06-01 12:25:00,2026-06-08 05:35:00,4.9326017765111665,4505.66,4551.21,bear,EMA,tp
fvg,2026-06-01 12:10:00,2026-06-09 15:30:00,4.93581121572492,4503.49,4551.21,bear,EMA,tp
fvg,2026-06-01 12:15:00,2026-06-09 15:30:00,4.935766825141052,4503.52,4551.21,bear,EMA,tp
threevol,2026-06-09 19:15:00,2026-06-09 22:50:00,1.7392267232628955,4255.44,4255.44,bear,EMA+3VOL,tp
threevol,2026-06-18 12:35:00,2026-06-18 13:15:00,-1.1694331065759638,4242.62,4260.5,bear,EMA+3VOL,sl
threevol,2026-06-23 01:40:00,2026-06-23 04:55:00,1.8346333853354133,4154.61,4154.61,bear,EMA+3VOL,tp
fib,2026-06-18 13:30:00,2026-06-24 13:10:00,4.951974865350089,4272.28,4332.46,bear,FIB618,tp
harmonic,2026-06-26 05:40:00,2026-06-26 09:15:00,-1.0902446452136838,4011.32,4043.15,bear,EMA+PRZ,sl
harmonic,2026-06-26 05:45:00,2026-06-26 09:15:00,-1.0917673332656581,4011.83,4043.15,bear,EMA+PRZ,sl
harmonic,2026-06-26 05:55:00,2026-06-26 09:15:00,-1.0819206171962237,4008.09,4043.15,bear,EMA+PRZ,sl
threevol,2026-06-30 00:40:00,2026-06-30 01:05:00,1.7673936553713052,3991.86,3991.86,bear,EMA+3VOL,tp
fvg,2026-06-30 05:45:00,2026-06-30 06:30:00,-1.0580215750623092,3979.83,4029.13,bear,EMA,sl
fvg,2026-06-30 05:25:00,2026-06-30 06:30:00,-1.0617298883686286,3982.78,4029.13,bear,EMA,sl
fvg,2026-06-30 05:30:00,2026-06-30 06:30:00,-1.055115403346713,3977.24,4029.13,bear,EMA,sl
fvg,2026-06-30 05:35:00,2026-06-30 06:30:00,-1.0604089012251756,3981.77,4029.13,bear,EMA,sl
fvg,2026-06-30 05:40:00,2026-06-30 06:30:00,-1.0576364197747,3979.5,4029.13,bear,EMA,sl
fvg,2026-06-30 05:50:00,2026-06-30 06:30:00,-1.0593139142918075,3980.9,4029.13,bear,EMA,sl
fvg,2026-06-29 12:15:00,2026-07-01 13:40:00,-1.0943630454642395,4043.73,4074.42,bear,EMA,sl
fvg,2026-06-29 12:20:00,2026-07-01 13:40:00,-1.0841134584716656,4040.0,4074.42,bear,EMA,sl
fvg,2026-06-29 12:25:00,2026-07-01 13:40:00,-1.0806375115785318,4038.52,4074.42,bear,EMA,sl
fvg,2026-06-29 12:30:00,2026-07-01 13:40:00,-1.0936595800215814,4043.5,4074.42,bear,EMA,sl
fvg,2026-06-29 12:35:00,2026-07-01 13:40:00,-1.0991854443132298,4045.22,4074.42,bear,EMA,sl
fvg,2026-06-29 12:55:00,2026-07-01 13:40:00,-1.0944553554092036,4043.76,4074.42,bear,EMA,sl
fvg,2026-06-29 12:45:00,2026-07-01 13:40:00,-1.0934463122176985,4043.43,4074.42,bear,EMA,sl
fvg,2026-06-29 12:50:00,2026-07-01 13:40:00,-1.0970877803914578,4044.59,4074.42,bear,EMA,sl
fvg,2026-06-29 12:40:00,2026-07-01 13:40:00,-1.0985774719170867,4045.04,4074.42,bear,EMA,sl
fvg,2026-06-29 12:10:00,2026-07-01 13:40:00,-1.1085342135670153,4047.73,4074.42,bear,EMA,sl
fvg,2026-06-18 13:05:00,2026-07-12 23:55:00,0.0,4251.91,4332.46,bear,EMA,open
fvg,2026-06-18 13:10:00,2026-07-12 23:55:00,0.0,4259.35,4332.46,bear,EMA,open
fvg,2026-06-18 13:15:00,2026-07-12 23:55:00,0.0,4258.72,4332.46,bear,EMA,open
fvg,2026-06-18 13:25:00,2026-07-12 23:55:00,0.0,4263.21,4332.46,bear,EMA,open
harmonic,2026-06-23 02:50:00,2026-07-12 23:55:00,0.0,4152.91,4221.36,bear,EMA+PRZ,open
harmonic,2026-06-23 02:45:00,2026-07-12 23:55:00,0.0,4154.23,4221.36,bear,EMA+PRZ,open
harmonic,2026-06-23 02:40:00,2026-07-12 23:55:00,0.0,4155.09,4221.36,bear,EMA+PRZ,open
harmonic,2026-06-23 02:35:00,2026-07-12 23:55:00,0.0,4158.09,4221.36,bear,EMA+PRZ,open
harmonic,2026-06-23 02:30:00,2026-07-12 23:55:00,0.0,4156.46,4221.36,bear,EMA+PRZ,open
harmonic,2026-06-23 02:25:00,2026-07-12 23:55:00,0.0,4161.96,4221.36,bear,EMA+PRZ,open
harmonic,2026-06-23 02:20:00,2026-07-12 23:55:00,0.0,4160.34,4221.36,bear,EMA+PRZ,open
harmonic,2026-06-23 02:15:00,2026-07-12 23:55:00,0.0,4158.41,4221.36,bear,EMA+PRZ,open
harmonic,2026-06-23 02:00:00,2026-07-12 23:55:00,0.0,4159.24,4221.36,bear,EMA+PRZ,open
harmonic,2026-06-23 01:55:00,2026-07-12 23:55:00,0.0,4161.32,4220.14,bear,EMA+PRZ,open
harmonic,2026-06-23 01:50:00,2026-07-12 23:55:00,0.0,4157.16,4220.14,bear,EMA+PRZ,open
harmonic,2026-06-23 01:45:00,2026-07-12 23:55:00,0.0,4150.59,4220.14,bear,EMA+PRZ,open
harmonic,2026-06-23 01:40:00,2026-07-12 23:55:00,0.0,4154.61,4220.14,bear,EMA+PRZ,open
harmonic,2026-06-23 03:00:00,2026-07-12 23:55:00,0.0,4142.3,4221.36,bear,EMA+PRZ,open
harmonic,2026-06-23 02:55:00,2026-07-12 23:55:00,0.0,4146.99,4221.36,bear,EMA+PRZ,open
