s,entry,exit,r,px,sl,dur_h,reason
fvg,2022-02-07 01:35:00,2022-02-07 09:40:00,0.2594,1810.13,1805.77,8.083333333333334,time
fvg,2022-02-07 01:40:00,2022-02-07 09:45:00,0.45770000000000005,1809.65,1805.77,8.083333333333334,time
fvg,2022-02-07 02:00:00,2022-02-07 10:15:00,0.1435,1809.68,1805.77,8.25,time
fvg,2022-02-07 02:15:00,2022-02-07 10:25:00,0.2669,1810.27,1805.77,8.166666666666666,time
fvg,2022-02-07 02:25:00,2022-02-07 10:30:00,0.2788,1810.17,1805.77,8.083333333333334,time
fvg,2022-02-07 02:30:00,2022-02-07 10:35:00,0.3037,1810.02,1805.77,8.083333333333334,time
fvg,2022-02-07 02:35:00,2022-02-07 10:45:00,0.3885,1809.53,1805.77,8.166666666666666,time
fvg,2022-02-07 02:45:00,2022-02-07 10:55:00,0.11289999999999999,1809.73,1805.77,8.166666666666666,time
fvg,2022-02-07 02:55:00,2022-02-07 11:05:00,0.589,1809.32,1805.77,8.166666666666666,time
fib,2022-02-22 01:05:00,2022-02-22 01:15:00,0.013000000000000001,1905.82,1902.49,0.16666666666666666,time
fvg,2022-02-22 01:10:00,2022-02-22 08:30:00,-1.0289883268482491,1905.92,1902.49,7.333333333333333,sl
fvg,2022-02-22 01:20:00,2022-02-22 08:30:00,-1.0266536964980546,1906.22,1902.49,7.166666666666667,sl
fvg,2022-02-22 01:25:00,2022-02-22 08:30:00,-1.0233463035019457,1906.76,1902.49,7.083333333333333,sl
fvg,2022-02-22 01:45:00,2022-02-22 08:30:00,-1.0152723735408562,1909.0,1902.49,6.75,sl
fvg,2022-02-22 01:50:00,2022-02-22 08:30:00,-1.0170233463035019,1908.35,1902.49,6.666666666666667,sl
fvg,2022-02-22 01:55:00,2022-02-22 08:30:00,-1.0149805447470819,1909.14,1902.49,6.583333333333333,sl
fvg,2022-02-22 02:00:00,2022-02-22 08:30:00,-1.0157587548638132,1908.82,1902.49,6.5,sl
fvg,2022-02-22 02:05:00,2022-02-22 08:30:00,-1.0218871595330739,1907.03,1902.49,6.416666666666667,sl
fvg,2022-02-22 02:25:00,2022-02-22 08:30:00,-1.0164396887159532,1908.54,1902.49,6.083333333333333,sl
fvg,2022-02-22 02:30:00,2022-02-22 08:30:00,-1.019260700389105,1907.67,1902.49,6.0,sl
fvg,2022-02-22 02:40:00,2022-02-22 08:30:00,-1.0178988326848248,1908.04,1902.49,5.833333333333333,sl
fvg,2022-02-22 03:00:00,2022-02-22 08:30:00,-1.0142023346303504,1909.5,1902.49,5.5,sl
fvg,2022-02-22 03:05:00,2022-02-22 08:30:00,-1.0157587548638132,1908.81,1902.49,5.416666666666667,sl
fvg,2022-02-22 01:05:00,2022-02-22 08:30:00,-1.029863813229572,1905.82,1902.49,7.416666666666667,sl
harmonic,2022-03-04 02:20:00,2022-03-04 10:25:00,0.9813,1937.25,1931.25,8.083333333333334,time
harmonic,2022-03-04 02:25:00,2022-03-04 10:30:00,0.7475,1938.27,1931.25,8.083333333333334,time
harmonic,2022-03-04 02:30:00,2022-03-04 10:35:00,1.4480000000000002,1936.85,1931.25,8.083333333333334,time
harmonic,2022-03-04 02:40:00,2022-03-04 10:45:00,1.5704,1936.94,1931.25,8.083333333333334,time
harmonic,2022-03-04 02:45:00,2022-03-04 10:50:00,1.2482,1938.29,1931.25,8.083333333333334,time
harmonic,2022-03-04 02:50:00,2022-03-04 10:55:00,0.9934999999999999,1939.15,1931.25,8.083333333333334,time
harmonic,2022-03-04 02:55:00,2022-03-04 11:00:00,1.1159000000000001,1938.96,1931.25,8.083333333333334,time
harmonic,2022-03-04 03:15:00,2022-03-04 11:20:00,0.7254,1940.2,1931.25,8.083333333333334,time
harmonic,2022-03-04 03:20:00,2022-03-04 11:25:00,0.532,1940.96,1931.25,8.083333333333334,time
harmonic,2022-03-04 03:25:00,2022-03-04 11:30:00,0.7777,1939.38,1931.25,8.083333333333334,time
harmonic,2022-03-04 03:30:00,2022-03-04 11:35:00,0.8051,1939.01,1931.25,8.083333333333334,time
harmonic,2022-03-04 03:35:00,2022-03-04 11:40:00,0.5593,1939.72,1931.25,8.083333333333334,time
harmonic,2022-03-04 03:40:00,2022-03-04 11:50:00,0.7493000000000001,1939.62,1931.25,8.166666666666666,time
harmonic,2022-03-04 03:50:00,2022-03-04 11:55:00,0.7986,1939.56,1931.25,8.083333333333334,time
fvg,2022-03-04 14:55:00,2022-03-04 15:00:00,-1.035792887756284,1951.57,1948.76,0.08333333333333333,sl
fvg,2022-03-04 14:40:00,2022-03-04 15:00:00,-1.0240581025873807,1952.95,1948.76,0.3333333333333333,sl
fvg,2022-03-04 14:35:00,2022-03-04 15:00:00,-1.0099863822060826,1958.8,1948.76,0.4166666666666667,sl
harmonic,2022-03-21 07:40:00,2022-03-21 13:25:00,-1.0215833701901813,1924.84,1920.2,5.75,sl
harmonic,2022-03-21 07:50:00,2022-03-21 13:25:00,-1.021671826625387,1924.82,1920.2,5.583333333333333,sl
harmonic,2022-03-21 07:55:00,2022-03-21 13:25:00,-1.0221141088014154,1924.72,1920.2,5.5,sl
harmonic,2022-03-21 07:30:00,2022-03-21 13:25:00,-1.0213180008845644,1924.89,1920.2,5.916666666666667,sl
harmonic,2022-03-21 07:45:00,2022-03-21 13:25:00,-1.0199911543564795,1925.2,1920.2,5.666666666666667,sl
threevol,2022-03-23 19:35:00,2022-03-24 02:05:00,-1.0334,1943.74,1940.73,6.5,sl
fvg,2022-03-24 12:30:00,2022-03-24 13:30:00,2.970856741573034,1945.24,1941.78,1.0,tp
fvg,2022-03-24 12:45:00,2022-03-24 14:15:00,2.9778792134831464,1946.34,1941.78,1.5,tp
fvg,2022-03-24 12:35:00,2022-03-24 14:25:00,2.9781132958801497,1946.39,1941.78,1.8333333333333333,tp
fvg,2022-03-24 13:00:00,2022-03-24 14:30:00,2.9806882022471908,1947.01,1941.78,1.5,tp
fvg,2022-03-24 12:50:00,2022-03-24 14:30:00,2.979049625468165,1946.6,1941.78,1.6666666666666667,tp
fvg,2022-03-24 13:05:00,2022-03-24 16:20:00,2.983380149812734,1947.84,1941.78,3.25,tp
fvg,2022-03-24 12:55:00,2022-03-24 21:00:00,1.1896067415730338,1948.99,1941.78,8.083333333333334,time
fvg,2022-03-24 13:25:00,2022-03-24 21:30:00,0.3528475616687507,1953.45,1941.78,8.083333333333334,time
fvg,2022-03-24 13:30:00,2022-03-24 21:35:00,0.09253154484483347,1956.23,1941.78,8.083333333333334,time
fvg,2022-03-24 13:35:00,2022-03-24 21:40:00,0.13493236330567238,1955.69,1941.78,8.083333333333334,time
fvg,2022-03-24 13:40:00,2022-03-24 21:45:00,0.40957144481073093,1952.98,1941.78,8.083333333333334,time
fvg,2022-03-24 13:45:00,2022-03-24 21:50:00,0.6956917130840059,1951.09,1941.78,8.083333333333334,time
fvg,2022-03-24 13:50:00,2022-03-24 21:55:00,0.5898601796066841,1951.71,1941.78,8.083333333333334,time
fvg,2022-03-24 13:55:00,2022-03-24 22:00:00,0.5177901557349096,1953.15,1941.78,8.083333333333334,time
fvg,2022-03-24 14:00:00,2022-03-24 22:05:00,0.6960327384335568,1951.81,1941.78,8.083333333333334,time
fvg,2022-03-24 14:20:00,2022-03-24 22:25:00,0.0425531914893617,1957.71,1941.78,8.083333333333334,time
harmonic,2022-04-08 17:20:00,2022-04-09 01:30:00,1.0528523489932886,1941.31,1935.87,8.166666666666666,time
harmonic,2022-04-08 17:30:00,2022-04-09 01:35:00,1.2560589112602536,1940.82,1935.87,8.083333333333334,time
harmonic,2022-04-08 17:35:00,2022-04-09 01:40:00,1.2335011185682327,1940.87,1935.87,8.083333333333334,time
harmonic,2022-04-08 18:10:00,2022-04-09 02:15:00,0.5885533184190902,1942.9,1935.87,8.083333333333334,time
harmonic,2022-04-08 18:15:00,2022-04-09 02:20:00,0.692020879940343,1942.47,1935.87,8.083333333333334,time
harmonic,2022-04-08 18:20:00,2022-04-09 02:35:00,0.6818605518269948,1942.51,1935.87,8.25,time
harmonic,2022-04-08 18:35:00,2022-04-09 02:40:00,0.7754474272930648,1942.16,1935.87,8.083333333333334,time
harmonic,2022-04-08 18:55:00,2022-04-09 03:00:00,0.4226323639075317,1943.72,1935.87,8.083333333333334,time
harmonic,2022-05-04 07:40:00,2022-05-04 12:25:00,-1.0141521796103783,1870.66,1863.69,4.75,sl
harmonic,2022-05-04 07:30:00,2022-05-04 12:25:00,-1.0144142570105705,1870.51,1863.69,4.916666666666667,sl
harmonic,2022-05-04 07:35:00,2022-05-04 12:25:00,-1.0145016161439677,1870.47,1863.69,4.833333333333333,sl
harmonic,2022-05-04 07:45:00,2022-05-04 12:25:00,-1.0133659474098018,1871.04,1863.69,4.666666666666667,sl
harmonic,2022-05-04 07:55:00,2022-05-04 12:25:00,-1.0145016161439677,1870.5,1863.69,4.5,sl
harmonic,2022-05-04 07:00:00,2022-05-04 12:25:00,-1.0251594304184501,1867.61,1863.69,5.416666666666667,sl
harmonic,2022-05-18 01:25:00,2022-05-18 03:15:00,2.9414829286445254,1815.03,1816.86,1.8333333333333333,tp
harmonic,2022-05-18 01:20:00,2022-05-18 08:15:00,-1.0406549446460136,1814.47,1816.86,6.916666666666667,sl
harmonic,2022-05-18 01:30:00,2022-05-18 08:15:00,-1.0240022327658387,1812.81,1816.86,6.75,sl
harmonic,2022-05-18 01:50:00,2022-05-18 08:15:00,-1.018234254349242,1811.52,1816.86,6.416666666666667,sl
harmonic,2022-05-18 01:55:00,2022-05-18 08:15:00,-1.021025211647595,1812.24,1816.86,6.333333333333333,sl
harmonic,2022-05-18 02:05:00,2022-05-18 08:15:00,-1.0189785096288027,1811.73,1816.86,6.166666666666667,sl
harmonic,2022-05-18 02:10:00,2022-05-18 08:15:00,-1.0170248395199553,1811.16,1816.86,6.083333333333333,sl
harmonic,2022-05-18 02:00:00,2022-05-18 08:15:00,-1.0199088287282538,1811.97,1816.86,6.25,sl
harmonic,2022-05-19 05:55:00,2022-05-19 08:45:00,-1.0211732711732713,1813.92,1818.52,2.8333333333333335,sl
harmonic,2022-05-19 06:00:00,2022-05-19 08:45:00,-1.018939393939394,1813.38,1818.52,2.75,sl
harmonic,2022-05-31 00:35:00,2022-05-31 03:00:00,-1.0241919492365654,1848.63,1852.68,2.4166666666666665,sl
harmonic,2022-05-31 00:55:00,2022-05-31 03:00:00,-1.0159627206028157,1846.53,1852.68,2.0833333333333335,sl
harmonic,2022-05-31 01:00:00,2022-05-31 03:00:00,-1.0200277612532223,1847.77,1852.68,2.0,sl
harmonic,2022-05-31 01:05:00,2022-05-31 03:00:00,-1.0220107079119571,1848.23,1852.68,1.9166666666666667,sl
harmonic,2022-05-31 01:10:00,2022-05-31 03:00:00,-1.0185405512591712,1847.4,1852.68,1.8333333333333333,sl
harmonic,2022-05-31 01:15:00,2022-05-31 03:00:00,-1.0198294665873489,1847.73,1852.68,1.75,sl
harmonic,2022-06-09 19:25:00,2022-06-10 03:30:00,0.8194972539079003,1847.68,1850.76,8.083333333333334,time
harmonic,2022-06-09 19:30:00,2022-06-10 03:35:00,0.7408111533586819,1847.65,1850.76,8.083333333333334,time
harmonic,2022-06-09 19:40:00,2022-06-10 03:55:00,0.699197296155471,1847.25,1850.76,8.25,time
harmonic,2022-06-09 19:55:00,2022-06-10 04:00:00,0.7264469792986903,1847.21,1850.76,8.083333333333334,time
harmonic,2022-06-09 20:00:00,2022-06-10 04:05:00,0.38962822137727077,1846.9,1850.76,8.083333333333334,time
harmonic,2022-06-09 20:05:00,2022-06-10 04:10:00,0.37114490916772286,1847.26,1850.76,8.083333333333334,time
fvg,2022-06-23 22:10:00,2022-06-24 06:15:00,0.16293045883811885,1824.54,1828.19,8.083333333333334,time
fvg,2022-06-23 22:30:00,2022-06-24 06:35:00,-0.1167604693312983,1823.52,1828.19,8.083333333333334,time
fvg,2022-06-23 22:35:00,2022-06-24 06:40:00,0.2997233616331203,1823.67,1828.19,8.083333333333334,time
fvg,2022-06-23 22:40:00,2022-06-24 06:45:00,0.2333301535819899,1823.67,1828.19,8.083333333333334,time
fvg,2022-06-23 22:45:00,2022-06-24 06:50:00,0.48421253457979585,1823.74,1828.19,8.083333333333334,time
fvg,2022-06-23 22:50:00,2022-06-24 06:55:00,0.1772393398836211,1823.96,1828.19,8.083333333333334,time
harmonic,2022-06-30 14:40:00,2022-06-30 15:55:00,-1.0291153415453527,1810.13,1813.46,1.25,sl
harmonic,2022-06-30 14:35:00,2022-06-30 15:55:00,-1.0219892089992872,1809.04,1813.46,1.3333333333333333,sl
fvg,2022-07-06 18:00:00,2022-07-06 19:15:00,-1.0214830867803637,1737.65,1742.09,1.25,sl
fvg,2022-07-06 17:25:00,2022-07-06 19:15:00,-1.0240271365306701,1738.13,1742.09,1.8333333333333333,sl
fvg,2022-07-06 17:30:00,2022-07-06 19:15:00,-1.0273249787995855,1738.61,1742.09,1.75,sl
fvg,2022-07-06 17:50:00,2022-07-06 19:15:00,-1.0181852445114483,1736.84,1742.09,1.4166666666666667,sl
fvg,2022-07-06 18:55:00,2022-07-06 19:15:00,-1.0309054932629793,1739.01,1742.09,0.3333333333333333,sl
fvg,2022-07-06 18:50:00,2022-07-06 19:15:00,-1.0340148874022426,1739.29,1742.09,0.4166666666666667,sl
fvg,2022-07-06 18:45:00,2022-07-06 19:15:00,-1.0400452275511165,1739.71,1742.09,0.5,sl
fvg,2022-07-06 18:40:00,2022-07-06 19:15:00,-1.0366531612173748,1739.49,1742.09,0.5833333333333334,sl
fvg,2022-07-06 18:35:00,2022-07-06 19:15:00,-1.0273249787995855,1738.61,1742.09,0.6666666666666666,sl
fvg,2022-07-06 18:30:00,2022-07-06 19:15:00,-1.021671534910016,1737.7,1742.09,0.75,sl
fvg,2022-07-06 18:25:00,2022-07-06 19:15:00,-1.0164892113445774,1736.31,1742.09,0.8333333333333334,sl
fvg,2022-07-06 18:05:00,2022-07-06 19:15:00,-1.0217657589748421,1737.72,1742.09,1.1666666666666667,sl
fvg,2022-07-20 08:50:00,2022-07-20 09:25:00,-1.048140984311197,1708.18,1710.14,0.5833333333333334,sl
fvg,2022-07-20 08:30:00,2022-07-20 09:25:00,-1.0388996346443156,1707.71,1710.14,0.9166666666666666,sl
fvg,2022-07-20 08:35:00,2022-07-20 09:25:00,-1.0322372662798194,1707.21,1710.14,0.8333333333333334,sl
fvg,2022-07-20 08:40:00,2022-07-20 09:25:00,-1.0344938749194068,1707.4,1710.14,0.75,sl
fvg,2022-07-21 00:00:00,2022-07-21 08:05:00,1.4940015696826998,1694.18,1697.99,8.083333333333334,time
fvg,2022-07-21 00:05:00,2022-07-21 08:10:00,1.3537392084314386,1693.97,1697.99,8.083333333333334,time
fvg,2022-08-26 14:00:00,2022-08-26 14:10:00,-1.0100294342090919,1745.13,1754.68,0.16666666666666666,sl
fib,2022-08-26 14:00:00,2022-08-26 14:10:00,-1.00999900009999,1745.13,1754.68,0.16666666666666666,sl
fvg,2022-08-26 14:20:00,2022-08-26 16:05:00,2.9814977973568286,1749.54,1754.68,1.75,tp
fvg,2022-08-26 14:25:00,2022-08-26 22:30:00,1.0386563876651982,1746.22,1754.68,8.083333333333334,time
fvg,2022-08-26 14:30:00,2022-08-26 22:35:00,1.1058370044052863,1746.49,1754.68,8.083333333333334,time
fvg,2022-08-26 14:35:00,2022-08-26 22:40:00,0.8564977973568282,1745.39,1754.68,8.083333333333334,time
fvg,2022-08-26 14:40:00,2022-08-26 22:45:00,0.8308370044052863,1745.26,1754.68,8.083333333333334,time
fvg,2022-08-26 15:00:00,2022-08-26 23:05:00,0.2842511013215859,1741.25,1754.68,8.083333333333334,time
fvg,2022-08-26 15:20:00,2022-08-26 23:25:00,-0.05759911894273129,1736.38,1754.68,8.083333333333334,time
harmonic,2022-09-06 12:30:00,2022-09-06 16:55:00,2.9727707337351905,1711.41,1714.87,4.416666666666667,tp
harmonic,2022-09-06 12:50:00,2022-09-06 20:55:00,1.155684888796508,1708.91,1714.87,8.083333333333334,time
harmonic,2022-09-06 12:55:00,2022-09-06 21:00:00,0.8275826231552691,1707.84,1714.87,8.083333333333334,time
harmonic,2022-09-06 13:00:00,2022-09-06 21:05:00,0.7696944502182499,1707.61,1714.87,8.083333333333334,time
harmonic,2022-09-06 13:05:00,2022-09-06 21:10:00,0.6994387861151528,1707.31,1714.87,8.083333333333334,time
harmonic,2022-09-06 13:10:00,2022-09-06 21:15:00,0.5258781958012887,1706.45,1714.87,8.083333333333334,time
harmonic,2022-09-06 13:15:00,2022-09-06 21:20:00,1.0890667220951986,1708.72,1714.87,8.083333333333334,time
harmonic,2022-09-06 13:20:00,2022-09-06 21:25:00,1.524111411348992,1709.78,1714.87,8.083333333333334,time
harmonic,2022-09-06 13:25:00,2022-09-06 21:30:00,1.2036998545001039,1709.04,1714.87,8.083333333333334,time
harmonic,2022-09-06 13:30:00,2022-09-06 21:35:00,0.9378507586780295,1708.24,1714.87,8.083333333333334,time
harmonic,2022-09-06 13:35:00,2022-09-06 21:40:00,1.3925379339014758,1709.5,1714.87,8.083333333333334,time
harmonic,2022-09-06 13:40:00,2022-09-06 21:45:00,1.913323633340262,1710.46,1714.87,8.083333333333334,time
harmonic,2022-09-06 13:45:00,2022-09-06 21:50:00,1.6490334649760963,1710.02,1714.87,8.083333333333334,time
harmonic,2022-09-06 13:50:00,2022-09-06 21:55:00,1.032841405113282,1708.55,1714.87,8.083333333333334,time
threevol,2022-10-10 06:30:00,2022-10-10 07:10:00,-1.0314236637364858,1684.88,1687.87,0.6666666666666666,sl
harmonic,2022-10-13 12:30:00,2022-10-13 20:35:00,-0.39924055104203465,1658.61,1678.65,8.083333333333334,time
harmonic,2022-10-13 12:35:00,2022-10-13 20:40:00,-0.45063581773225014,1655.97,1678.65,8.083333333333334,time
harmonic,2022-10-13 12:40:00,2022-10-13 20:45:00,-0.5076827975980219,1653.16,1678.65,8.083333333333334,time
harmonic,2022-10-13 12:45:00,2022-10-13 20:50:00,-0.5724125750618155,1648.81,1678.65,8.083333333333334,time
harmonic,2022-10-13 12:50:00,2022-10-13 20:55:00,-0.5634934652066408,1650.36,1678.65,8.083333333333334,time
harmonic,2022-10-13 12:55:00,2022-10-13 21:00:00,-0.4852525609325327,1654.66,1678.65,8.083333333333334,time
harmonic,2022-10-13 13:00:00,2022-10-13 21:05:00,-0.5404450724125751,1651.78,1678.65,8.083333333333334,time
harmonic,2022-10-13 13:05:00,2022-10-13 21:10:00,-0.5211939244083363,1652.86,1678.65,8.083333333333334,time
harmonic,2022-10-13 13:10:00,2022-10-13 21:20:00,-0.5702931826209819,1649.91,1678.65,8.166666666666666,time
harmonic,2022-10-13 13:20:00,2022-10-13 21:25:00,-0.5829212292476158,1649.04,1678.65,8.083333333333334,time
harmonic,2022-10-13 13:25:00,2022-10-13 21:30:00,-0.5948428117273049,1648.17,1678.65,8.083333333333334,time
harmonic,2022-10-13 13:30:00,2022-10-13 21:35:00,-0.6112681031437655,1646.88,1678.65,8.083333333333334,time
threevol,2022-10-14 15:15:00,2022-10-14 23:20:00,0.3120980091883614,1645.19,1649.93,8.083333333333334,time
harmonic,2022-10-18 14:00:00,2022-10-18 22:05:00,0.282385130672705,1653.3,1658.29,8.083333333333334,time
harmonic,2022-10-18 14:05:00,2022-10-18 22:10:00,0.13265402396452497,1653.17,1658.29,8.083333333333334,time
fvg,2022-11-03 02:15:00,2022-11-03 07:05:00,2.9511316872427984,1638.51,1640.61,4.833333333333333,tp
fvg,2022-11-03 02:10:00,2022-11-03 07:10:00,2.9621399176954735,1637.9,1640.61,5.0,tp
fvg,2022-11-03 02:35:00,2022-11-03 07:10:00,2.9619341563786006,1637.92,1640.61,4.583333333333333,tp
fvg,2022-11-03 02:40:00,2022-11-03 07:45:00,2.9657407407407406,1637.62,1640.61,5.083333333333333,tp
fvg,2022-11-03 02:45:00,2022-11-03 08:00:00,2.970164609053498,1637.18,1640.61,5.25,tp
fvg,2022-11-03 02:50:00,2022-11-03 08:25:00,2.973251028806584,1636.78,1640.61,5.583333333333333,tp
fvg,2022-11-03 03:00:00,2022-11-03 09:10:00,2.975,1636.51,1640.61,6.166666666666667,tp
fvg,2022-11-03 02:55:00,2022-11-03 09:15:00,2.9763374485596708,1636.29,1640.61,6.333333333333333,tp
threevol,2022-11-07 07:20:00,2022-11-07 08:10:00,-1.0309414758269722,1667.62,1670.64,0.8333333333333334,sl
fib,2022-11-15 13:30:00,2022-11-15 13:40:00,-0.6201010101010102,1785.49,1772.72,0.16666666666666666,time
fvg,2022-11-15 13:40:00,2022-11-15 14:30:00,-1.0202045397854826,1777.47,1772.72,0.8333333333333334,sl
fvg,2022-11-15 13:45:00,2022-11-15 14:30:00,-1.020952856073834,1777.3,1772.72,0.75,sl
fvg,2022-11-15 13:55:00,2022-11-15 14:30:00,-1.0232809511931487,1776.85,1772.72,0.5833333333333334,sl
fvg,2022-11-15 13:50:00,2022-11-15 14:30:00,-1.0231146586846263,1776.88,1772.72,0.6666666666666666,sl
fvg,2022-11-16 11:55:00,2022-11-16 12:30:00,-1.0422193324664066,1783.16,1780.88,0.5833333333333334,sl
fvg,2022-11-16 12:20:00,2022-11-16 12:30:00,-1.1035977459904638,1781.81,1780.88,0.16666666666666666,sl
fvg,2022-11-16 12:15:00,2022-11-16 12:30:00,-1.1660164716081491,1781.46,1780.88,0.25,sl
fvg,2022-11-16 12:10:00,2022-11-16 12:30:00,-1.1267446900736888,1781.64,1780.88,0.3333333333333333,sl
fvg,2022-11-16 12:05:00,2022-11-16 12:30:00,-1.0729952319029041,1782.2,1780.88,0.4166666666666667,sl
fvg,2022-11-16 12:00:00,2022-11-16 12:30:00,-1.0443866493281317,1783.05,1780.88,0.5,sl
fvg,2022-11-16 12:35:00,2022-11-16 12:40:00,-1.078972050271994,1782.1,1780.88,0.08333333333333333,sl
fvg,2022-11-16 12:30:00,2022-11-16 12:40:00,-1.0802486315984785,1782.08,1780.88,0.16666666666666666,sl
harmonic,2022-12-30 00:30:00,2022-12-30 07:00:00,2.953490557173729,1815.01,1812.92,6.5,tp
harmonic,2022-12-30 00:50:00,2022-12-30 08:55:00,0.6104481819035985,1815.39,1812.92,8.083333333333334,time
harmonic,2022-12-30 00:55:00,2022-12-30 09:05:00,0.12674997651038242,1815.9,1812.92,8.166666666666666,time
harmonic,2022-12-30 01:05:00,2022-12-30 09:15:00,0.11077703654984496,1815.88,1812.92,8.166666666666666,time
harmonic,2022-12-30 01:15:00,2022-12-30 09:20:00,-0.06238842431645212,1816.0,1812.92,8.083333333333334,time
harmonic,2023-01-12 13:30:00,2023-01-12 14:40:00,-1.0101440086948645,1893.46,1883.71,1.1666666666666667,sl
harmonic,2023-01-12 13:35:00,2023-01-12 14:40:00,-1.0098722941762521,1893.76,1883.71,1.0833333333333333,sl
harmonic,2023-01-12 13:40:00,2023-01-12 14:40:00,-1.0124082963499683,1891.68,1883.71,1.0,sl
harmonic,2023-01-12 13:45:00,2023-01-12 14:40:00,-1.0077891495335567,1896.37,1883.71,0.9166666666666666,sl
harmonic,2023-01-12 13:50:00,2023-01-12 14:40:00,-1.006068290915678,1900.08,1883.71,0.8333333333333334,sl
harmonic,2023-01-12 13:55:00,2023-01-12 14:40:00,-1.0063400054342904,1899.38,1883.71,0.75,sl
harmonic,2023-01-12 15:25:00,2023-01-12 17:25:00,2.9718499951797934,1886.88,1883.71,2.0,tp
harmonic,2023-01-12 15:15:00,2023-01-12 23:20:00,2.113371252289598,1887.82,1883.71,8.083333333333334,time
harmonic,2023-01-12 15:20:00,2023-01-12 23:25:00,1.9732960570712426,1887.98,1883.71,8.083333333333334,time
harmonic,2023-01-12 15:30:00,2023-01-12 23:35:00,1.9563289308782417,1888.16,1883.71,8.083333333333334,time
harmonic,2023-02-01 15:25:00,2023-02-01 17:00:00,-1.01768659356208,1928.07,1922.41,1.5833333333333333,sl
harmonic,2023-02-01 15:30:00,2023-02-01 17:00:00,-1.01547576936682,1928.88,1922.41,1.5,sl
harmonic,2023-02-01 15:35:00,2023-02-01 17:00:00,-1.0170675627874073,1928.28,1922.41,1.4166666666666667,sl
harmonic,2023-02-01 15:40:00,2023-02-01 17:00:00,-1.0137955429784224,1929.68,1922.41,1.3333333333333333,sl
harmonic,2023-02-01 15:45:00,2023-02-01 17:00:00,-1.0114078528475416,1931.21,1922.41,1.25,sl
harmonic,2023-02-01 15:50:00,2023-02-01 17:00:00,-1.012203749557835,1930.6,1922.41,1.1666666666666667,sl
harmonic,2023-02-01 15:55:00,2023-02-01 17:00:00,-1.0108772550406793,1931.59,1922.41,1.0833333333333333,sl
threevol,2023-02-06 02:15:00,2023-02-06 03:00:00,-1.0347593582887702,1875.33,1872.49,0.75,sl
harmonic,2023-02-07 16:15:00,2023-02-07 18:40:00,-1.0118990956687293,1875.93,1867.67,2.4166666666666665,sl
harmonic,2023-02-07 16:00:00,2023-02-07 18:40:00,-1.0120894811994288,1875.84,1867.67,2.6666666666666665,sl
harmonic,2023-02-07 15:55:00,2023-02-07 18:40:00,-1.008567348881485,1879.14,1867.67,2.75,sl
harmonic,2023-02-07 15:35:00,2023-02-07 18:40:00,-1.018848167539267,1872.89,1867.67,3.0833333333333335,sl
harmonic,2023-02-07 16:35:00,2023-02-07 18:40:00,-1.0112327463112805,1876.49,1867.67,2.0833333333333335,sl
harmonic,2023-02-07 16:45:00,2023-02-07 18:40:00,-1.0116135173726797,1876.15,1867.67,1.9166666666666667,sl
harmonic,2023-02-07 16:10:00,2023-02-07 18:40:00,-1.0138029509757258,1874.83,1867.67,2.5,sl
harmonic,2023-02-07 16:40:00,2023-02-07 18:40:00,-1.0123750594954783,1875.63,1867.67,2.0,sl
harmonic,2023-02-07 17:25:00,2023-02-07 18:40:00,-1.0168491194669205,1873.52,1867.67,1.25,sl
harmonic,2023-02-07 17:20:00,2023-02-07 18:40:00,-1.013707758210376,1874.87,1867.67,1.3333333333333333,sl
harmonic,2023-02-07 17:00:00,2023-02-07 18:40:00,-1.014374107567825,1874.53,1867.67,1.6666666666666667,sl
harmonic,2023-02-07 16:05:00,2023-02-07 18:40:00,-1.010851975249881,1876.79,1867.67,2.5833333333333335,sl
harmonic,2023-02-07 16:50:00,2023-02-07 18:40:00,-1.0133269871489767,1875.05,1867.67,1.8333333333333333,sl
harmonic,2023-02-07 16:55:00,2023-02-07 18:40:00,-1.0150404569252736,1874.23,1867.67,1.75,sl
threevol,2023-02-07 15:35:00,2023-02-07 18:40:00,-1.018913020887457,1872.89,1867.67,3.0833333333333335,sl
threevol,2023-02-08 07:25:00,2023-02-08 13:20:00,-1.0233070866141731,1879.38,1875.15,5.916666666666667,sl
harmonic,2023-02-14 07:45:00,2023-02-14 11:30:00,-1.0246256239600666,1859.24,1855.25,3.75,sl
harmonic,2023-02-14 07:40:00,2023-02-14 11:30:00,-1.0270660011092623,1858.88,1855.25,3.8333333333333335,sl
harmonic,2023-02-14 07:35:00,2023-02-14 11:30:00,-1.0247365501941208,1859.23,1855.25,3.9166666666666665,sl
harmonic,2023-02-14 07:25:00,2023-02-14 11:30:00,-1.0271769273433167,1858.86,1855.25,4.083333333333333,sl
harmonic,2023-02-14 07:20:00,2023-02-14 11:30:00,-1.03261231281198,1858.26,1855.25,4.166666666666667,sl
harmonic,2023-02-14 07:15:00,2023-02-14 11:30:00,-1.0320576816417082,1858.32,1855.25,4.25,sl
harmonic,2023-02-14 07:30:00,2023-02-14 11:30:00,-1.022518025513034,1859.62,1855.25,4.0,sl
harmonic,2023-02-17 16:00:00,2023-02-18 00:05:00,0.33608222779968927,1836.83,1822.04,8.083333333333334,time
harmonic,2023-02-17 16:05:00,2023-02-18 00:10:00,0.31385203776741966,1837.08,1822.04,8.083333333333334,time
harmonic,2023-02-17 16:10:00,2023-02-18 00:15:00,0.3253256842356878,1836.95,1822.04,8.083333333333334,time
harmonic,2023-02-17 16:15:00,2023-02-18 00:20:00,0.3351260905940002,1836.84,1822.04,8.083333333333334,time
harmonic,2023-02-17 16:20:00,2023-02-18 00:25:00,0.4757977769809968,1835.43,1822.04,8.083333333333334,time
harmonic,2023-02-28 21:00:00,2023-03-01 00:00:00,-1.0487260772572502,1826.75,1824.75,3.0,sl
harmonic,2023-02-28 21:05:00,2023-03-01 00:00:00,-1.0518962075848304,1826.63,1824.75,2.9166666666666665,sl
harmonic,2023-02-28 21:30:00,2023-03-01 00:00:00,-1.0439121756487024,1826.97,1824.75,2.5,sl
harmonic,2023-02-28 21:45:00,2023-03-01 00:00:00,-1.048256428319831,1826.77,1824.75,2.25,sl
harmonic,2023-02-28 21:10:00,2023-03-01 00:00:00,-1.060584712927087,1826.36,1824.75,2.8333333333333335,sl
fvg,2023-03-17 17:25:00,2023-03-17 18:50:00,2.9784772921209823,1968.26,1963.09,1.4166666666666667,tp
fvg,2023-03-17 17:30:00,2023-03-18 01:35:00,2.5832938276287094,1971.37,1965.05,8.083333333333334,time
fvg,2023-03-17 17:50:00,2023-03-18 01:55:00,1.6090831516070923,1973.73,1965.05,8.083333333333334,time
fvg,2023-03-17 17:55:00,2023-03-18 02:00:00,2.019531620365981,1972.55,1965.05,8.083333333333334,time
fvg,2023-03-17 18:00:00,2023-03-18 02:05:00,1.3468284820328056,1974.7,1965.05,8.083333333333334,time
fvg,2023-03-17 18:05:00,2023-03-18 02:10:00,1.827249454821276,1973.06,1965.05,8.083333333333334,time
fvg,2023-03-17 18:10:00,2023-03-18 02:15:00,1.0968995923011282,1975.85,1965.05,8.083333333333334,time
fvg,2023-03-17 18:15:00,2023-03-18 02:20:00,0.8219398881198445,1977.48,1965.05,8.083333333333334,time
fvg,2023-03-17 18:20:00,2023-03-18 02:25:00,0.7664738788281028,1977.87,1965.05,8.083333333333334,time
fvg,2023-03-17 18:25:00,2023-03-18 02:30:00,0.5067791789134352,1980.08,1965.05,8.083333333333334,time
fvg,2023-03-17 18:30:00,2023-03-18 02:35:00,0.6292784678107519,1978.95,1965.05,8.083333333333334,time
threevol,2023-03-23 18:05:00,2023-03-23 18:55:00,-1.0248196860415784,2001.57,1997.46,0.8333333333333334,sl
threevol,2023-03-23 16:25:00,2023-03-23 19:00:00,-1.0255621552821383,1992.38,1988.4,2.5833333333333335,sl
threevol,2023-03-30 14:20:00,2023-03-30 22:25:00,1.549166125189517,1970.67,1964.6,8.083333333333334,time
harmonic,2023-04-04 13:15:00,2023-04-04 14:05:00,2.98810261494609,1985.17,1977.43,0.8333333333333334,tp
harmonic,2023-04-04 13:35:00,2023-04-04 14:15:00,2.9918205477754367,1988.66,1977.43,0.6666666666666666,tp
harmonic,2023-04-04 13:40:00,2023-04-04 21:45:00,1.9446028008427314,1991.81,1977.43,8.083333333333334,time
harmonic,2023-04-04 13:45:00,2023-04-04 21:50:00,1.8982525715702068,1992.04,1977.43,8.083333333333334,time
harmonic,2023-04-04 13:50:00,2023-04-04 21:55:00,2.0115255917709756,1991.49,1977.43,8.083333333333334,time
threevol,2023-04-04 14:10:00,2023-04-04 22:15:00,0.2700223952223526,2016.1,2002.45,8.083333333333334,time
harmonic,2023-04-04 14:10:00,2023-04-04 22:15:00,0.2699953227315248,2016.1,2002.45,8.083333333333334,time
harmonic,2023-04-04 14:15:00,2023-04-04 22:20:00,0.04431711880261927,2020.1,2002.45,8.083333333333334,time
harmonic,2023-04-04 14:20:00,2023-04-04 22:25:00,0.05542563143124416,2019.99,2002.45,8.083333333333334,time
fvg,2023-04-11 14:45:00,2023-04-11 22:50:00,0.1692508568630651,2002.2,1994.5,8.083333333333334,time
fvg,2023-04-11 14:50:00,2023-04-11 23:00:00,0.16190631630488003,2002.07,1994.5,8.166666666666666,time
fvg,2023-04-11 15:00:00,2023-04-11 23:05:00,0.23045536151460744,2001.73,1994.5,8.083333333333334,time
fvg,2023-04-11 15:05:00,2023-04-11 23:10:00,0.10208911375877264,2002.66,1994.5,8.083333333333334,time
fvg,2023-04-11 15:10:00,2023-04-11 23:20:00,-0.06520319895544312,2004.12,1994.5,8.166666666666666,time
harmonic,2023-05-30 23:55:00,2023-05-31 01:30:00,-1.0901060070671378,1958.18,1957.06,1.5833333333333333,sl
harmonic,2023-05-30 23:45:00,2023-05-31 01:30:00,-1.0710026501766783,1958.48,1957.06,1.75,sl
harmonic,2023-06-01 12:10:00,2023-06-01 12:15:00,-1.024081115335868,1965.56,1961.36,0.08333333333333333,sl
harmonic,2023-06-01 12:05:00,2023-06-01 12:15:00,-1.020880361173815,1966.21,1961.36,0.16666666666666666,sl
harmonic,2023-06-01 12:00:00,2023-06-01 12:15:00,-1.0206546275395034,1966.26,1961.36,0.25,sl
harmonic,2023-06-01 12:30:00,2023-06-01 13:05:00,2.949476135040745,1963.56,1961.36,0.5833333333333334,tp
fvg,2023-06-12 12:55:00,2023-06-12 13:05:00,-1.0716255678131086,1962.5,1961.09,0.16666666666666666,sl
fvg,2023-06-12 12:40:00,2023-06-12 13:05:00,-1.0651362751460092,1962.64,1961.09,0.4166666666666667,sl
fvg,2023-06-12 12:45:00,2023-06-12 13:05:00,-1.0452628163530175,1963.32,1961.09,0.3333333333333333,sl
fvg,2023-06-12 12:50:00,2023-06-12 13:05:00,-1.0567813108371187,1962.87,1961.09,0.25,sl
fvg,2023-06-12 12:35:00,2023-06-12 13:05:00,-1.0543478260869563,1962.95,1961.09,0.5,sl
harmonic,2023-07-05 12:50:00,2023-07-05 13:20:00,2.9491180461329716,1928.46,1926.49,0.5,tp
harmonic,2023-07-05 12:40:00,2023-07-05 13:40:00,-1.0338082315694257,1929.45,1926.49,1.0,sl
harmonic,2023-07-05 12:45:00,2023-07-05 13:40:00,-1.0461329715061058,1928.66,1926.49,0.9166666666666666,sl
harmonic,2023-07-25 15:00:00,2023-07-25 23:05:00,0.5119955156950673,1963.18,1959.09,8.083333333333334,time
harmonic,2023-07-25 15:05:00,2023-07-25 23:10:00,0.7285874439461882,1962.65,1959.09,8.083333333333334,time
harmonic,2023-07-25 15:10:00,2023-07-25 23:15:00,1.552354260089686,1961.65,1959.09,8.083333333333334,time
harmonic,2023-07-25 15:30:00,2023-07-25 23:35:00,0.38441704035874436,1963.47,1959.09,8.083333333333334,time
harmonic,2023-07-25 15:35:00,2023-07-25 23:40:00,0.21995515695067264,1963.79,1959.09,8.083333333333334,time
harmonic,2023-07-25 15:40:00,2023-07-25 23:45:00,0.4019058295964126,1963.23,1959.09,8.083333333333334,time
harmonic,2023-08-15 05:40:00,2023-08-15 13:45:00,0.4195917485689599,1904.63,1909.1,8.083333333333334,time
harmonic,2023-08-15 05:45:00,2023-08-15 13:50:00,0.22605032940922345,1905.05,1909.1,8.083333333333334,time
harmonic,2023-08-15 05:50:00,2023-08-15 13:55:00,0.3099686791230154,1905.05,1909.1,8.083333333333334,time
harmonic,2023-08-15 05:55:00,2023-08-15 14:00:00,0.5552435468193109,1905.29,1909.1,8.083333333333334,time
harmonic,2023-08-29 12:15:00,2023-08-29 13:55:00,-1.0164911160761785,1915.65,1921.71,1.6666666666666667,sl
harmonic,2023-09-05 05:30:00,2023-09-05 08:35:00,2.9469045571797077,1937.76,1939.46,3.0833333333333335,tp
harmonic,2023-09-05 05:35:00,2023-09-05 09:20:00,2.952708512467756,1937.55,1939.46,3.75,tp
harmonic,2023-09-05 06:15:00,2023-09-05 14:20:00,2.4586199484092863,1935.83,1939.46,8.083333333333334,time
harmonic,2023-10-02 01:05:00,2023-10-02 04:10:00,2.933339946433885,1847.19,1848.66,3.0833333333333335,tp
harmonic,2023-10-02 01:00:00,2023-10-02 05:40:00,2.9406804880468207,1847.01,1848.66,4.666666666666667,tp
harmonic,2023-10-02 00:35:00,2023-10-02 08:40:00,1.5438944549151867,1846.11,1848.66,8.083333333333334,time
harmonic,2023-10-02 00:40:00,2023-10-02 08:45:00,1.8685646265251463,1846.05,1848.66,8.083333333333334,time
harmonic,2023-10-02 00:45:00,2023-10-02 09:00:00,2.9600238071619875,1846.21,1848.66,8.25,tp
harmonic,2023-10-02 13:45:00,2023-10-02 22:00:00,1.0091905266878756,1835.18,1841.45,8.25,time
harmonic,2023-10-02 14:00:00,2023-10-02 22:05:00,0.5704312477907387,1833.18,1841.45,8.083333333333334,time
harmonic,2023-10-02 14:05:00,2023-10-02 22:10:00,0.39457405443619653,1832.51,1841.45,8.083333333333334,time
harmonic,2023-10-02 14:10:00,2023-10-02 22:15:00,-0.0363202545068929,1828.35,1841.45,8.083333333333334,time
harmonic,2023-10-02 14:15:00,2023-10-02 22:20:00,0.04445033580770591,1829.36,1841.45,8.083333333333334,time
harmonic,2023-10-02 14:20:00,2023-10-02 22:25:00,0.25415341109932843,1831.31,1841.45,8.083333333333334,time
threevol,2023-10-19 16:55:00,2023-10-19 19:10:00,2.9813889184302877,1961.68,1956.79,2.25,tp
harmonic,2023-10-27 07:20:00,2023-10-27 09:50:00,-1.0418359408764803,1987.76,1985.33,2.5,sl
harmonic,2023-10-27 06:05:00,2023-10-27 09:50:00,-1.0261042441006136,1989.23,1985.33,3.75,sl
harmonic,2023-10-27 06:15:00,2023-10-27 09:50:00,-1.0449477050739044,1987.59,1985.33,3.5833333333333335,sl
harmonic,2023-10-27 06:20:00,2023-10-27 09:50:00,-1.0354395366928861,1988.2,1985.33,3.5,sl
harmonic,2023-10-27 06:45:00,2023-10-27 09:50:00,-1.0303397009248856,1988.68,1985.33,3.0833333333333335,sl
harmonic,2023-10-27 06:50:00,2023-10-27 09:50:00,-1.0406258103552597,1987.83,1985.33,3.0,sl
harmonic,2023-10-27 06:55:00,2023-10-27 09:50:00,-1.05497450082116,1987.18,1985.33,2.9166666666666665,sl
harmonic,2023-10-27 07:00:00,2023-10-27 09:50:00,-1.0555795660817704,1987.16,1985.33,2.8333333333333335,sl
harmonic,2023-10-27 07:05:00,2023-10-27 09:50:00,-1.0526406776730919,1987.26,1985.33,2.75,sl
harmonic,2023-10-27 07:30:00,2023-10-27 09:50:00,-1.039588555622785,1987.9,1985.33,2.3333333333333335,sl
harmonic,2023-10-27 06:10:00,2023-10-27 09:50:00,-1.046244273489498,1987.53,1985.33,3.6666666666666665,sl
harmonic,2023-10-27 18:15:00,2023-10-28 02:30:00,0.0795743018941613,2004.68,1993.8,8.25,time
harmonic,2023-10-27 18:30:00,2023-10-28 02:35:00,0.13600859207186097,2004.14,1993.8,8.083333333333334,time
harmonic,2023-10-27 18:35:00,2023-10-28 02:40:00,0.11755516500683459,2004.31,1993.8,8.083333333333334,time
harmonic,2023-11-03 13:40:00,2023-11-03 14:10:00,-1.0158622031919033,1998.4,1991.97,0.5,sl
harmonic,2023-11-03 13:45:00,2023-11-03 14:10:00,-1.0234527053328142,1996.32,1991.97,0.4166666666666667,sl
harmonic,2023-11-03 13:50:00,2023-11-03 14:10:00,-1.0310432074737252,1995.25,1991.97,0.3333333333333333,sl
harmonic,2023-11-03 13:55:00,2023-11-03 14:10:00,-1.0333787465940054,1995.02,1991.97,0.25,sl
harmonic,2023-11-03 14:00:00,2023-11-03 14:10:00,-1.0250097314130011,1996.04,1991.97,0.16666666666666666,sl
harmonic,2023-11-03 14:05:00,2023-11-03 14:10:00,-1.037439737408965,1994.69,1991.97,0.08333333333333333,sl
harmonic,2023-11-03 14:15:00,2023-11-03 14:25:00,-1.117019071310116,1992.84,1991.97,0.16666666666666666,sl
harmonic,2023-11-03 14:20:00,2023-11-03 14:25:00,-1.0648846960167715,1993.54,1991.97,0.08333333333333333,sl
fvg,2023-11-14 02:55:00,2023-11-14 04:00:00,-1.0620985010706638,1945.46,1943.84,1.0833333333333333,sl
fib,2023-11-21 19:10:00,2023-11-21 19:20:00,0.2945421282650676,1997.74,1992.57,0.16666666666666666,time
fvg,2023-11-21 19:10:00,2023-11-22 03:15:00,-0.13808328283265517,1997.74,1992.57,8.083333333333334,time
harmonic,2023-11-21 19:10:00,2023-11-22 03:15:00,-0.13804428435215593,1997.74,1992.57,8.083333333333334,time
fvg,2023-11-21 19:30:00,2023-11-22 03:35:00,-0.49181889013938185,2000.02,1992.57,8.083333333333334,time
harmonic,2023-11-21 19:30:00,2023-11-22 03:35:00,-0.49178938446869375,2000.02,1992.57,8.083333333333334,time
fvg,2023-11-21 19:35:00,2023-11-22 03:40:00,-0.492771188641676,1999.79,1992.57,8.083333333333334,time
harmonic,2023-11-21 19:35:00,2023-11-22 03:40:00,-0.4927428753045873,1999.79,1992.57,8.083333333333334,time
harmonic,2023-11-21 19:40:00,2023-11-22 03:45:00,-0.4962390083695307,1999.84,1992.57,8.083333333333334,time
fvg,2023-11-21 19:40:00,2023-11-22 03:45:00,-0.49632066487749976,1999.84,1992.57,8.083333333333334,time
harmonic,2023-11-21 19:45:00,2023-11-22 03:50:00,-0.5422184553448458,1999.63,1992.57,8.083333333333334,time
fvg,2023-11-21 19:45:00,2023-11-22 03:50:00,-0.5422041381698555,1999.63,1992.57,8.083333333333334,time
harmonic,2023-11-21 19:50:00,2023-11-22 04:05:00,-0.3528975527068546,1999.22,1992.57,8.25,time
fvg,2023-11-21 19:50:00,2023-11-22 04:05:00,-0.3529564539866678,1999.22,1992.57,8.25,time
fvg,2023-11-21 20:05:00,2023-11-22 04:10:00,-0.32447407150896024,1998.91,1992.57,8.083333333333334,time
harmonic,2023-11-21 20:05:00,2023-11-22 04:10:00,-0.324398771056256,1998.91,1992.57,8.083333333333334,time
harmonic,2023-11-21 20:25:00,2023-11-22 04:40:00,-0.1600805170039199,1999.11,1992.57,8.25,time
fvg,2023-11-21 20:25:00,2023-11-22 04:40:00,-0.1600727209765388,1999.11,1992.57,8.25,time
harmonic,2023-11-21 20:40:00,2023-11-22 04:45:00,-0.013454815128721263,1999.02,1992.57,8.083333333333334,time
fvg,2023-11-21 20:40:00,2023-11-22 04:45:00,-0.013505324214353735,1999.02,1992.57,8.083333333333334,time
harmonic,2023-11-21 20:45:00,2023-11-22 04:50:00,0.14673164530140903,1998.93,1992.57,8.083333333333334,time
fvg,2023-11-21 20:45:00,2023-11-22 04:50:00,0.14674054194442038,1998.93,1992.57,8.083333333333334,time
harmonic,2023-11-21 20:50:00,2023-11-22 04:55:00,0.12236465727301622,1998.34,1992.57,8.083333333333334,time
fvg,2023-11-21 20:50:00,2023-11-22 04:55:00,0.1223270712492425,1998.34,1992.57,8.083333333333334,time
fvg,2023-11-21 20:55:00,2023-11-22 05:00:00,0.07644359795688685,1998.76,1992.57,8.083333333333334,time
harmonic,2023-11-21 20:55:00,2023-11-22 05:00:00,0.07638521029770103,1998.76,1992.57,8.083333333333334,time
harmonic,2023-11-29 05:05:00,2023-11-29 05:35:00,-1.0324371394361598,2048.13,2044.95,0.5,sl
harmonic,2023-11-29 05:20:00,2023-11-29 05:35:00,-1.1011211494503101,2045.97,2044.95,0.25,sl
harmonic,2023-11-29 05:15:00,2023-11-29 05:35:00,-1.058016762817024,2046.73,2044.95,0.3333333333333333,sl
harmonic,2023-11-29 05:10:00,2023-11-29 05:35:00,-1.050288451072167,2047.0,2044.95,0.4166666666666667,sl
threevol,2023-12-07 02:10:00,2023-12-07 04:00:00,-1.0402767737271508,2028.48,2025.93,1.8333333333333333,sl
fvg,2023-12-14 00:40:00,2023-12-14 01:10:00,-1.0219692252957395,2036.6,2031.92,0.5,sl
fvg,2023-12-14 00:45:00,2023-12-14 01:10:00,-1.0198345637285422,2037.1,2031.92,0.4166666666666667,sl
fvg,2023-12-14 00:50:00,2023-12-14 01:10:00,-1.016632571377746,2038.1,2031.92,0.3333333333333333,sl
fvg,2023-12-14 00:55:00,2023-12-14 01:10:00,-1.0177888463933114,2037.7,2031.92,0.25,sl
fvg,2023-12-14 01:05:00,2023-12-14 01:10:00,-1.0242539081004263,2036.16,2031.92,0.08333333333333333,sl
fvg,2023-12-14 01:00:00,2023-12-14 01:10:00,-1.0245486080227697,2036.11,2031.92,0.16666666666666666,sl
fvg,2023-12-14 00:30:00,2023-12-14 01:10:00,-1.0227697233834385,2036.43,2031.92,0.6666666666666666,sl
threevol,2023-12-14 00:30:00,2023-12-14 01:10:00,-1.0228553537883533,2036.43,2031.92,0.6666666666666666,sl
fvg,2023-12-13 23:35:00,2023-12-14 07:40:00,0.861069109668238,2027.01,2022.78,8.083333333333334,time
fvg,2023-12-13 23:40:00,2023-12-14 07:45:00,0.906430667971182,2027.46,2022.78,8.083333333333334,time
fvg,2023-12-13 23:45:00,2023-12-14 07:50:00,0.1233656497376145,2031.63,2022.78,8.083333333333334,time
fvg,2023-12-13 23:50:00,2023-12-14 07:55:00,0.09979542826647692,2031.62,2022.78,8.083333333333334,time
fvg,2023-12-13 23:55:00,2023-12-14 08:00:00,0.27190251712176466,2032.57,2022.78,8.083333333333334,time
fvg,2023-12-14 00:00:00,2023-12-14 08:05:00,0.16854931957662544,2033.53,2022.78,8.083333333333334,time
fvg,2023-12-14 00:05:00,2023-12-14 08:10:00,0.5644400960597705,2030.88,2022.78,8.083333333333334,time
fvg,2023-12-14 00:10:00,2023-12-14 08:15:00,0.651872276082896,2030.99,2022.78,8.083333333333334,time
threevol,2023-12-18 04:50:00,2023-12-18 09:15:00,2.9249261914803877,2022.72,2021.22,4.416666666666667,tp
threevol,2023-12-21 12:25:00,2023-12-21 13:30:00,-1.041180086047941,2036.24,2033.74,1.0833333333333333,sl
threevol,2023-12-21 16:25:00,2023-12-21 16:40:00,-1.04120082815735,2044.26,2041.76,0.25,sl
threevol,2023-12-21 16:20:00,2023-12-21 17:50:00,-1.0336438923395446,2043.6,2040.54,1.5,sl
harmonic,2024-01-30 13:45:00,2024-01-30 15:20:00,-1.0165965670114814,2036.48,2030.28,1.5833333333333333,sl
harmonic,2024-01-30 13:40:00,2024-01-30 15:20:00,-1.0170512674775491,2036.33,2030.28,1.6666666666666667,sl
harmonic,2024-01-30 13:00:00,2024-01-30 15:20:00,-1.0197794702739569,2035.48,2030.28,2.3333333333333335,sl
harmonic,2024-01-31 11:55:00,2024-01-31 14:45:00,2.9772540743346227,2036.99,2032.46,2.8333333333333335,tp
harmonic,2024-01-31 12:25:00,2024-01-31 14:50:00,2.9811232266385272,2037.93,2032.46,2.4166666666666665,tp
harmonic,2024-01-31 12:15:00,2024-01-31 20:00:00,-1.017235314808301,2038.43,2032.46,7.75,sl
harmonic,2024-01-31 12:20:00,2024-01-31 20:00:00,-1.0166490796107397,2038.66,2032.46,7.666666666666667,sl
fvg,2024-02-06 17:55:00,2024-02-06 18:05:00,-1.103988210371189,2036.75,2035.76,0.16666666666666666,sl
fvg,2024-02-06 18:00:00,2024-02-06 18:05:00,-1.151369669584863,2036.44,2035.76,0.08333333333333333,sl
fvg,2024-02-06 17:50:00,2024-02-06 18:05:00,-1.0522243713733075,2037.73,2035.76,0.25,sl
fvg,2024-02-06 17:45:00,2024-02-06 18:20:00,-1.035645205857972,2037.29,2034.4,0.5833333333333334,sl
fvg,2024-02-06 18:55:00,2024-02-06 19:00:00,-1.1942626107046592,2036.29,2035.76,0.08333333333333333,sl
harmonic,2024-02-07 14:05:00,2024-02-07 22:10:00,-0.1868441836849825,2035.9,2029.49,8.083333333333334,time
harmonic,2024-02-07 14:10:00,2024-02-07 22:15:00,-0.1894392417917184,2035.92,2029.49,8.083333333333334,time
harmonic,2024-02-07 14:15:00,2024-02-07 22:20:00,-0.2689834141938396,2036.62,2029.49,8.083333333333334,time
harmonic,2024-02-07 14:20:00,2024-02-07 22:25:00,0.02200157960058671,2034.59,2029.49,8.083333333333334,time
harmonic,2024-02-07 14:25:00,2024-02-07 22:30:00,0.10662303960284328,2034.2,2029.49,8.083333333333334,time
harmonic,2024-02-07 14:35:00,2024-02-07 22:40:00,-0.2457407198465531,2036.4,2029.49,8.083333333333334,time
harmonic,2024-02-07 14:55:00,2024-02-07 23:00:00,-0.5507164616946858,2042.16,2029.49,8.083333333333334,time
harmonic,2024-02-07 15:00:00,2024-02-07 23:05:00,-0.3899356876903983,2039.64,2029.49,8.083333333333334,time
harmonic,2024-02-07 15:05:00,2024-02-07 23:10:00,-0.343337470382489,2039.24,2029.49,8.083333333333334,time
harmonic,2024-02-07 15:10:00,2024-02-07 23:15:00,-0.35529730339614124,2039.42,2029.49,8.083333333333334,time
harmonic,2024-02-07 15:30:00,2024-02-07 23:35:00,-0.34390161344917075,2039.4,2029.49,8.083333333333334,time
harmonic,2024-02-07 15:35:00,2024-02-07 23:40:00,-0.38925871601038026,2040.12,2029.49,8.083333333333334,time
harmonic,2024-02-07 15:40:00,2024-02-07 23:45:00,-0.3993004625973147,2040.32,2029.49,8.083333333333334,time
harmonic,2024-02-07 15:45:00,2024-02-07 23:50:00,-0.36443642107638496,2039.83,2029.49,8.083333333333334,time
harmonic,2024-02-07 15:50:00,2024-02-07 23:55:00,-0.3184023468351574,2039.47,2029.49,8.083333333333334,time
harmonic,2024-02-09 01:15:00,2024-02-09 09:25:00,-0.4967020023557126,2034.09,2030.35,8.166666666666666,time
harmonic,2024-02-09 01:25:00,2024-02-09 09:30:00,-0.4416961130742049,2033.9,2030.35,8.083333333333334,time
harmonic,2024-02-09 01:45:00,2024-02-09 09:55:00,-0.7233215547703179,2034.08,2030.35,8.166666666666666,time
harmonic,2024-02-09 01:55:00,2024-02-09 10:00:00,-0.6510011778563015,2033.88,2030.35,8.083333333333334,time
harmonic,2024-02-09 02:00:00,2024-02-09 10:05:00,-0.6137809187279152,2034.42,2030.35,8.083333333333334,time
harmonic,2024-02-09 02:05:00,2024-02-09 10:10:00,-0.7871613663133097,2034.26,2030.35,8.083333333333334,time
harmonic,2024-02-09 02:25:00,2024-02-09 10:35:00,-0.6491166077738515,2034.24,2030.35,8.166666666666666,time
harmonic,2024-02-09 02:35:00,2024-02-09 10:40:00,-0.6686690223792697,2034.41,2030.35,8.083333333333334,time
harmonic,2024-02-29 07:10:00,2024-02-29 10:15:00,-1.0301376658811858,2036.56,2033.15,3.0833333333333335,sl
harmonic,2024-02-29 05:50:00,2024-02-29 10:15:00,-1.041547810988466,2035.63,2033.15,4.416666666666667,sl
harmonic,2024-02-29 05:20:00,2024-02-29 10:15:00,-1.0559345156889497,2034.99,2033.15,4.916666666666667,sl
harmonic,2024-02-29 06:55:00,2024-02-29 10:15:00,-1.0301376658811858,2036.57,2033.15,3.3333333333333335,sl
harmonic,2024-02-29 07:00:00,2024-02-29 10:15:00,-1.028401339451817,2036.77,2033.15,3.25,sl
harmonic,2024-03-01 20:25:00,2024-03-02 04:30:00,-0.5461800104657247,2084.41,2080.53,8.083333333333334,time
harmonic,2024-03-01 20:30:00,2024-03-02 04:35:00,-0.5081109366823653,2084.11,2080.53,8.083333333333334,time
harmonic,2024-03-01 20:50:00,2024-03-02 04:55:00,-0.5068027210884354,2084.1,2080.53,8.083333333333334,time
harmonic,2024-03-01 20:55:00,2024-03-02 05:00:00,-0.33555729984301413,2083.18,2080.53,8.083333333333334,time
harmonic,2024-03-01 21:00:00,2024-03-02 05:05:00,-0.36891679748822603,2083.32,2080.53,8.083333333333334,time
harmonic,2024-03-01 21:05:00,2024-03-02 05:20:00,-0.3253532182103611,2083.14,2080.53,8.25,time
harmonic,2024-03-01 21:35:00,2024-03-02 05:40:00,-0.41300366300366304,2083.53,2080.53,8.083333333333334,time
harmonic,2024-03-01 21:40:00,2024-03-02 05:50:00,-0.3279696493982208,2083.15,2080.53,8.166666666666666,time
harmonic,2024-03-01 21:50:00,2024-03-02 05:55:00,-0.3175039246467818,2083.11,2080.53,8.083333333333334,time
fib,2024-03-07 07:45:00,2024-03-07 07:55:00,0.5364815565464126,2153.9,2150.36,0.16666666666666666,time
harmonic,2024-03-07 07:45:00,2024-03-07 13:05:00,2.9699932111337404,2153.9,2150.36,5.333333333333333,tp
fvg,2024-03-07 07:45:00,2024-03-07 13:05:00,2.9699922057677317,2153.9,2150.36,5.333333333333333,tp
fvg,2024-03-07 07:25:00,2024-03-07 14:40:00,-1.0222135619641466,2155.14,2150.36,7.25,sl
harmonic,2024-03-07 07:25:00,2024-03-07 14:40:00,-1.022131704005431,2155.14,2150.36,7.25,sl
harmonic,2024-03-07 07:40:00,2024-03-07 14:40:00,-1.023489477257298,2154.87,2150.36,7.0,sl
fvg,2024-03-07 08:05:00,2024-03-07 14:40:00,-1.017049883086516,2156.59,2150.36,6.583333333333333,sl
fvg,2024-03-07 07:40:00,2024-03-07 14:40:00,-1.0234801247077163,2154.87,2150.36,7.0,sl
fvg,2024-04-01 22:50:00,2024-04-01 23:15:00,-1.0425199921981665,2252.62,2250.07,0.4166666666666667,sl
fvg,2024-04-01 22:45:00,2024-04-01 23:15:00,-1.0261361419933683,2254.22,2250.07,0.5,sl
fvg,2024-04-01 22:40:00,2024-04-01 23:15:00,-1.0316949483128535,2253.49,2250.07,0.5833333333333334,sl
fvg,2024-04-01 23:05:00,2024-04-01 23:15:00,-1.084747415642676,2251.35,2250.07,0.16666666666666666,sl
fvg,2024-04-01 23:10:00,2024-04-01 23:15:00,-1.0690916917778734,2251.64,2250.07,0.08333333333333333,sl
fvg,2024-04-01 22:35:00,2024-04-01 23:15:00,-1.0277940315974254,2253.98,2250.07,0.6666666666666666,sl
fvg,2024-04-01 22:30:00,2024-04-01 23:15:00,-1.0276965086795395,2253.99,2250.07,0.75,sl
fvg,2024-04-01 22:25:00,2024-04-01 23:15:00,-1.0233079773746832,2254.73,2250.07,0.8333333333333334,sl
fvg,2024-04-01 22:55:00,2024-04-01 23:15:00,-1.034425590013653,2253.22,2250.07,0.3333333333333333,sl
fvg,2024-04-01 23:00:00,2024-04-01 23:15:00,-1.0904037448800468,2251.27,2250.07,0.25,sl
fvg,2024-04-12 03:35:00,2024-04-12 11:40:00,0.6539382071366405,2386.12,2373.3,8.083333333333334,time
fvg,2024-04-12 03:40:00,2024-04-12 11:45:00,0.9756309834638817,2384.28,2373.3,8.083333333333334,time
fib,2024-04-12 12:50:00,2024-04-12 13:00:00,0.5327083963310151,2395.62,2389.12,0.16666666666666666,time
fvg,2024-04-12 13:10:00,2024-04-12 14:10:00,2.981267394562192,2395.12,2389.12,1.0,tp
fvg,2024-04-12 12:55:00,2024-04-12 14:10:00,2.9823378291586384,2395.5,2389.12,1.25,tp
fvg,2024-04-12 12:50:00,2024-04-12 14:10:00,2.982658959537572,2395.62,2389.12,1.3333333333333333,tp
fvg,2024-04-12 13:15:00,2024-04-12 14:15:00,2.984050524512952,2396.16,2389.12,1.0,tp
fvg,2024-04-12 13:05:00,2024-04-12 14:15:00,2.9851209591093983,2396.68,2389.12,1.1666666666666667,tp
harmonic,2024-04-15 05:50:00,2024-04-15 06:50:00,-1.016142050040355,2361.4,2354.5,1.0,sl
harmonic,2024-04-15 05:55:00,2024-04-15 06:50:00,-1.017621737960721,2360.81,2354.5,0.9166666666666666,sl
threevol,2024-04-15 05:45:00,2024-04-15 06:50:00,-1.0291754756871037,2358.31,2354.5,1.0833333333333333,sl
harmonic,2024-04-15 05:45:00,2024-04-15 06:50:00,-1.0291902071563088,2358.31,2354.5,1.0833333333333333,sl
threevol,2024-04-18 08:05:00,2024-04-18 13:20:00,2.9700918607135227,2379.47,2376.06,5.25,tp
harmonic,2024-04-23 20:05:00,2024-04-24 01:00:00,-1.0266444629475437,2321.97,2317.82,4.916666666666667,sl
harmonic,2024-04-23 20:10:00,2024-04-24 01:00:00,-1.025811823480433,2322.09,2317.82,4.833333333333333,sl
harmonic,2024-04-23 19:30:00,2024-04-24 01:00:00,-1.0249791840133222,2322.24,2317.82,5.5,sl
harmonic,2024-04-23 19:35:00,2024-04-24 01:00:00,-1.0280321953927283,2321.75,2317.82,5.416666666666667,sl
harmonic,2024-04-23 19:40:00,2024-04-24 01:00:00,-1.0253955037468776,2322.16,2317.82,5.333333333333333,sl
harmonic,2024-04-23 19:55:00,2024-04-24 01:00:00,-1.0266444629475437,2321.97,2317.82,5.083333333333333,sl
harmonic,2024-04-23 20:00:00,2024-04-24 01:00:00,-1.0216486261448794,2322.93,2317.82,5.0,sl
harmonic,2024-04-23 20:15:00,2024-04-24 01:00:00,-1.0248404107688036,2322.27,2317.82,4.75,sl
harmonic,2024-04-23 20:20:00,2024-04-24 01:00:00,-1.0251179572578408,2322.21,2317.82,4.666666666666667,sl
threevol,2024-04-24 04:00:00,2024-04-24 04:55:00,-1.0264522821576763,2329.5,2325.33,0.9166666666666666,sl
harmonic,2024-05-01 17:35:00,2024-05-01 18:00:00,-1.0238495642868064,2300.78,2296.18,0.4166666666666667,sl
harmonic,2024-05-01 17:40:00,2024-05-01 18:00:00,-1.0281302553126435,2300.09,2296.18,0.3333333333333333,sl
harmonic,2024-05-01 18:05:00,2024-05-01 18:35:00,2.9811144061183086,2301.49,2296.18,0.5,tp
harmonic,2024-05-01 18:10:00,2024-05-01 18:40:00,2.985796784766662,2303.2,2296.18,0.5,tp
harmonic,2024-05-01 18:00:00,2024-05-02 02:05:00,2.007803964413922,2305.77,2296.18,8.083333333333334,time
harmonic,2024-05-01 18:15:00,2024-05-02 02:20:00,1.9222725144373343,2305.12,2296.18,8.083333333333334,time
harmonic,2024-05-01 18:20:00,2024-05-02 02:25:00,1.4001872951459342,2306.96,2296.18,8.083333333333334,time
harmonic,2024-05-01 18:25:00,2024-05-02 02:30:00,0.4521616981426565,2313.11,2296.18,8.083333333333334,time
harmonic,2024-05-01 18:30:00,2024-05-02 02:35:00,0.2743255531979388,2315.12,2296.18,8.083333333333334,time
harmonic,2024-05-01 18:50:00,2024-05-02 02:55:00,-0.20606864044778317,2326.18,2296.18,8.083333333333334,time
harmonic,2024-05-01 18:55:00,2024-05-02 03:00:00,-0.2168213286198262,2324.93,2296.18,8.083333333333334,time
harmonic,2024-05-01 19:00:00,2024-05-02 03:05:00,-0.2056267491530417,2322.91,2296.18,8.083333333333334,time
fib,2024-05-02 02:55:00,2024-05-02 03:05:00,-0.6012632845398035,2319.91,2315.76,0.16666666666666666,time
harmonic,2024-05-01 19:05:00,2024-05-02 03:10:00,-0.10826336721166592,2321.55,2296.18,8.083333333333334,time
harmonic,2024-05-01 19:10:00,2024-05-02 03:15:00,-0.18147002504050672,2322.98,2296.18,8.083333333333334,time
harmonic,2024-05-01 19:15:00,2024-05-02 03:20:00,0.10723228752393578,2316.09,2296.18,8.083333333333334,time
harmonic,2024-05-01 19:20:00,2024-05-02 03:25:00,-0.0506702017970246,2320.74,2296.18,8.083333333333334,time
harmonic,2024-05-01 19:25:00,2024-05-02 03:30:00,-0.06304315804978643,2321.16,2296.18,8.083333333333334,time
harmonic,2024-05-01 19:30:00,2024-05-02 03:35:00,0.019590514066872882,2318.36,2296.18,8.083333333333334,time
fvg,2024-05-02 02:50:00,2024-05-02 05:10:00,-1.0269212855146717,2319.86,2315.76,2.3333333333333335,sl
fvg,2024-05-06 12:40:00,2024-05-06 20:55:00,-0.12075294117647059,2324.26,2317.34,8.25,time
fvg,2024-05-06 12:55:00,2024-05-06 21:00:00,0.07312941176470587,2323.01,2317.34,8.083333333333334,time
fvg,2024-05-06 13:00:00,2024-05-06 21:05:00,-0.23171764705882353,2325.26,2317.34,8.083333333333334,time
fvg,2024-05-06 13:05:00,2024-05-06 21:10:00,0.017505882352941177,2323.32,2317.34,8.083333333333334,time
fvg,2024-05-06 13:10:00,2024-05-06 21:15:00,-0.15256470588235294,2324.52,2317.34,8.083333333333334,time
fvg,2024-05-06 13:15:00,2024-05-06 21:20:00,-0.08912941176470589,2324.02,2317.34,8.083333333333334,time
fvg,2024-05-06 13:20:00,2024-05-06 21:25:00,-0.22192941176470588,2325.16,2317.34,8.083333333333334,time
fvg,2024-05-06 13:25:00,2024-05-06 21:30:00,-0.11171764705882352,2324.19,2317.34,8.083333333333334,time
fvg,2024-05-06 13:30:00,2024-05-06 21:35:00,-0.20564705882352943,2325.0,2317.34,8.083333333333334,time
fvg,2024-05-06 13:35:00,2024-05-06 21:45:00,-0.43661176470588237,2328.14,2317.34,8.166666666666666,time
harmonic,2024-05-15 07:05:00,2024-05-15 08:45:00,2.9749859471613265,2361.21,2357.15,1.6666666666666667,tp
harmonic,2024-05-15 07:10:00,2024-05-15 12:30:00,2.9776559865092747,2361.7,2357.15,5.333333333333333,tp
fvg,2024-05-20 00:25:00,2024-05-20 01:00:00,2.977264042797096,2421.37,2416.83,0.5833333333333334,tp
threevol,2024-05-20 00:25:00,2024-05-20 01:00:00,2.9772560528246514,2421.37,2416.83,0.5833333333333334,tp
fvg,2024-05-20 00:35:00,2024-05-20 05:30:00,2.985575085976308,2423.98,2416.83,4.916666666666667,tp
fvg,2024-05-20 00:40:00,2024-05-20 05:30:00,2.985001910584639,2423.72,2416.83,4.833333333333333,tp
fvg,2024-05-20 00:50:00,2024-05-20 05:35:00,2.9862437905999237,2424.32,2416.83,4.75,tp
fvg,2024-05-20 00:30:00,2024-05-20 05:40:00,2.9866259075277033,2424.55,2416.83,5.166666666666667,tp
fvg,2024-05-20 00:45:00,2024-05-20 05:40:00,2.9870080244554833,2424.76,2416.83,4.916666666666667,tp
fvg,2024-05-20 01:10:00,2024-05-20 09:15:00,0.6402597402597402,2433.94,2416.83,8.083333333333334,time
fvg,2024-05-20 01:15:00,2024-05-20 09:20:00,1.164100185528757,2429.09,2416.83,8.083333333333334,time
fvg,2024-05-20 01:35:00,2024-05-20 09:40:00,0.8120593692022264,2430.76,2416.83,8.083333333333334,time
fvg,2024-05-20 01:40:00,2024-05-20 09:45:00,0.7711502782931354,2430.5,2416.83,8.083333333333334,time
fvg,2024-05-20 01:45:00,2024-05-20 09:50:00,0.861595547309833,2430.69,2416.83,8.083333333333334,time
fvg,2024-05-20 01:50:00,2024-05-20 09:55:00,0.5391465677179963,2432.84,2416.83,8.083333333333334,time
fvg,2024-05-20 01:55:00,2024-05-20 10:00:00,0.35,2434.35,2416.83,8.083333333333334,time
fvg,2024-05-20 02:00:00,2024-05-20 10:05:00,0.2294990723562152,2435.57,2416.83,8.083333333333334,time
fvg,2024-05-20 02:05:00,2024-05-20 10:10:00,0.42402597402597403,2433.87,2416.83,8.083333333333334,time
threevol,2024-05-20 03:35:00,2024-05-20 11:25:00,-1.022694891105231,2436.56,2431.57,7.833333333333333,sl
fvg,2024-06-06 19:50:00,2024-06-07 03:50:00,2.9633685509369943,2372.12,2369.07,8.0,tp
threevol,2024-06-14 19:35:00,2024-06-14 19:50:00,-1.054293059125964,2334.32,2332.28,0.25,sl
threevol,2024-06-18 23:30:00,2024-06-19 01:05:00,-1.0731656620245271,2329.02,2327.51,1.5833333333333333,sl
threevol,2024-06-20 14:00:00,2024-06-20 22:05:00,1.3498266624645447,2351.4,2346.13,8.083333333333334,time
threevol,2024-06-24 02:35:00,2024-06-24 07:45:00,2.9580223880597014,2322.99,2320.12,5.166666666666667,tp
threevol,2024-06-24 07:30:00,2024-06-24 09:30:00,-1.025497512437811,2328.78,2324.45,2.0,sl
threevol,2024-06-24 02:40:00,2024-06-24 09:30:00,-1.0296434494195688,2324.45,2320.72,6.833333333333333,sl
harmonic,2024-06-24 12:00:00,2024-06-24 20:05:00,1.0474801061007957,2326.08,2319.46,8.083333333333334,time
harmonic,2024-06-24 12:15:00,2024-06-24 20:20:00,0.9714854111405835,2326.21,2319.46,8.083333333333334,time
harmonic,2024-06-24 12:30:00,2024-06-24 20:35:00,1.0372679045092836,2326.09,2319.46,8.083333333333334,time
harmonic,2024-06-24 12:35:00,2024-06-24 20:40:00,0.9542440318302386,2326.07,2319.46,8.083333333333334,time
harmonic,2024-06-24 12:50:00,2024-06-24 20:55:00,0.9269230769230768,2326.79,2319.46,8.083333333333334,time
harmonic,2024-06-24 12:55:00,2024-06-24 21:00:00,0.8108753315649867,2327.26,2319.46,8.083333333333334,time
harmonic,2024-06-24 13:00:00,2024-06-24 21:05:00,0.9977453580901856,2326.53,2319.46,8.083333333333334,time
harmonic,2024-06-24 13:05:00,2024-06-24 21:10:00,0.8832891246684349,2326.96,2319.46,8.083333333333334,time
harmonic,2024-06-24 13:10:00,2024-06-24 21:15:00,0.6895225464190982,2327.82,2319.46,8.083333333333334,time
harmonic,2024-06-24 13:15:00,2024-06-24 21:20:00,0.9754641909814322,2326.61,2319.46,8.083333333333334,time
harmonic,2024-06-24 13:20:00,2024-06-24 21:25:00,0.8225464190981432,2327.21,2319.46,8.083333333333334,time
harmonic,2024-07-05 14:05:00,2024-07-05 22:10:00,0.4480847988436522,2376.9,2346.34,8.083333333333334,time
harmonic,2024-07-05 14:10:00,2024-07-05 22:15:00,0.44856661045531204,2376.89,2346.34,8.083333333333334,time
harmonic,2024-07-05 14:15:00,2024-07-05 22:20:00,0.4003854492893279,2377.94,2346.34,8.083333333333334,time
harmonic,2024-07-05 14:20:00,2024-07-05 22:25:00,0.41062394603709956,2377.71,2346.34,8.083333333333334,time
harmonic,2024-07-11 12:05:00,2024-07-11 12:25:00,-1.0369493131217433,2381.97,2378.94,0.3333333333333333,sl
harmonic,2024-07-11 12:10:00,2024-07-11 12:25:00,-1.0464234959734724,2381.35,2378.94,0.25,sl
harmonic,2024-07-11 12:15:00,2024-07-11 12:25:00,-1.0481999052581716,2381.26,2378.94,0.16666666666666666,sl
harmonic,2024-07-11 12:20:00,2024-07-11 12:25:00,-1.0608597850537367,2380.78,2378.94,0.08333333333333333,sl
harmonic,2024-07-11 11:55:00,2024-07-11 12:25:00,-1.0598057792515396,2380.51,2378.64,0.5,sl
harmonic,2024-07-11 12:00:00,2024-07-11 12:25:00,-1.0447655139744196,2381.14,2378.64,0.4166666666666667,sl
harmonic,2024-07-11 12:30:00,2024-07-11 20:35:00,0.7168119237084755,2399.3,2378.94,8.083333333333334,time
fvg,2024-07-16 04:40:00,2024-07-16 07:20:00,2.957081866526852,2427.93,2425.06,2.6666666666666665,tp
fvg,2024-07-16 05:00:00,2024-07-16 07:45:00,2.961875514942701,2428.29,2425.06,2.75,tp
fvg,2024-07-16 05:05:00,2024-07-16 07:45:00,2.960901805108232,2428.21,2425.06,2.6666666666666665,tp
fvg,2024-07-16 06:15:00,2024-07-16 09:25:00,2.9662946595760618,2430.2,2426.84,3.1666666666666665,tp
fvg,2024-07-16 06:10:00,2024-07-16 09:35:00,2.9713130102614036,2429.36,2425.06,3.4166666666666665,tp
fvg,2024-07-16 05:10:00,2024-07-16 09:35:00,2.9704891019399295,2429.24,2425.06,4.416666666666667,tp
fvg,2024-07-16 06:05:00,2024-07-16 09:50:00,2.972511422365366,2429.55,2425.06,3.75,tp
fvg,2024-07-16 05:50:00,2024-07-16 13:40:00,2.9747584450602953,2429.95,2425.06,7.833333333333333,tp
fvg,2024-07-16 05:45:00,2024-07-16 13:40:00,2.976031757920755,2430.21,2425.06,7.916666666666667,tp
fvg,2024-07-16 05:40:00,2024-07-16 13:45:00,2.164482061268819,2431.15,2425.06,8.083333333333334,time
threevol,2024-07-23 14:30:00,2024-07-23 22:35:00,0.4179763739085773,2406.26,2400.68,8.083333333333334,time
harmonic,2024-07-29 03:40:00,2024-07-29 08:25:00,-1.0169300225733635,2393.96,2387.33,4.75,sl
fib,2024-08-20 14:20:00,2024-08-20 14:30:00,0.5532580189630826,2522.75,2518.48,0.16666666666666666,time
fvg,2024-08-20 14:45:00,2024-08-20 15:00:00,-1.016215273741718,2525.61,2518.48,0.25,sl
fvg,2024-08-20 14:50:00,2024-08-20 15:00:00,-1.014878530745089,2526.25,2518.48,0.16666666666666666,sl
fvg,2024-08-20 14:55:00,2024-08-20 15:00:00,-1.0227819263384381,2523.55,2518.48,0.08333333333333333,sl
fvg,2024-08-20 14:20:00,2024-08-20 15:00:00,-1.0270835754969196,2522.75,2518.48,0.6666666666666666,sl
fvg,2024-08-20 14:25:00,2024-08-20 15:00:00,-1.0265605021504125,2522.83,2518.48,0.5833333333333334,sl
fvg,2024-08-20 14:30:00,2024-08-20 15:00:00,-1.017668255259793,2525.03,2518.48,0.5,sl
fvg,2024-08-20 14:35:00,2024-08-20 15:00:00,-1.0225502731605254,2523.6,2518.48,0.4166666666666667,sl
fvg,2024-08-20 14:40:00,2024-08-20 15:00:00,-1.0228989887248634,2523.53,2518.48,0.3333333333333333,sl
fvg,2024-08-20 14:15:00,2024-08-20 15:00:00,-1.016505870045333,2525.48,2518.48,0.75,sl
threevol,2024-08-23 20:15:00,2024-08-24 04:20:00,0.48240589198036,2511.15,2509.14,8.083333333333334,time
fvg,2024-08-23 20:15:00,2024-08-24 04:20:00,0.48241687979539644,2511.15,2509.14,8.083333333333334,time
fvg,2024-08-23 20:20:00,2024-08-24 04:25:00,1.0269820971867007,2510.61,2509.14,8.083333333333334,time
fvg,2024-08-23 20:25:00,2024-08-24 04:30:00,0.9603580562659846,2510.66,2509.14,8.083333333333334,time
fvg,2024-08-23 20:30:00,2024-08-24 04:35:00,0.9348465473145781,2510.68,2509.14,8.083333333333334,time
fvg,2024-08-23 20:35:00,2024-08-24 04:40:00,0.17308184143222505,2511.68,2509.14,8.083333333333334,time
fvg,2024-08-23 20:40:00,2024-08-24 04:45:00,1.0692455242966752,2510.58,2509.14,8.083333333333334,time
fvg,2024-08-29 03:00:00,2024-08-29 11:15:00,1.1737031832345575,2512.78,2505.01,8.25,time
fvg,2024-08-29 03:30:00,2024-08-29 11:35:00,0.5674833506445898,2514.86,2505.01,8.083333333333334,time
fvg,2024-08-29 03:35:00,2024-08-29 11:40:00,0.5479318140160079,2515.74,2505.01,8.083333333333334,time
fvg,2024-08-29 03:40:00,2024-08-29 11:45:00,0.6101912384676484,2515.24,2505.01,8.083333333333334,time
fvg,2024-08-29 03:45:00,2024-08-29 11:50:00,0.5674833506445898,2514.56,2505.01,8.083333333333334,time
fvg,2024-08-29 04:05:00,2024-08-29 12:10:00,-0.05046740392252704,2517.1,2505.01,8.083333333333334,time
harmonic,2024-09-16 13:35:00,2024-09-16 21:40:00,-0.1961231470923603,2584.14,2573.83,8.083333333333334,time
harmonic,2024-09-16 13:45:00,2024-09-16 21:50:00,-0.30470036741416445,2585.75,2573.83,8.083333333333334,time
harmonic,2024-09-16 13:50:00,2024-09-16 21:55:00,-0.4296211833269985,2588.36,2573.83,8.083333333333334,time
harmonic,2024-09-16 13:55:00,2024-09-16 22:00:00,-0.3908526542506018,2587.91,2573.83,8.083333333333334,time
fvg,2024-09-19 06:05:00,2024-09-19 09:15:00,2.973827248020797,2575.03,2570.55,3.1666666666666665,tp
fvg,2024-09-19 06:15:00,2024-09-19 09:30:00,2.9800898026704483,2576.44,2570.55,3.25,tp
fvg,2024-09-19 06:00:00,2024-09-19 13:50:00,-1.0192603095828903,2576.62,2570.55,7.833333333333333,sl
fvg,2024-09-19 06:10:00,2024-09-19 13:50:00,-1.0184331797235022,2576.9,2570.55,7.666666666666667,sl
harmonic,2024-09-24 13:00:00,2024-09-24 21:05:00,1.8807292335344719,2634.06,2622.03,8.083333333333334,time
harmonic,2024-09-24 13:05:00,2024-09-24 21:10:00,1.6990627808447811,2634.87,2622.03,8.083333333333334,time
harmonic,2024-09-24 13:25:00,2024-09-24 21:30:00,2.008216715881371,2633.55,2622.03,8.083333333333334,time
harmonic,2024-09-24 13:30:00,2024-09-24 21:35:00,1.9220695853126204,2633.89,2622.03,8.083333333333334,time
harmonic,2024-09-24 13:35:00,2024-09-24 21:45:00,2.127744254718192,2633.11,2622.03,8.166666666666666,time
harmonic,2024-09-24 13:45:00,2024-09-24 21:50:00,2.2118372063166003,2632.82,2622.03,8.083333333333334,time
harmonic,2024-10-03 00:00:00,2024-10-03 01:30:00,-1.029388129950637,2660.45,2656.4,1.5,sl
harmonic,2024-10-02 23:55:00,2024-10-03 01:30:00,-1.0336356331075651,2659.94,2656.4,1.5833333333333333,sl
fvg,2024-10-03 00:00:00,2024-10-03 01:30:00,-1.0293933708567855,2660.45,2656.4,1.5,sl
fvg,2024-10-02 23:55:00,2024-10-03 01:30:00,-1.033657399511058,2659.94,2656.4,1.5833333333333333,sl
fvg,2024-10-02 23:50:00,2024-10-03 01:30:00,-1.032292910341691,2660.09,2656.4,1.6666666666666667,sl
harmonic,2024-10-02 23:50:00,2024-10-03 01:30:00,-1.032258064516129,2660.09,2656.4,1.6666666666666667,sl
harmonic,2024-10-11 07:45:00,2024-10-11 08:15:00,-1.0403932717365554,2644.62,2641.68,0.5,sl
harmonic,2024-10-11 07:50:00,2024-10-11 08:15:00,-1.0422885572139302,2644.49,2641.68,0.4166666666666667,sl
harmonic,2024-10-25 15:15:00,2024-10-25 23:30:00,0.7604645535930317,2738.96,2729.04,8.25,time
harmonic,2024-10-25 15:30:00,2024-10-25 23:35:00,0.834381804984273,2738.56,2729.04,8.083333333333334,time
harmonic,2024-10-25 15:35:00,2024-10-25 23:40:00,1.1402129203968063,2737.2,2729.04,8.083333333333334,time
harmonic,2024-10-25 15:40:00,2024-10-25 23:45:00,0.9868134526977982,2737.83,2729.04,8.083333333333334,time
harmonic,2024-10-25 15:45:00,2024-10-25 23:50:00,0.9912896201306557,2737.81,2729.04,8.083333333333334,time
harmonic,2024-10-25 15:50:00,2024-10-25 23:55:00,1.1375514154367288,2737.21,2729.04,8.083333333333334,time
harmonic,2024-10-25 15:55:00,2024-10-26 00:00:00,1.2389305589160415,2736.84,2729.04,8.083333333333334,time
harmonic,2024-10-25 16:00:00,2024-10-26 00:05:00,1.004960077425599,2737.75,2729.04,8.083333333333334,time
harmonic,2024-10-25 16:05:00,2024-10-26 00:15:00,2.000604887490927,2734.86,2729.04,8.166666666666666,time
harmonic,2024-10-28 23:25:00,2024-10-29 01:35:00,2.964615384615384,2741.39,2738.24,2.1666666666666665,tp
harmonic,2024-10-28 23:35:00,2024-10-29 01:55:00,2.966923076923077,2741.61,2738.24,2.3333333333333335,tp
harmonic,2024-10-28 23:55:00,2024-10-29 08:00:00,1.2414285714285713,2744.09,2738.24,8.083333333333334,time
harmonic,2024-10-29 00:00:00,2024-10-29 08:05:00,1.0964835164835165,2744.6,2738.24,8.083333333333334,time
fvg,2024-11-07 20:30:00,2024-11-07 20:40:00,-1.0316827035907064,2707.15,2703.35,0.16666666666666666,sl
fvg,2024-11-07 20:20:00,2024-11-07 20:40:00,-1.0196550105609012,2709.47,2703.35,0.3333333333333333,sl
harmonic,2024-11-07 20:30:00,2024-11-07 20:40:00,-1.0316654825941338,2707.15,2703.35,0.16666666666666666,sl
harmonic,2024-11-07 20:25:00,2024-11-07 20:40:00,-1.0341012889475287,2706.88,2703.35,0.25,sl
harmonic,2024-11-07 20:20:00,2024-11-07 20:40:00,-1.019689434689942,2709.47,2703.35,0.3333333333333333,sl
threevol,2024-11-07 20:20:00,2024-11-07 20:40:00,-1.0196477654484373,2709.47,2703.35,0.3333333333333333,sl
harmonic,2024-11-07 20:35:00,2024-11-07 20:40:00,-1.0381191747826997,2706.51,2703.35,0.08333333333333333,sl
fvg,2024-11-07 20:35:00,2024-11-07 20:40:00,-1.0380796706623077,2706.51,2703.35,0.08333333333333333,sl
fvg,2024-11-07 20:25:00,2024-11-07 20:40:00,-1.0340882421966675,2706.88,2703.35,0.25,sl
harmonic,2024-11-07 21:05:00,2024-11-08 01:00:00,-1.046984126984127,2705.91,2703.35,3.9166666666666665,sl
threevol,2024-11-17 23:10:00,2024-11-18 01:25:00,2.9827213822894167,2573.02,2566.25,2.25,tp
threevol,2024-11-18 00:50:00,2024-11-18 01:25:00,2.978196030031883,2576.56,2571.19,0.5833333333333334,tp
harmonic,2024-11-18 08:50:00,2024-11-18 14:00:00,2.980429900545396,2585.51,2578.99,5.166666666666667,tp
threevol,2024-11-18 13:35:00,2024-11-18 21:40:00,1.6784119588429431,2602.78,2597.61,8.083333333333334,time
threevol,2024-11-19 06:50:00,2024-11-19 07:05:00,-1.0225298329355608,2626.12,2620.87,0.25,sl
fvg,2024-11-19 06:50:00,2024-11-19 07:05:00,-1.0225117758610143,2626.12,2620.87,0.25,sl
fvg,2024-11-19 06:55:00,2024-11-19 07:05:00,-1.0301584388572826,2624.79,2620.87,0.16666666666666666,sl
threevol,2024-11-19 02:35:00,2024-11-19 07:15:00,-1.0271121718377088,2622.16,2617.8,4.666666666666667,sl
threevol,2024-11-19 12:20:00,2024-11-19 13:25:00,-1.0223196881091619,2634.79,2629.49,1.0833333333333333,sl
threevol,2024-11-22 06:55:00,2024-11-22 09:40:00,2.971344165435746,2692.65,2688.45,2.75,tp
threevol,2024-11-22 17:50:00,2024-11-22 21:55:00,2.956775365783686,2706.47,2703.45,4.083333333333333,tp
threevol,2024-11-22 21:15:00,2024-11-23 05:20:00,2.0490580472410826,2709.23,2706.08,8.083333333333334,time
fvg,2024-11-27 02:00:00,2024-11-27 08:50:00,2.9800137405533693,2632.03,2626.09,6.833333333333333,tp
fvg,2024-11-27 02:20:00,2024-11-27 10:25:00,1.1369058772094185,2636.36,2626.09,8.083333333333334,time
fvg,2024-11-27 02:25:00,2024-11-27 10:35:00,1.048841421522703,2636.87,2626.09,8.166666666666666,time
fvg,2024-11-27 02:35:00,2024-11-27 10:40:00,0.9063144088439198,2637.66,2626.09,8.083333333333334,time
fvg,2024-11-27 02:40:00,2024-11-27 10:45:00,0.6431828118168759,2639.6,2626.09,8.083333333333334,time
fvg,2024-11-27 02:45:00,2024-11-27 10:50:00,0.8802698145025294,2638.23,2626.09,8.083333333333334,time
threevol,2024-11-27 08:50:00,2024-11-27 11:10:00,-1.0233129951734814,2651.64,2646.55,2.3333333333333335,sl
threevol,2024-11-29 02:10:00,2024-11-29 10:15:00,0.5670776591829223,2656.12,2645.99,8.083333333333334,time
threevol,2024-12-03 16:20:00,2024-12-04 00:25:00,-0.30091491308325713,2643.56,2639.36,8.083333333333334,time
harmonic,2024-12-03 16:20:00,2024-12-04 00:25:00,-0.30093457943925234,2643.56,2639.36,8.083333333333334,time
harmonic,2024-12-03 16:25:00,2024-12-04 00:30:00,-0.4387331256490135,2643.79,2639.36,8.083333333333334,time
harmonic,2024-12-03 16:35:00,2024-12-04 00:40:00,-0.7329179646936657,2643.69,2639.36,8.083333333333334,time
harmonic,2024-12-03 16:40:00,2024-12-04 00:45:00,-0.9508826583592939,2646.81,2639.36,8.083333333333334,time
harmonic,2024-12-03 16:45:00,2024-12-04 00:50:00,-0.8920041536863967,2647.1,2639.36,8.083333333333334,time
harmonic,2024-12-03 16:50:00,2024-12-04 00:55:00,-0.8951194184839045,2648.1,2639.36,8.083333333333334,time
harmonic,2024-12-03 16:55:00,2024-12-04 01:00:00,-1.0137071651090344,2648.05,2639.36,8.083333333333334,sl
harmonic,2024-12-03 17:00:00,2024-12-04 01:00:00,-1.014226375908619,2647.73,2639.36,8.0,sl
threevol,2024-12-09 01:15:00,2024-12-09 04:25:00,-1.0121134257134992,2646.12,2636.32,3.1666666666666665,sl
threevol,2024-12-09 01:10:00,2024-12-09 09:15:00,0.9881618794163533,2642.66,2632.18,8.083333333333334,time
fvg,2024-12-09 13:10:00,2024-12-09 13:40:00,2.9535639656373345,2655.53,2653.18,0.5,tp
fvg,2024-12-09 13:05:00,2024-12-09 13:40:00,2.950835848618528,2655.4,2653.18,0.5833333333333334,tp
fvg,2024-12-09 13:20:00,2024-12-09 13:45:00,2.9614000464360344,2656.01,2653.18,0.4166666666666667,tp
fvg,2024-12-09 13:15:00,2024-12-09 13:55:00,2.966217785001161,2656.41,2653.18,0.6666666666666666,tp
fvg,2024-12-09 13:00:00,2024-12-09 14:40:00,2.9752147666589277,2657.59,2653.18,1.6666666666666667,tp
threevol,2024-12-09 13:00:00,2024-12-09 14:40:00,2.975215715072517,2657.59,2653.18,1.6666666666666667,tp
threevol,2024-12-10 13:45:00,2024-12-10 17:00:00,2.9770032979766468,2678.85,2674.07,3.25,tp
threevol,2024-12-11 15:00:00,2024-12-11 23:05:00,1.1301826365446204,2709.35,2702.71,8.083333333333334,time
harmonic,2024-12-20 12:45:00,2024-12-20 14:15:00,2.969210322294827,2602.75,2598.6,1.5,tp
harmonic,2024-12-20 12:35:00,2024-12-20 14:25:00,2.9706501273673718,2602.96,2598.6,1.8333333333333333,tp
harmonic,2024-12-20 12:55:00,2024-12-20 14:30:00,2.972089932439916,2603.19,2598.6,1.5833333333333333,tp
harmonic,2024-12-20 12:00:00,2024-12-20 14:30:00,2.971536161258168,2603.09,2598.6,2.5,tp
harmonic,2024-12-20 13:00:00,2024-12-20 15:05:00,2.976630856130247,2604.08,2598.6,2.0833333333333335,tp
harmonic,2024-12-20 11:55:00,2024-12-20 15:10:00,2.981393288293277,2603.35,2597.55,3.25,tp
harmonic,2024-12-20 12:30:00,2024-12-20 15:20:00,2.9803965001661314,2605.14,2598.6,2.8333333333333335,tp
harmonic,2024-12-20 12:25:00,2024-12-20 15:25:00,2.981171779820578,2605.4,2598.6,3.0,tp
harmonic,2025-01-06 12:25:00,2025-01-06 12:45:00,2.9242261585256752,2642.04,2640.34,0.3333333333333333,tp
harmonic,2025-01-06 12:05:00,2025-01-06 13:30:00,-1.0358740382894973,2643.65,2640.34,1.4166666666666667,sl
harmonic,2025-01-06 12:00:00,2025-01-06 13:30:00,-1.0254965110037573,2645.0,2640.34,1.5,sl
harmonic,2025-01-06 12:20:00,2025-01-06 13:30:00,-1.0516192521023437,2642.64,2640.34,1.1666666666666667,sl
harmonic,2025-01-06 12:10:00,2025-01-06 13:30:00,-1.037842190016103,2643.48,2640.34,1.3333333333333333,sl
harmonic,2025-01-06 12:15:00,2025-01-06 13:30:00,-1.042225800679907,2643.15,2640.34,1.25,sl
harmonic,2025-01-07 16:30:00,2025-01-08 00:35:00,0.014097400219699744,2650.35,2640.71,8.083333333333334,time
fvg,2025-01-07 16:30:00,2025-01-08 00:35:00,0.014105869861974823,2650.35,2640.71,8.083333333333334,time
fvg,2025-01-07 16:35:00,2025-01-08 00:40:00,-0.21027352242277164,2653.38,2640.71,8.083333333333334,time
harmonic,2025-01-07 16:35:00,2025-01-08 00:40:00,-0.21027096301720982,2653.38,2640.71,8.083333333333334,time
fvg,2025-01-07 16:40:00,2025-01-08 00:45:00,-0.22245816269781082,2653.9,2640.71,8.083333333333334,time
harmonic,2025-01-07 16:40:00,2025-01-08 00:45:00,-0.22244599047967778,2653.9,2640.71,8.083333333333334,time
fvg,2025-01-07 16:45:00,2025-01-08 00:50:00,-0.2485969968148036,2653.8,2640.71,8.083333333333334,time
harmonic,2025-01-07 16:45:00,2025-01-08 00:50:00,-0.2486268766019773,2653.8,2640.71,8.083333333333334,time
harmonic,2025-01-07 16:50:00,2025-01-08 00:55:00,-0.15140974002196997,2652.03,2640.71,8.083333333333334,time
fvg,2025-01-07 16:50:00,2025-01-08 00:55:00,-0.1514232266545326,2652.03,2640.71,8.083333333333334,time
harmonic,2025-01-07 17:10:00,2025-01-08 01:15:00,-0.3903332112779202,2652.35,2640.71,8.083333333333334,time
harmonic,2025-01-07 17:15:00,2025-01-08 01:20:00,-0.48919809593555474,2654.25,2640.71,8.083333333333334,time
harmonic,2025-01-10 13:45:00,2025-01-10 21:50:00,0.6607691591395847,2680.25,2667.42,8.083333333333334,time
harmonic,2025-01-10 13:50:00,2025-01-10 21:55:00,0.718130179718782,2680.35,2667.42,8.083333333333334,time
harmonic,2025-01-10 13:55:00,2025-01-10 22:00:00,0.5184840301704069,2682.05,2667.42,8.083333333333334,time
harmonic,2025-01-10 14:00:00,2025-01-10 22:05:00,0.22534686656113231,2685.55,2667.42,8.083333333333334,time
harmonic,2025-01-10 14:05:00,2025-01-10 22:10:00,0.586833038457957,2681.42,2667.42,8.083333333333334,time
harmonic,2025-01-10 14:10:00,2025-01-10 22:15:00,0.43504981841884716,2682.9,2667.42,8.083333333333334,time
harmonic,2025-01-10 14:15:00,2025-01-10 22:20:00,0.26296675668125524,2685.01,2667.42,8.083333333333334,time
harmonic,2025-01-10 14:20:00,2025-01-10 22:25:00,0.10354781637023931,2687.55,2667.42,8.083333333333334,time
harmonic,2025-01-10 14:25:00,2025-01-10 22:35:00,0.0395753794580501,2688.79,2667.42,8.166666666666666,time
harmonic,2025-01-10 14:35:00,2025-01-10 22:40:00,0.24527423410000931,2685.26,2667.42,8.083333333333334,time
harmonic,2025-01-10 14:40:00,2025-01-10 22:45:00,0.23968712170593162,2685.34,2667.42,8.083333333333334,time
harmonic,2025-01-10 14:45:00,2025-01-10 22:50:00,0.1185399012943477,2687.28,2667.42,8.083333333333334,time
harmonic,2025-01-10 14:50:00,2025-01-10 22:55:00,0.1848403017040693,2686.17,2667.42,8.083333333333334,time
harmonic,2025-01-10 14:55:00,2025-01-10 23:00:00,0.18670267250209518,2686.14,2667.42,8.083333333333334,time
harmonic,2025-01-10 15:00:00,2025-01-10 23:05:00,0.10960052146382344,2687.44,2667.42,8.083333333333334,time
harmonic,2025-01-10 15:05:00,2025-01-10 23:10:00,0.020486078778284757,2689.19,2667.42,8.083333333333334,time
harmonic,2025-01-10 15:10:00,2025-01-10 23:15:00,-0.0378992457398268,2690.51,2667.42,8.083333333333334,time
harmonic,2025-01-10 15:15:00,2025-01-10 23:20:00,-0.06108576217524909,2691.08,2667.42,8.083333333333334,time
harmonic,2025-01-10 15:20:00,2025-01-10 23:25:00,-0.14554427786572308,2693.42,2667.42,8.083333333333334,time
harmonic,2025-01-10 15:25:00,2025-01-10 23:30:00,-0.17012757239966478,2694.19,2667.42,8.083333333333334,time
harmonic,2025-01-10 15:30:00,2025-01-10 23:35:00,-0.2530030729118168,2697.16,2667.42,8.083333333333334,time
fvg,2025-01-20 14:40:00,2025-01-20 22:45:00,-0.19498394249885304,2708.59,2701.09,8.083333333333334,time
fvg,2025-01-20 14:45:00,2025-01-20 22:50:00,-0.24437987459856247,2709.08,2701.09,8.083333333333334,time
fvg,2025-01-20 14:50:00,2025-01-20 22:55:00,-0.3239027374216241,2710.02,2701.09,8.083333333333334,time
fvg,2025-01-20 14:55:00,2025-01-20 23:00:00,-0.32456542794514964,2710.06,2701.09,8.083333333333334,time
fvg,2025-01-24 05:35:00,2025-01-24 13:40:00,1.4054012266144411,2775.37,2769.32,8.083333333333334,time
fvg,2025-01-24 05:40:00,2025-01-24 13:45:00,1.2329021285368242,2775.6,2769.32,8.083333333333334,time
fvg,2025-01-24 05:45:00,2025-01-24 13:50:00,1.4367881255475956,2774.34,2769.32,8.083333333333334,time
fvg,2025-01-24 06:05:00,2025-01-24 14:10:00,0.2763490181930629,2776.64,2769.32,8.083333333333334,time
fvg,2025-01-24 06:10:00,2025-01-24 14:15:00,0.24753904035458435,2777.37,2769.32,8.083333333333334,time
fvg,2025-01-24 06:15:00,2025-01-24 14:20:00,-0.13626758748647116,2776.93,2769.32,8.083333333333334,time
fvg,2025-01-24 06:20:00,2025-01-24 14:25:00,-0.2962943874658558,2776.33,2769.32,8.083333333333334,time
harmonic,2025-02-07 14:20:00,2025-02-07 16:40:00,-1.0148652279036445,2871.23,2862.84,2.3333333333333335,sl
harmonic,2025-02-07 14:55:00,2025-02-07 16:40:00,-1.0097609026596222,2875.61,2862.84,1.75,sl
harmonic,2025-02-07 14:50:00,2025-02-07 16:40:00,-1.010477299185099,2874.73,2862.84,1.8333333333333333,sl
harmonic,2025-02-07 14:45:00,2025-02-07 16:40:00,-1.0101191009223605,2875.19,2862.84,1.9166666666666667,sl
harmonic,2025-02-07 14:40:00,2025-02-07 16:40:00,-1.0089549565684606,2876.8,2862.84,2.0,sl
harmonic,2025-02-07 14:35:00,2025-02-07 16:40:00,-1.0099400017909914,2875.35,2862.84,2.0833333333333335,sl
harmonic,2025-02-07 14:30:00,2025-02-07 16:40:00,-1.0135219844183756,2872.05,2862.84,2.1666666666666665,sl
harmonic,2025-02-07 14:25:00,2025-02-07 16:40:00,-1.0121787409331064,2873.06,2862.84,2.25,sl
harmonic,2025-02-07 15:00:00,2025-02-07 16:40:00,-1.0082385600429837,2877.95,2862.84,1.6666666666666667,sl
harmonic,2025-02-07 15:05:00,2025-02-07 16:40:00,-1.0070744156890838,2880.38,2862.84,1.5833333333333333,sl
harmonic,2025-03-03 04:45:00,2025-03-03 05:30:00,-1.0391473254308197,2867.48,2864.3,0.75,sl
harmonic,2025-03-03 04:40:00,2025-03-03 05:30:00,-1.0391473254308197,2867.48,2864.3,0.8333333333333334,sl
harmonic,2025-03-03 04:50:00,2025-03-03 05:30:00,-1.0394461599760931,2867.46,2864.3,0.6666666666666666,sl
harmonic,2025-03-03 04:55:00,2025-03-03 05:30:00,-1.0453232393664706,2867.05,2864.3,0.5833333333333334,sl
fvg,2025-03-13 14:00:00,2025-03-13 15:00:00,2.98095190975658,2952.03,2945.36,1.0,tp
fvg,2025-03-13 14:10:00,2025-03-13 15:25:00,2.9824361765287946,2952.6,2945.36,1.25,tp
fvg,2025-03-13 14:25:00,2025-03-13 15:35:00,2.9838709677419355,2953.25,2945.36,1.1666666666666667,tp
fvg,2025-03-13 14:15:00,2025-03-13 15:35:00,2.9840688699782305,2953.35,2945.36,1.3333333333333333,tp
fvg,2025-03-13 14:05:00,2025-03-13 15:35:00,2.983128834355828,2952.89,2945.36,1.5,tp
fvg,2025-03-13 14:20:00,2025-03-13 15:55:00,2.9842667722145255,2953.43,2945.36,1.5833333333333333,tp
fvg,2025-03-13 14:45:00,2025-03-13 22:50:00,0.76192360973679,2968.89,2945.36,8.083333333333334,time
fvg,2025-03-13 14:50:00,2025-03-13 22:55:00,0.9323669107460913,2966.79,2945.36,8.083333333333334,time
fvg,2025-03-13 14:55:00,2025-03-13 23:00:00,0.6815604881329875,2969.54,2945.36,8.083333333333334,time
fvg,2025-03-13 15:00:00,2025-03-13 23:05:00,0.669261074276929,2970.15,2945.36,8.083333333333334,time
harmonic,2025-03-14 03:55:00,2025-03-14 04:45:00,-1.029830578941898,2992.18,2987.9,0.8333333333333334,sl
fvg,2025-03-17 00:20:00,2025-03-17 08:25:00,-0.4416227047805995,2988.11,2981.56,8.083333333333334,time
fvg,2025-03-17 00:25:00,2025-03-17 08:40:00,-0.21044452623399992,2988.89,2981.56,8.25,time
fvg,2025-03-17 00:40:00,2025-03-17 08:45:00,-0.31092299513352145,2989.03,2981.56,8.083333333333334,time
fvg,2025-03-17 00:45:00,2025-03-17 08:50:00,-0.3431071852124484,2989.0,2981.56,8.083333333333334,time
fvg,2025-03-17 00:50:00,2025-03-17 09:05:00,-0.04796957428536376,2989.12,2981.56,8.25,time
fvg,2025-03-17 01:05:00,2025-03-17 09:10:00,-0.06514538093485461,2991.12,2981.56,8.083333333333334,time
fvg,2025-03-17 01:10:00,2025-03-17 09:15:00,0.08452950558213716,2990.4,2981.56,8.083333333333334,time
fvg,2025-03-17 01:15:00,2025-03-17 09:20:00,0.17838302048828364,2990.01,2981.56,8.083333333333334,time
fvg,2025-03-17 01:20:00,2025-03-17 09:25:00,0.008955956324377377,2992.4,2981.56,8.083333333333334,time
fvg,2025-03-17 01:25:00,2025-03-17 09:30:00,0.15867173761910602,2991.31,2981.56,8.083333333333334,time
fvg,2025-03-17 01:30:00,2025-03-17 09:35:00,0.3475647159857686,2990.96,2981.56,8.083333333333334,time
fvg,2025-03-17 01:50:00,2025-03-17 09:55:00,0.40604424814951134,2991.38,2981.56,8.083333333333334,time
fvg,2025-03-17 01:55:00,2025-03-17 10:00:00,0.6965198544145912,2990.4,2981.56,8.083333333333334,time
fvg,2025-03-17 02:00:00,2025-03-17 10:05:00,0.6521081257923363,2990.45,2981.56,8.083333333333334,time
fvg,2025-03-17 02:05:00,2025-03-17 10:10:00,0.8282010387273545,2989.65,2981.56,8.083333333333334,time
fvg,2025-03-17 02:10:00,2025-03-17 10:15:00,0.9236085551875025,2989.45,2981.56,8.083333333333334,time
harmonic,2025-03-18 01:35:00,2025-03-18 04:50:00,2.9736399915984033,3002.5,2998.01,3.25,tp
harmonic,2025-03-18 01:50:00,2025-03-18 08:20:00,2.979941188825877,3003.91,2998.01,6.5,tp
harmonic,2025-04-02 12:30:00,2025-04-02 20:10:00,-1.007632074536624,3124.3,3108.45,7.666666666666667,sl
harmonic,2025-04-02 12:25:00,2025-04-02 20:10:00,-1.007037367429874,3125.53,3108.45,7.75,sl
harmonic,2025-04-02 12:35:00,2025-04-02 20:10:00,-1.008127663792249,3123.3,3108.45,7.583333333333333,sl
harmonic,2025-04-02 20:40:00,2025-04-02 23:10:00,2.98426001635323,3129.15,3120.16,2.5,tp
harmonic,2025-04-02 20:35:00,2025-04-02 23:10:00,2.9843622240392476,3129.24,3120.16,2.5833333333333335,tp
harmonic,2025-04-02 20:50:00,2025-04-02 23:45:00,2.9871218315617334,3131.17,3120.16,2.9166666666666665,tp
harmonic,2025-04-02 20:45:00,2025-04-02 23:45:00,2.9864063777596073,3130.6,3120.16,3.0,tp
harmonic,2025-04-02 20:25:00,2025-04-02 23:45:00,2.9871218315617334,3131.2,3120.16,3.3333333333333335,tp
harmonic,2025-04-02 21:55:00,2025-04-02 23:45:00,2.9863041700735895,3130.55,3120.16,1.8333333333333333,tp
harmonic,2025-04-02 20:30:00,2025-04-03 04:35:00,1.1225470155355681,3132.43,3120.16,8.083333333333334,time
fvg,2025-04-02 22:45:00,2025-04-03 06:50:00,-0.39250218653096924,3144.26,3102.62,8.083333333333334,time
harmonic,2025-04-02 22:45:00,2025-04-03 06:50:00,-0.392477514309076,3144.26,3102.62,8.083333333333334,time
fvg,2025-04-02 22:50:00,2025-04-03 06:55:00,-0.36053907927168644,3141.55,3102.62,8.083333333333334,time
harmonic,2025-04-02 22:50:00,2025-04-03 06:55:00,-0.3605887162714636,3141.55,3102.62,8.083333333333334,time
fvg,2025-04-02 23:10:00,2025-04-03 07:15:00,-0.6426413294108293,3156.62,3102.62,8.083333333333334,time
harmonic,2025-04-02 23:10:00,2025-04-03 07:15:00,-0.6426504629629629,3156.62,3102.62,8.083333333333334,time
fvg,2025-04-02 23:15:00,2025-04-03 07:20:00,-0.6194243460284646,3157.79,3102.62,8.083333333333334,time
harmonic,2025-04-02 23:15:00,2025-04-03 07:20:00,-0.6194058641975309,3157.79,3102.62,8.083333333333334,time
fvg,2025-04-02 23:20:00,2025-04-03 07:25:00,-0.5941798521109963,3156.43,3102.62,8.083333333333334,time
harmonic,2025-04-02 23:20:00,2025-04-03 07:25:00,-0.5942322530864197,3156.43,3102.62,8.083333333333334,time
harmonic,2025-04-02 23:25:00,2025-04-03 07:30:00,-0.6168981481481481,3159.51,3102.62,8.083333333333334,time
fvg,2025-04-02 23:25:00,2025-04-03 07:30:00,-0.6169197741909835,3159.51,3102.62,8.083333333333334,time
fvg,2025-04-02 23:30:00,2025-04-03 07:35:00,-0.6298799395722351,3157.56,3102.62,8.083333333333334,time
harmonic,2025-04-02 23:30:00,2025-04-03 07:35:00,-0.6299189814814815,3157.56,3102.62,8.083333333333334,time
harmonic,2025-04-02 23:35:00,2025-04-03 07:40:00,-0.6605902777777777,3159.48,3102.62,8.083333333333334,time
fvg,2025-04-02 23:35:00,2025-04-03 07:40:00,-0.6606503935755745,3159.48,3102.62,8.083333333333334,time
fvg,2025-04-02 23:40:00,2025-04-03 07:45:00,-0.6072990379263735,3160.46,3102.62,8.083333333333334,time
harmonic,2025-04-02 23:40:00,2025-04-03 07:45:00,-0.6073502643668197,3160.46,3102.62,8.083333333333334,time
harmonic,2025-04-02 23:45:00,2025-04-03 07:50:00,-0.5902747681372973,3164.09,3102.62,8.083333333333334,time
fvg,2025-04-02 23:45:00,2025-04-03 07:50:00,-0.5903236065834461,3164.09,3102.62,8.083333333333334,time
harmonic,2025-04-02 23:50:00,2025-04-03 07:55:00,-0.5726792060327641,3163.7,3102.62,8.083333333333334,time
fvg,2025-04-02 23:50:00,2025-04-03 07:55:00,-0.5726325832869523,3163.7,3102.62,8.083333333333334,time
harmonic,2025-04-02 23:55:00,2025-04-03 08:00:00,-0.5712056860535668,3162.28,3102.62,8.083333333333334,time
fvg,2025-04-02 23:55:00,2025-04-03 08:00:00,-0.5712013993798204,3162.28,3102.62,8.083333333333334,time
fvg,2025-04-03 00:00:00,2025-04-03 08:05:00,-0.5592351117118549,3162.75,3102.62,8.083333333333334,time
harmonic,2025-04-03 00:00:00,2025-04-03 08:05:00,-0.5592441709283176,3162.75,3102.62,8.083333333333334,time
harmonic,2025-04-03 00:05:00,2025-04-03 08:10:00,-0.48461471786426275,3154.12,3102.62,8.083333333333334,time
fvg,2025-04-03 00:05:00,2025-04-03 08:10:00,-0.48461477299833033,3154.12,3102.62,8.083333333333334,time
threevol,2025-04-10 00:20:00,2025-04-10 01:15:00,-1.0147222459984593,3092.95,3084.12,0.9166666666666666,sl
threevol,2025-04-10 18:40:00,2025-04-11 00:20:00,2.979939472546476,3173.41,3166.79,5.666666666666667,tp
threevol,2025-04-16 20:25:00,2025-04-16 22:05:00,2.9726257452346965,3338.35,3333.71,1.6666666666666667,tp
fvg,2025-04-16 20:25:00,2025-04-16 22:05:00,2.9726323059656394,3338.35,3333.71,1.6666666666666667,tp
fvg,2025-04-16 20:30:00,2025-04-16 22:05:00,2.9728481395148063,3338.39,3333.71,1.5833333333333333,tp
fvg,2025-04-16 20:35:00,2025-04-16 22:10:00,2.9743589743589745,3338.66,3333.71,1.5833333333333333,tp
fvg,2025-04-16 20:40:00,2025-04-16 22:10:00,2.9751791418458087,3338.83,3333.71,1.5,tp
fvg,2025-04-16 20:45:00,2025-04-17 01:30:00,-1.0198135198135199,3340.62,3333.71,4.75,sl
fvg,2025-04-16 21:50:00,2025-04-17 01:30:00,-1.0156695156695157,3342.44,3333.71,3.6666666666666665,sl
fvg,2025-04-16 22:00:00,2025-04-17 01:30:00,-1.0095750315772318,3348.03,3333.71,3.5,sl
fvg,2025-04-16 22:10:00,2025-04-17 01:30:00,-1.0067895995679346,3353.87,3333.71,3.3333333333333335,sl
fvg,2025-04-16 22:05:00,2025-04-17 01:30:00,-1.0073296813517474,3352.37,3333.71,3.4166666666666665,sl
threevol,2025-04-24 19:50:00,2025-04-24 20:00:00,-1.0239745576123298,3345.44,3339.72,0.16666666666666666,sl
threevol,2025-04-24 19:45:00,2025-04-24 20:05:00,-1.0250346570985893,3343.56,3338.09,0.3333333333333333,sl
threevol,2025-04-24 19:40:00,2025-04-24 22:20:00,2.973008236157547,3341.41,3336.7,2.6666666666666665,tp
fvg,2025-05-05 23:40:00,2025-05-06 00:20:00,-1.018030794165316,3332.88,3325.31,0.6666666666666666,sl
fvg,2025-05-05 23:45:00,2025-05-06 00:20:00,-1.015964343598055,3333.87,3325.31,0.5833333333333334,sl
fvg,2025-05-05 23:50:00,2025-05-06 00:20:00,-1.0172609400324149,3333.22,3325.31,0.5,sl
fvg,2025-05-05 23:55:00,2025-05-06 00:20:00,-1.0165316045380874,3333.57,3325.31,0.4166666666666667,sl
fvg,2025-05-06 00:00:00,2025-05-06 00:20:00,-1.0217585089141004,3331.59,3325.31,0.3333333333333333,sl
fvg,2025-05-05 23:30:00,2025-05-06 00:20:00,-1.0194894651539708,3332.31,3325.31,0.8333333333333334,sl
fvg,2025-05-06 06:40:00,2025-05-06 14:45:00,0.7659675470395305,3366.54,3348.07,8.083333333333334,time
fvg,2025-05-06 06:45:00,2025-05-06 14:50:00,1.059770412566891,3364.75,3348.07,8.083333333333334,time
fvg,2025-05-06 06:50:00,2025-05-06 14:55:00,1.308950457448645,3364.44,3348.07,8.083333333333334,time
fvg,2025-05-06 07:10:00,2025-05-06 15:15:00,1.383652684274124,3367.48,3348.07,8.083333333333334,time
harmonic,2025-05-08 01:45:00,2025-05-08 05:10:00,-1.0067642698295034,3397.06,3376.56,3.4166666666666665,sl
harmonic,2025-05-08 01:00:00,2025-05-08 05:10:00,-1.0082468495181616,3393.37,3376.56,4.166666666666667,sl
harmonic,2025-05-08 01:40:00,2025-05-08 05:10:00,-1.0083395107487028,3393.07,3376.56,3.5,sl
harmonic,2025-05-08 01:35:00,2025-05-08 05:10:00,-1.0077835433654558,3394.26,3376.56,3.5833333333333335,sl
harmonic,2025-05-08 02:10:00,2025-05-08 05:10:00,-1.0042624166048923,3409.32,3376.56,3.0,sl
harmonic,2025-05-08 02:05:00,2025-05-08 05:10:00,-1.0040770941438102,3410.24,3376.56,3.0833333333333335,sl
harmonic,2025-05-08 02:00:00,2025-05-08 05:10:00,-1.003984432913269,3411.03,3376.56,3.1666666666666665,sl
harmonic,2025-05-08 01:50:00,2025-05-08 05:10:00,-1.0053743513713862,3402.16,3376.56,3.3333333333333335,sl
harmonic,2025-05-08 01:55:00,2025-05-08 05:10:00,-1.0043550778354335,3408.27,3376.56,3.25,sl
harmonic,2025-05-08 01:25:00,2025-05-08 05:10:00,-1.012416604892513,3387.68,3376.56,3.75,sl
harmonic,2025-05-08 01:20:00,2025-05-08 05:10:00,-1.0119532987398072,3388.14,3376.56,3.8333333333333335,sl
harmonic,2025-05-08 01:15:00,2025-05-08 05:10:00,-1.009173461823573,3391.55,3376.56,3.9166666666666665,sl
harmonic,2025-05-08 01:10:00,2025-05-08 05:10:00,-1.0090808005930318,3391.71,3376.56,4.0,sl
harmonic,2025-05-08 01:05:00,2025-05-08 05:10:00,-1.0085248332097851,3392.76,3376.56,4.083333333333333,sl
harmonic,2025-05-08 01:30:00,2025-05-08 05:10:00,-1.011119347664937,3388.99,3376.56,3.6666666666666665,sl
harmonic,2025-05-13 23:20:00,2025-05-14 00:05:00,-1.0189935596550594,3254.08,3246.98,0.75,sl
harmonic,2025-05-13 23:50:00,2025-05-14 00:05:00,-1.0196485099879926,3253.83,3246.98,0.25,sl
harmonic,2025-05-13 23:15:00,2025-05-14 00:05:00,-1.0196485099879926,3253.82,3246.98,0.8333333333333334,sl
harmonic,2025-05-13 23:55:00,2025-05-14 00:05:00,-1.0199759851544592,3253.73,3246.98,0.16666666666666666,sl
harmonic,2025-05-13 23:00:00,2025-05-14 00:05:00,-1.0170287086562602,3254.9,3246.98,1.0833333333333333,sl
harmonic,2025-05-13 22:55:00,2025-05-14 00:05:00,-1.019321034821526,3253.94,3246.98,1.1666666666666667,sl
harmonic,2025-05-13 22:50:00,2025-05-14 00:05:00,-1.0219408361532585,3253.1,3246.98,1.25,sl
harmonic,2025-05-13 22:35:00,2025-05-14 00:05:00,-1.0267438052614344,3252.01,3246.98,1.5,sl
harmonic,2025-05-13 22:40:00,2025-05-14 00:05:00,-1.0296910817596332,3251.51,3246.98,1.4166666666666667,sl
harmonic,2025-05-13 23:10:00,2025-05-14 00:05:00,-1.017465342211549,3254.69,3246.98,0.9166666666666666,sl
threevol,2025-05-15 15:25:00,2025-05-15 20:20:00,2.981900452488688,3215.65,3208.24,4.916666666666667,tp
threevol,2025-06-04 01:20:00,2025-06-04 04:40:00,-1.0171034049898007,3363.2,3355.17,3.3333333333333335,sl
harmonic,2025-06-06 05:55:00,2025-06-06 06:45:00,-1.0171428571428571,3365.59,3357.56,0.8333333333333334,sl
fvg,2025-06-06 05:55:00,2025-06-06 06:45:00,-1.0170940170940173,3365.59,3357.56,0.8333333333333334,sl
harmonic,2025-06-06 05:40:00,2025-06-06 07:50:00,-1.0117933130699088,3365.8,3354.17,2.1666666666666665,sl
harmonic,2025-06-06 05:35:00,2025-06-06 07:50:00,-1.0099696048632218,3367.95,3354.17,2.25,sl
harmonic,2025-06-06 05:30:00,2025-06-06 07:50:00,-1.0104559270516718,3367.35,3354.17,2.3333333333333335,sl
harmonic,2025-06-06 05:20:00,2025-06-06 07:50:00,-1.0096048632218846,3368.55,3354.17,2.5,sl
harmonic,2025-06-06 05:15:00,2025-06-06 07:50:00,-1.007659574468085,3372.12,3354.17,2.5833333333333335,sl
harmonic,2025-06-06 05:10:00,2025-06-06 07:50:00,-1.0071732522796353,3373.41,3354.17,2.6666666666666665,sl
harmonic,2025-06-06 05:05:00,2025-06-06 07:50:00,-1.0069300911854102,3374.15,3354.17,2.75,sl
harmonic,2025-06-06 05:00:00,2025-06-06 07:50:00,-1.0068085106382978,3374.25,3354.17,2.8333333333333335,sl
harmonic,2025-06-06 05:25:00,2025-06-06 07:50:00,-1.009483282674772,3368.7,3354.17,2.4166666666666665,sl
harmonic,2025-06-09 14:40:00,2025-06-09 22:45:00,0.5331981068289384,3317.87,3308.87,8.083333333333334,time
harmonic,2025-06-09 14:45:00,2025-06-09 22:50:00,0.23380662609871533,3320.8,3308.87,8.083333333333334,time
harmonic,2025-06-09 14:50:00,2025-06-09 22:55:00,0.2581473968897904,3320.15,3308.87,8.083333333333334,time
harmonic,2025-06-09 14:55:00,2025-06-09 23:00:00,0.31940500338066263,3320.46,3308.87,8.083333333333334,time
harmonic,2025-06-09 15:00:00,2025-06-09 23:05:00,0.19215686274509805,3322.2,3308.87,8.083333333333334,time
harmonic,2025-06-09 15:05:00,2025-06-09 23:10:00,0.11426639621365786,3323.3,3308.87,8.083333333333334,time
harmonic,2025-06-09 15:25:00,2025-06-09 23:30:00,-0.2227180527383367,3330.29,3308.87,8.083333333333334,time
harmonic,2025-06-09 15:30:00,2025-06-09 23:35:00,-0.17620013522650438,3329.77,3308.87,8.083333333333334,time
harmonic,2025-06-09 15:35:00,2025-06-09 23:45:00,-0.1993238674780257,3329.25,3308.87,8.166666666666666,time
harmonic,2025-06-10 13:55:00,2025-06-10 15:15:00,-1.0072260136491369,3343.16,3324.29,1.3333333333333333,sl
harmonic,2025-06-10 13:50:00,2025-06-10 15:15:00,-1.006155493108524,3346.41,3324.29,1.4166666666666667,sl
harmonic,2025-06-10 13:45:00,2025-06-10 15:15:00,-1.0062893081761006,3346.26,3324.29,1.5,sl
harmonic,2025-06-10 13:40:00,2025-06-10 15:15:00,-1.0060216780409474,3347.23,3324.29,1.5833333333333333,sl
harmonic,2025-06-10 13:35:00,2025-06-10 15:15:00,-1.006824568446407,3344.25,3324.29,1.6666666666666667,sl
harmonic,2025-06-10 13:30:00,2025-06-10 15:15:00,-1.006824568446407,3344.14,3324.29,1.75,sl
harmonic,2025-06-10 13:25:00,2025-06-10 15:15:00,-1.006423123243677,3345.43,3324.29,1.8333333333333333,sl
harmonic,2025-06-10 13:20:00,2025-06-10 15:15:00,-1.0069583835139837,3343.96,3324.29,1.9166666666666667,sl
harmonic,2025-06-10 13:15:00,2025-06-10 15:15:00,-1.0086979793924795,3339.99,3324.29,2.0,sl
harmonic,2025-06-10 13:10:00,2025-06-10 15:15:00,-1.009500869797939,3338.6,3324.29,2.0833333333333335,sl
harmonic,2025-06-10 13:05:00,2025-06-10 15:15:00,-1.0104375752709756,3337.35,3324.29,2.1666666666666665,sl
harmonic,2025-06-10 12:30:00,2025-06-10 15:15:00,-1.0096346848655158,3338.51,3324.29,2.75,sl
harmonic,2025-06-10 12:50:00,2025-06-10 15:15:00,-1.009233239662786,3339.01,3324.29,2.4166666666666665,sl
harmonic,2025-06-10 12:45:00,2025-06-10 15:15:00,-1.0090994245952094,3339.34,3324.29,2.5,sl
harmonic,2025-06-10 12:40:00,2025-06-10 15:15:00,-1.0097684999330923,3338.24,3324.29,2.5833333333333335,sl
harmonic,2025-06-10 12:35:00,2025-06-10 15:15:00,-1.0104375752709756,3337.44,3324.29,2.6666666666666665,sl
harmonic,2025-06-10 12:55:00,2025-06-10 15:15:00,-1.010972835541282,3336.74,3324.29,2.3333333333333335,sl
harmonic,2025-06-10 13:00:00,2025-06-10 15:15:00,-1.0096346848655158,3338.51,3324.29,2.25,sl
threevol,2025-06-11 02:15:00,2025-06-11 10:20:00,-0.20434369055168042,3335.45,3327.76,8.083333333333334,time
fvg,2025-06-13 03:25:00,2025-06-13 11:30:00,-0.17749134442914946,3429.81,3381.13,8.083333333333334,time
fvg,2025-06-13 03:30:00,2025-06-13 11:35:00,-0.16122304258957995,3427.55,3381.13,8.083333333333334,time
fvg,2025-06-13 03:35:00,2025-06-13 11:40:00,-0.12635047762065657,3427.38,3381.13,8.083333333333334,time
fvg,2025-06-13 03:40:00,2025-06-13 11:45:00,-0.18591749051015727,3429.67,3381.13,8.083333333333334,time
fvg,2025-06-13 03:45:00,2025-06-13 11:50:00,-0.22975847828807408,3430.55,3381.13,8.083333333333334,time
fvg,2025-06-13 03:50:00,2025-06-13 11:55:00,-0.10782964168022359,3426.79,3381.13,8.083333333333334,time
fvg,2025-06-13 03:55:00,2025-06-13 12:00:00,-0.04575981312309682,3425.15,3381.13,8.083333333333334,time
fvg,2025-06-13 04:15:00,2025-06-13 12:25:00,0.0004171359446043466,3427.19,3381.13,8.166666666666666,time
fvg,2025-06-13 04:25:00,2025-06-13 12:30:00,0.061652692612522424,3426.84,3381.13,8.083333333333334,time
fvg,2025-06-13 04:30:00,2025-06-13 12:35:00,0.11504609352187878,3426.58,3381.13,8.083333333333334,time
fvg,2025-06-13 04:35:00,2025-06-13 12:40:00,0.0630709548241772,3428.21,3381.13,8.083333333333334,time
fvg,2025-06-13 04:40:00,2025-06-13 12:45:00,0.045426104367413345,3427.98,3381.13,8.083333333333334,time
fvg,2025-06-13 04:45:00,2025-06-13 12:50:00,0.18867058774454595,3427.34,3381.13,8.083333333333334,time
fvg,2025-06-13 04:50:00,2025-06-13 12:55:00,0.2100279481082885,3426.72,3381.13,8.083333333333334,time
fvg,2025-06-13 04:55:00,2025-06-13 13:00:00,0.3202769782672173,3424.89,3381.13,8.083333333333334,time
fvg,2025-06-13 05:00:00,2025-06-13 13:05:00,0.2463604888833271,3424.75,3381.13,8.083333333333334,time
fvg,2025-06-13 05:05:00,2025-06-13 13:10:00,0.304801234722396,3426.6,3381.13,8.083333333333334,time
fvg,2025-06-13 05:10:00,2025-06-13 13:15:00,0.29887790430901434,3424.69,3381.13,8.083333333333334,time
fvg,2025-06-13 05:15:00,2025-06-13 13:20:00,0.31026571559671295,3427.01,3381.13,8.083333333333334,time
harmonic,2025-06-18 15:45:00,2025-06-18 19:05:00,-1.0085022890778288,3390.1,3374.03,3.3333333333333335,sl
harmonic,2025-06-18 15:50:00,2025-06-18 19:05:00,-1.0081752779594506,3390.76,3374.03,3.25,sl
harmonic,2025-06-18 15:55:00,2025-06-18 19:05:00,-1.0075212557226947,3392.34,3374.03,3.1666666666666665,sl
harmonic,2025-06-18 16:00:00,2025-06-18 19:05:00,-1.0075212557226947,3392.41,3374.03,3.0833333333333335,sl
harmonic,2025-06-18 16:05:00,2025-06-18 19:05:00,-1.0081752779594506,3390.78,3374.03,3.0,sl
harmonic,2025-06-18 16:10:00,2025-06-18 19:05:00,-1.0085022890778288,3390.15,3374.03,2.9166666666666665,sl
harmonic,2025-06-18 15:05:00,2025-06-18 19:05:00,-1.01160889470242,3385.98,3374.03,4.0,sl
harmonic,2025-06-18 16:20:00,2025-06-18 19:05:00,-1.0081752779594506,3390.89,3374.03,2.75,sl
harmonic,2025-06-18 15:30:00,2025-06-18 19:05:00,-1.0104643557880968,3387.3,3374.03,3.5833333333333335,sl
harmonic,2025-06-18 15:00:00,2025-06-18 19:05:00,-1.00997383911053,3387.93,3374.03,4.083333333333333,sl
harmonic,2025-06-18 15:25:00,2025-06-18 19:05:00,-1.0106278613472859,3386.96,3374.03,3.6666666666666665,sl
harmonic,2025-06-18 15:20:00,2025-06-18 19:05:00,-1.009483322432963,3388.55,3374.03,3.75,sl
harmonic,2025-06-18 15:40:00,2025-06-18 19:05:00,-1.0101373446697188,3387.6,3374.03,3.4166666666666665,sl
harmonic,2025-06-18 16:15:00,2025-06-18 19:05:00,-1.0078482668410726,3391.66,3374.03,2.8333333333333335,sl
harmonic,2025-06-18 15:35:00,2025-06-18 19:05:00,-1.0098103335513409,3388.11,3374.03,3.5,sl
harmonic,2025-06-25 06:05:00,2025-06-25 09:10:00,-1.0161818532074745,3330.69,3322.29,3.0833333333333335,sl
harmonic,2025-06-25 06:10:00,2025-06-25 09:10:00,-1.0192641109612792,3329.4,3322.29,3.0,sl
harmonic,2025-06-25 06:15:00,2025-06-25 09:10:00,-1.017722982084377,3330.0,3322.29,2.9166666666666665,sl
harmonic,2025-06-25 06:20:00,2025-06-25 09:10:00,-1.017722982084377,3330.01,3322.29,2.8333333333333335,sl
harmonic,2025-06-25 06:00:00,2025-06-25 09:10:00,-1.0134848776728955,3332.47,3322.29,3.1666666666666665,sl
harmonic,2025-06-25 06:30:00,2025-06-25 09:10:00,-1.018493546522828,3329.66,3322.29,2.6666666666666665,sl
harmonic,2025-06-25 18:25:00,2025-06-25 23:50:00,2.95814526056627,3329.05,3325.79,5.416666666666667,tp
harmonic,2025-06-25 18:35:00,2025-06-25 23:55:00,2.961017644645055,3329.3,3325.79,5.333333333333333,tp
harmonic,2025-06-25 18:20:00,2025-06-26 02:25:00,1.4989741485432908,3329.6,3325.79,8.083333333333334,time
harmonic,2025-06-25 18:40:00,2025-06-26 02:45:00,2.961838325810423,3329.37,3325.79,8.083333333333334,tp
harmonic,2025-06-25 18:45:00,2025-06-26 02:50:00,2.9640951990151825,3329.59,3325.79,8.083333333333334,tp
harmonic,2025-06-25 18:50:00,2025-06-26 03:05:00,2.599097250718096,3330.26,3325.79,8.25,time
harmonic,2025-06-25 19:05:00,2025-06-26 03:10:00,2.428190398030365,3330.23,3325.79,8.083333333333334,time
harmonic,2025-06-25 19:10:00,2025-06-26 03:15:00,1.7724661469019285,3331.19,3325.79,8.083333333333334,time
harmonic,2025-06-25 19:15:00,2025-06-26 03:20:00,1.7894952810832991,3330.96,3325.79,8.083333333333334,time
harmonic,2025-06-25 19:35:00,2025-06-26 03:40:00,0.32724661469019284,3334.8,3325.79,8.083333333333334,time
harmonic,2025-06-25 19:40:00,2025-06-26 03:45:00,0.24948707427164546,3335.6,3325.79,8.083333333333334,time
harmonic,2025-06-25 19:45:00,2025-06-26 03:50:00,0.54185473943373,3333.74,3325.79,8.083333333333334,time
harmonic,2025-06-25 19:50:00,2025-06-26 03:55:00,0.765490356996307,3332.49,3325.79,8.083333333333334,time
harmonic,2025-06-25 19:55:00,2025-06-26 04:10:00,0.35679113664341405,3333.27,3325.79,8.25,time
harmonic,2025-07-11 00:15:00,2025-07-11 05:20:00,2.9643093192333114,3325.37,3321.27,5.083333333333333,tp
harmonic,2025-07-11 00:10:00,2025-07-11 05:25:00,2.970257766027759,3326.19,3321.27,5.25,tp
harmonic,2025-07-11 00:35:00,2025-07-11 08:40:00,0.19150693985459352,3335.11,3321.27,8.083333333333334,time
harmonic,2025-07-11 00:40:00,2025-07-11 08:45:00,0.2385988103106411,3335.51,3321.27,8.083333333333334,time
harmonic,2025-07-11 00:45:00,2025-07-11 08:50:00,-0.06097157964309319,3333.7,3321.27,8.083333333333334,time
harmonic,2025-07-11 00:50:00,2025-07-11 08:55:00,0.09765366820885657,3331.7,3321.27,8.083333333333334,time
harmonic,2025-07-31 12:15:00,2025-07-31 14:35:00,-1.0091629134958846,3306.66,3291.91,2.3333333333333335,sl
harmonic,2025-07-31 12:20:00,2025-07-31 14:35:00,-1.009939431588756,3305.66,3291.91,2.25,sl
harmonic,2025-07-31 12:25:00,2025-07-31 14:35:00,-1.009473520733033,3306.16,3291.91,2.1666666666666665,sl
harmonic,2025-07-31 12:30:00,2025-07-31 14:35:00,-1.0080757881658642,3308.85,3291.91,2.0833333333333335,sl
harmonic,2025-07-31 12:35:00,2025-07-31 14:35:00,-1.0076098773101412,3309.77,3291.91,2.0,sl
harmonic,2025-07-31 12:40:00,2025-07-31 14:35:00,-1.008386395403013,3308.1,3291.91,1.9166666666666667,sl
harmonic,2025-07-31 12:50:00,2025-07-31 14:35:00,-1.008386395403013,3307.99,3291.91,1.75,sl
harmonic,2025-07-31 12:55:00,2025-07-31 14:35:00,-1.0088523062587358,3307.16,3291.91,1.6666666666666667,sl
fvg,2025-08-28 11:55:00,2025-08-28 12:55:00,-1.0209536380135291,3403.69,3397.09,1.0,sl
fvg,2025-09-01 07:55:00,2025-09-01 09:20:00,-1.0202108596907946,3477.48,3470.53,1.4166666666666667,sl
fvg,2025-09-01 08:00:00,2025-09-01 09:20:00,-1.0183772971621452,3478.16,3470.53,1.3333333333333333,sl
fvg,2025-09-01 08:20:00,2025-09-01 09:20:00,-1.0191690627995167,3477.85,3470.53,1.0,sl
fvg,2025-09-01 08:35:00,2025-09-01 09:20:00,-1.022002750343793,3476.91,3470.53,0.75,sl
fvg,2025-09-01 08:40:00,2025-09-01 09:20:00,-1.0199191565612369,3477.58,3470.53,0.6666666666666666,sl
fvg,2025-09-01 08:45:00,2025-09-01 09:20:00,-1.0183772971621452,3478.16,3470.53,0.5833333333333334,sl
fvg,2025-09-01 08:50:00,2025-09-01 09:20:00,-1.0225861566029086,3476.74,3470.53,0.5,sl
fvg,2025-09-09 04:30:00,2025-09-09 06:05:00,-1.0167392182381187,3652.32,3643.67,1.5833333333333333,sl
fvg,2025-09-09 05:00:00,2025-09-09 06:05:00,-1.012610510254454,3655.14,3643.67,1.0833333333333333,sl
fvg,2025-09-09 04:55:00,2025-09-09 06:05:00,-1.01319391464345,3654.64,3643.67,1.1666666666666667,sl
fvg,2025-09-09 04:50:00,2025-09-09 06:05:00,-1.01252075573307,3655.23,3643.67,1.25,sl
fvg,2025-09-09 04:05:00,2025-09-09 06:05:00,-1.0339720863438495,3647.93,3643.67,2.0,sl
fvg,2025-09-09 04:10:00,2025-09-09 06:05:00,-1.0330745411300093,3648.05,3643.67,1.9166666666666667,sl
fvg,2025-09-09 05:05:00,2025-09-09 06:05:00,-1.0117129650406138,3656.04,3643.67,1.0,sl
fvg,2025-09-09 05:10:00,2025-09-09 06:05:00,-1.0133734236862182,3654.52,3643.67,0.9166666666666666,sl
fvg,2025-09-09 08:10:00,2025-09-09 09:10:00,2.9626734414696108,3642.36,3638.21,1.0,tp
fvg,2025-09-09 07:50:00,2025-09-09 09:15:00,2.9657514168458077,3642.73,3638.21,1.4166666666666667,tp
fvg,2025-09-09 08:15:00,2025-09-09 13:25:00,2.970050811022083,3643.38,3638.21,5.166666666666667,tp
fvg,2025-09-09 08:05:00,2025-09-09 13:25:00,2.973031072894274,3643.96,3638.21,5.333333333333333,tp
fvg,2025-09-09 07:55:00,2025-09-09 13:25:00,2.9729333593902676,3643.94,3638.21,5.5,tp
fvg,2025-09-09 08:00:00,2025-09-09 13:30:00,2.9744479187023645,3644.28,3638.21,5.5,tp
fvg,2025-09-09 07:45:00,2025-09-09 13:30:00,2.9740570646863396,3644.18,3638.21,5.75,tp
fvg,2025-09-09 07:40:00,2025-09-09 13:35:00,2.976499902286496,3644.8,3638.21,5.916666666666667,tp
fvg,2025-09-09 08:20:00,2025-09-09 13:35:00,2.976597615790502,3644.84,3638.21,5.25,tp
fvg,2025-09-09 08:25:00,2025-09-09 13:35:00,2.977477037326558,3645.09,3638.21,5.166666666666667,tp
fvg,2025-09-09 06:45:00,2025-09-09 14:00:00,2.9794313074066836,3645.75,3638.21,7.25,tp
harmonic,2025-09-09 13:40:00,2025-09-09 14:00:00,-1.016722972972973,3663.24,3654.53,0.3333333333333333,sl
harmonic,2025-09-09 13:45:00,2025-09-09 14:00:00,-1.012331081081081,3666.38,3654.53,0.25,sl
harmonic,2025-09-09 13:50:00,2025-09-09 14:00:00,-1.014527027027027,3664.5,3654.53,0.16666666666666666,sl
harmonic,2025-09-09 13:55:00,2025-09-09 14:00:00,-1.01352553835202,3665.22,3654.53,0.08333333333333333,sl
harmonic,2025-09-09 13:30:00,2025-09-09 14:00:00,-1.016722972972973,3663.25,3654.53,0.5,sl
harmonic,2025-09-09 13:35:00,2025-09-09 14:00:00,-1.0152027027027026,3664.07,3654.53,0.4166666666666667,sl
fvg,2025-09-09 07:15:00,2025-09-09 14:00:00,2.9803107289427397,3646.09,3638.21,6.75,tp
fvg,2025-09-09 07:10:00,2025-09-09 14:00:00,2.981483290990815,3646.59,3638.21,6.833333333333333,tp
fvg,2025-09-09 07:05:00,2025-09-09 14:00:00,2.9809458667187805,3646.36,3638.21,6.916666666666667,tp
fvg,2025-09-09 06:50:00,2025-09-09 14:00:00,2.9802130154387334,3646.05,3638.21,7.166666666666667,tp
fvg,2025-09-09 07:00:00,2025-09-09 14:35:00,-1.016171584913035,3647.16,3638.21,7.583333333333333,sl
fvg,2025-09-09 07:20:00,2025-09-09 14:35:00,-1.0148035958569475,3648.0,3638.21,7.25,sl
fvg,2025-09-09 07:25:00,2025-09-09 14:35:00,-1.0121164744967754,3650.14,3638.21,7.166666666666667,sl
fvg,2025-09-09 07:30:00,2025-09-09 14:35:00,-1.0128004690248193,3649.53,3638.21,7.083333333333333,sl
fvg,2025-09-09 06:40:00,2025-09-09 14:35:00,-1.0129958960328318,3649.34,3638.21,7.916666666666667,sl
fvg,2025-09-09 06:55:00,2025-09-09 14:35:00,-1.0160738714090287,3647.21,3638.21,7.666666666666667,sl
fvg,2025-09-09 07:35:00,2025-09-09 14:35:00,-1.01578073089701,3647.39,3638.21,7.0,sl
harmonic,2025-09-15 12:00:00,2025-09-15 12:15:00,-1.037935994246674,3642.28,3638.46,0.25,sl
harmonic,2025-09-15 11:55:00,2025-09-15 12:15:00,-1.0386551600143834,3642.2,3638.46,0.3333333333333333,sl
harmonic,2025-09-15 12:35:00,2025-09-15 13:30:00,2.962731778960896,3642.62,3638.46,0.9166666666666666,tp
harmonic,2025-09-15 12:40:00,2025-09-15 13:40:00,2.9735634294106847,3644.33,3638.46,1.0,tp
harmonic,2025-09-15 12:45:00,2025-09-15 15:50:00,2.984578667156233,3648.51,3638.46,3.0833333333333335,tp
threevol,2025-09-16 00:15:00,2025-09-16 02:45:00,-1.0254169976171563,3681.07,3675.34,2.5,sl
threevol,2025-09-22 06:45:00,2025-09-22 07:10:00,-1.0151673220447797,3719.36,3709.72,0.4166666666666667,sl
threevol,2025-09-22 06:35:00,2025-09-22 14:40:00,0.5769199903699542,3712.98,3702.93,8.083333333333334,time
threevol,2025-09-22 06:40:00,2025-09-22 14:45:00,0.28986437685579003,3716.52,3705.83,8.083333333333334,time
fvg,2025-09-22 22:45:00,2025-09-23 01:05:00,2.964864288759414,3740.33,3736.42,2.3333333333333335,tp
threevol,2025-09-23 08:40:00,2025-09-23 16:45:00,0.7616330466929196,3769.73,3761.59,8.083333333333334,time
fvg,2025-09-23 08:40:00,2025-09-23 16:45:00,0.7616533830176311,3769.73,3761.59,8.083333333333334,time
threevol,2025-09-23 08:45:00,2025-09-23 16:50:00,0.7868681186209113,3773.66,3764.26,8.083333333333334,time
fvg,2025-09-23 08:45:00,2025-09-23 16:50:00,0.786875064693096,3773.66,3764.26,8.083333333333334,time
fvg,2025-09-23 08:50:00,2025-09-23 16:55:00,0.500189766414795,3774.01,3764.26,8.083333333333334,time
harmonic,2025-09-25 11:55:00,2025-09-25 12:35:00,-1.0104500252823192,3752.66,3738.49,0.6666666666666666,sl
harmonic,2025-09-26 00:55:00,2025-09-26 01:15:00,-1.0236676315341393,3749.19,3742.94,0.3333333333333333,sl
threevol,2025-09-26 00:55:00,2025-09-26 01:15:00,-1.023585278986941,3749.19,3742.94,0.3333333333333333,sl
harmonic,2025-09-26 07:25:00,2025-09-26 08:40:00,2.9521761568897302,3744.78,3741.49,1.25,tp
harmonic,2025-09-26 07:35:00,2025-09-26 12:30:00,2.9552726647170133,3745.01,3741.49,4.916666666666667,tp
harmonic,2025-09-26 07:45:00,2025-09-26 13:10:00,2.9721314295544468,3747.14,3741.49,5.416666666666667,tp
harmonic,2025-09-26 07:50:00,2025-09-26 14:00:00,2.9755719938069842,3747.96,3741.49,6.166666666666667,tp
harmonic,2025-09-26 07:55:00,2025-09-26 14:00:00,2.9743677963185964,3747.66,3741.49,6.083333333333333,tp
harmonic,2025-09-26 07:40:00,2025-09-26 14:00:00,2.974883880956477,3747.76,3741.49,6.333333333333333,tp
harmonic,2025-09-26 12:40:00,2025-09-26 14:25:00,2.9840805717998697,3750.85,3740.88,1.75,tp
harmonic,2025-09-26 12:35:00,2025-09-26 20:40:00,0.9585769980506822,3751.74,3740.88,8.083333333333334,time
threevol,2025-09-29 08:10:00,2025-09-29 09:45:00,-1.0199904046057893,3815.53,3808.08,1.5833333333333333,sl
fvg,2025-09-30 06:40:00,2025-09-30 06:50:00,-1.015349765020117,3869.47,3859.67,0.16666666666666666,sl
fvg,2025-09-30 06:45:00,2025-09-30 06:50:00,-1.0338160950949584,3864.12,3859.67,0.08333333333333333,sl
fvg,2025-10-01 02:25:00,2025-10-01 06:20:00,-1.012873610823497,3865.86,3854.17,3.9166666666666665,sl
fvg,2025-10-01 02:20:00,2025-10-01 06:20:00,-1.014219645199144,3864.75,3854.17,4.0,sl
fvg,2025-10-01 02:30:00,2025-10-01 06:20:00,-1.0140815903913853,3864.85,3854.17,3.8333333333333335,sl
fvg,2025-10-01 02:15:00,2025-10-01 06:20:00,-1.011285980534272,3867.5,3854.17,4.083333333333333,sl
fvg,2025-10-01 02:10:00,2025-10-01 06:20:00,-1.0116311175536687,3867.11,3854.17,4.166666666666667,sl
fvg,2025-10-01 02:05:00,2025-10-01 06:20:00,-1.0081107199558224,3872.7,3854.17,4.25,sl
fvg,2025-10-01 01:00:00,2025-10-01 06:20:00,-1.0245047283771656,3860.3,3854.17,5.333333333333333,sl
fvg,2025-10-01 01:25:00,2025-10-01 06:20:00,-1.0144612411127218,3864.57,3854.17,4.916666666666667,sl
fvg,2025-10-01 01:20:00,2025-10-01 06:20:00,-1.015600193276731,3863.81,3854.17,5.0,sl
fvg,2025-10-01 00:55:00,2025-10-01 06:20:00,-1.0256091668392353,3860.04,3854.17,5.416666666666667,sl
fvg,2025-10-01 00:50:00,2025-10-01 06:20:00,-1.019776351211431,3861.77,3854.17,5.5,sl
fvg,2025-10-01 00:30:00,2025-10-01 06:20:00,-1.0264029819838476,3859.86,3854.17,5.833333333333333,sl
fvg,2025-10-01 01:30:00,2025-10-01 06:20:00,-1.01570373438255,3863.75,3854.17,4.833333333333333,sl
fvg,2025-10-08 02:00:00,2025-10-08 03:50:00,2.9745873931199047,3998.87,3993.2,1.8333333333333333,tp
fvg,2025-10-08 02:05:00,2025-10-08 04:00:00,2.9756213959037585,3999.12,3993.2,1.9166666666666667,tp
fvg,2025-10-08 01:55:00,2025-10-08 04:10:00,2.9792006363094057,4000.14,3993.2,2.25,tp
fvg,2025-10-08 02:10:00,2025-10-08 07:10:00,2.9867965798369456,4004.14,3993.2,5.0,tp
fvg,2025-10-08 02:40:00,2025-10-08 09:45:00,2.988785046728972,4006.12,3993.2,7.083333333333333,tp
fvg,2025-10-08 02:35:00,2025-10-08 09:45:00,2.9879896599721616,4005.26,3993.2,7.166666666666667,tp
fvg,2025-10-08 02:30:00,2025-10-08 09:45:00,2.9885066613640885,4005.79,3993.2,7.25,tp
fvg,2025-10-08 02:45:00,2025-10-08 10:50:00,2.0280771525154107,4007.46,3993.2,8.083333333333334,time
fvg,2025-10-08 02:50:00,2025-10-08 10:55:00,1.6037383177570095,4009.93,3993.2,8.083333333333334,time
fvg,2025-10-08 02:55:00,2025-10-08 11:00:00,1.3625372837542256,4011.24,3993.2,8.083333333333334,time
fvg,2025-10-08 03:00:00,2025-10-08 11:05:00,1.1843308808908333,4012.19,3993.2,8.083333333333334,time
fvg,2025-10-15 00:25:00,2025-10-15 07:55:00,2.990359635669348,4155.52,4137.99,7.5,tp
fvg,2025-10-15 00:30:00,2025-10-15 08:15:00,2.991455131616013,4157.77,4137.99,7.75,tp
fvg,2025-10-15 00:35:00,2025-10-15 08:40:00,1.973207299132993,4163.89,4137.99,8.083333333333334,time
fvg,2025-10-15 00:40:00,2025-10-15 08:45:00,1.6760774985132554,4166.62,4137.99,8.083333333333334,time
fvg,2025-10-15 00:45:00,2025-10-15 08:50:00,1.8879464145982658,4164.35,4137.99,8.083333333333334,time
fvg,2025-10-15 00:50:00,2025-10-15 08:55:00,2.224044571035087,4159.62,4137.99,8.083333333333334,time
fvg,2025-10-15 00:55:00,2025-10-15 09:00:00,1.9644746314438637,4162.02,4137.99,8.083333333333334,time
fvg,2025-10-15 01:00:00,2025-10-15 09:05:00,0.9436289085730383,4173.49,4137.99,8.083333333333334,time
fvg,2025-10-15 01:05:00,2025-10-15 09:10:00,0.572099283232652,4178.85,4137.99,8.083333333333334,time
fvg,2025-10-15 01:10:00,2025-10-15 09:15:00,0.31321794109361795,4178.62,4137.99,8.083333333333334,time
fvg,2025-10-15 01:15:00,2025-10-15 09:20:00,0.22939685123165046,4175.2,4137.99,8.083333333333334,time
fvg,2025-10-15 01:20:00,2025-10-15 09:30:00,0.19186829008732667,4182.06,4137.99,8.166666666666666,time
fvg,2025-10-15 01:30:00,2025-10-15 09:35:00,0.16354189489498888,4183.46,4137.99,8.083333333333334,time
fvg,2025-10-15 01:35:00,2025-10-15 09:40:00,0.2613540329900779,4181.21,4137.99,8.083333333333334,time
fvg,2025-10-15 01:40:00,2025-10-15 09:45:00,0.33068327647187706,4177.32,4137.99,8.083333333333334,time
fvg,2025-10-15 01:45:00,2025-10-15 09:50:00,0.33594165701586903,4178.91,4137.99,8.083333333333334,time
fvg,2025-10-15 01:50:00,2025-10-15 09:55:00,0.3008857867225891,4179.52,4137.99,8.083333333333334,time
fvg,2025-10-15 01:55:00,2025-10-15 10:00:00,0.2745938840026292,4181.24,4137.99,8.083333333333334,time
fvg,2025-10-15 02:00:00,2025-10-15 10:05:00,0.3287739835362609,4181.84,4137.99,8.083333333333334,time
fvg,2025-10-15 02:05:00,2025-10-15 10:10:00,0.3841121787849385,4181.77,4137.99,8.083333333333334,time
fvg,2025-10-15 02:10:00,2025-10-15 10:15:00,0.5566684403267708,4179.36,4137.99,8.083333333333334,time
fvg,2025-10-15 02:15:00,2025-10-15 10:20:00,0.3682118376162008,4182.03,4137.99,8.083333333333334,time
fvg,2025-10-15 02:20:00,2025-10-15 10:25:00,0.4501862343109331,4181.43,4137.99,8.083333333333334,time
fvg,2025-10-15 02:25:00,2025-10-15 10:30:00,0.5415505962627939,4178.57,4137.99,8.083333333333334,time
fvg,2025-10-20 04:55:00,2025-10-20 05:45:00,-1.0081927340689727,4265.85,4246.21,0.8333333333333334,sl
fvg,2025-10-20 15:25:00,2025-10-20 19:55:00,2.985439027544291,4344.95,4333.72,4.5,tp
threevol,2025-10-20 15:10:00,2025-10-20 23:15:00,1.6269995152690255,4345.62,4333.72,8.083333333333334,time
fvg,2025-10-20 15:10:00,2025-10-20 23:15:00,1.6270270270270273,4345.62,4333.72,8.083333333333334,time
fvg,2025-10-20 15:15:00,2025-10-20 23:20:00,0.4338290443553602,4354.4,4333.72,8.083333333333334,time
fvg,2025-10-20 15:20:00,2025-10-20 23:25:00,1.2920729341781974,4346.12,4333.72,8.083333333333334,time
fvg,2025-10-20 15:30:00,2025-10-20 23:35:00,0.8788827104616579,4347.74,4333.72,8.083333333333334,time
fvg,2025-10-20 15:35:00,2025-10-20 23:40:00,1.023173412647097,4347.18,4333.72,8.083333333333334,time
fvg,2025-10-20 15:40:00,2025-10-20 23:45:00,0.5996120522436312,4349.55,4333.72,8.083333333333334,time
fvg,2025-10-20 15:45:00,2025-10-20 23:50:00,0.6341394025604552,4349.35,4333.72,8.083333333333334,time
fvg,2025-10-20 15:50:00,2025-10-20 23:55:00,0.5415750678908574,4350.6,4333.72,8.083333333333334,time
fvg,2025-10-20 15:55:00,2025-10-21 00:00:00,0.6896935212724687,4348.7,4333.72,8.083333333333334,time
threevol,2025-10-23 12:35:00,2025-10-23 20:40:00,-0.5392686804451511,4124.36,4106.48,8.083333333333334,time
threevol,2025-10-29 08:05:00,2025-10-29 15:45:00,-1.0136668797953963,4009.57,3998.28,7.666666666666667,sl
fvg,2025-11-05 12:05:00,2025-11-05 16:45:00,2.980633103609391,3965.37,3957.97,4.666666666666667,tp
fvg,2025-11-05 11:55:00,2025-11-05 20:00:00,2.4332905034458587,3966.49,3957.97,8.083333333333334,time
fvg,2025-11-07 11:55:00,2025-11-07 12:30:00,-1.024599973405434,4002.53,3996.27,0.5833333333333334,sl
fib,2025-11-10 14:40:00,2025-11-10 14:50:00,0.3386498144247166,4080.91,4073.59,0.16666666666666666,time
fvg,2025-11-10 14:45:00,2025-11-10 17:55:00,2.977989252127183,4080.24,4073.59,3.1666666666666665,tp
fvg,2025-11-10 14:40:00,2025-11-10 18:00:00,2.98000447828034,4080.91,4073.59,3.3333333333333335,tp
fvg,2025-11-10 14:50:00,2025-11-10 18:25:00,2.9849753694581276,4083.35,4073.59,3.5833333333333335,tp
fib,2025-11-13 13:00:00,2025-11-13 13:10:00,0.010997800439912019,4230.1,4216.9,0.16666666666666666,time
fib,2025-11-13 13:30:00,2025-11-13 13:40:00,0.5814255723283015,4223.96,4216.9,0.16666666666666666,time
fvg,2025-11-13 12:55:00,2025-11-13 14:05:00,-1.0063304147654868,4242.2,4216.9,1.1666666666666667,sl
fvg,2025-11-13 13:15:00,2025-11-13 14:05:00,-1.0127224894150533,4229.46,4216.9,0.8333333333333334,sl
fvg,2025-11-13 13:20:00,2025-11-13 14:05:00,-1.0082213178772557,4236.35,4216.9,0.75,sl
fvg,2025-11-13 13:00:00,2025-11-13 14:05:00,-1.012105890574259,4230.1,4216.9,1.0833333333333333,sl
fvg,2025-11-13 13:10:00,2025-11-13 14:05:00,-1.0120031241007934,4230.21,4216.9,0.9166666666666666,sl
fvg,2025-11-13 12:50:00,2025-11-13 14:05:00,-1.007234759731985,4238.99,4216.9,1.25,sl
fvg,2025-11-13 13:05:00,2025-11-13 14:05:00,-1.0124964031734287,4229.69,4216.9,1.0,sl
threevol,2025-11-17 01:35:00,2025-11-17 01:50:00,-1.0175211949939442,4100.78,4091.85,0.25,sl
threevol,2025-11-17 01:30:00,2025-11-17 02:00:00,-1.0164715381509892,4098.82,4089.32,0.5,sl
fvg,2025-11-19 13:00:00,2025-11-19 13:05:00,-1.0676014360224886,4109.88,4107.56,0.08333333333333333,sl
fvg,2025-11-19 12:55:00,2025-11-19 13:05:00,-1.0237763475106718,4114.16,4107.56,0.16666666666666666,sl
fvg,2025-11-19 12:50:00,2025-11-19 13:05:00,-1.0208125981465508,4115.1,4107.56,0.25,sl
threevol,2025-11-25 02:45:00,2025-11-25 03:15:00,-1.0138465342454464,4154.94,4143.56,0.5,sl
harmonic,2025-12-03 15:00:00,2025-12-03 16:55:00,-1.0125528913963329,4215.49,4202.77,1.9166666666666667,sl
harmonic,2025-12-03 15:05:00,2025-12-03 16:55:00,-1.012270803949224,4215.8,4202.77,1.8333333333333333,sl
harmonic,2025-12-04 16:40:00,2025-12-05 00:45:00,-0.2899093133726789,4210.49,4189.12,8.083333333333334,time
harmonic,2025-12-04 19:30:00,2025-12-05 03:40:00,0.0649201093997409,4207.7,4189.12,8.166666666666666,time
harmonic,2025-12-04 19:40:00,2025-12-05 03:45:00,0.0470706779904995,4207.71,4189.12,8.083333333333334,time
harmonic,2025-12-04 19:45:00,2025-12-05 03:50:00,0.17331222110263422,4206.81,4189.12,8.083333333333334,time
harmonic,2025-12-04 19:50:00,2025-12-05 03:55:00,0.15056859075860085,4206.56,4189.12,8.083333333333334,time
harmonic,2025-12-04 19:55:00,2025-12-05 04:00:00,0.012091550309486108,4208.57,4189.12,8.083333333333334,time
harmonic,2025-12-04 20:00:00,2025-12-05 04:05:00,0.28443932632791136,4207.03,4189.12,8.083333333333334,time
harmonic,2025-12-04 20:05:00,2025-12-05 04:10:00,0.24240679429969772,4208.57,4189.12,8.083333333333334,time
harmonic,2025-12-04 20:10:00,2025-12-05 04:15:00,0.2678854181661149,4206.91,4189.12,8.083333333333334,time
harmonic,2025-12-04 20:15:00,2025-12-05 04:20:00,0.20267741471138623,4207.89,4189.12,8.083333333333334,time
harmonic,2025-12-04 20:20:00,2025-12-05 04:25:00,0.17100906866273213,4208.74,4189.12,8.083333333333334,time
harmonic,2025-12-04 20:25:00,2025-12-05 04:30:00,0.44882683172592486,4207.2,4189.12,8.083333333333334,time
harmonic,2025-12-04 20:30:00,2025-12-05 04:35:00,0.37915647041888584,4206.86,4189.12,8.083333333333334,time
harmonic,2025-12-04 20:55:00,2025-12-05 05:00:00,0.2878940549877645,4209.49,4189.12,8.083333333333334,time
harmonic,2025-12-04 21:00:00,2025-12-05 05:15:00,0.38721750395854326,4208.32,4189.12,8.25,time
harmonic,2025-12-10 20:30:00,2025-12-11 03:05:00,-1.0107797844043118,4233.39,4218.47,6.583333333333333,sl
harmonic,2025-12-10 20:25:00,2025-12-11 03:05:00,-1.011619767604648,4232.3,4218.47,6.666666666666667,sl
harmonic,2025-12-10 20:20:00,2025-12-11 03:05:00,-1.0153996920061599,4228.89,4218.47,6.75,sl
harmonic,2025-12-10 20:15:00,2025-12-11 03:05:00,-1.0106397872042558,4233.41,4218.47,6.833333333333333,sl
harmonic,2025-12-10 20:10:00,2025-12-11 03:05:00,-1.0097998040039198,4234.87,4218.47,6.916666666666667,sl
fvg,2025-12-10 20:55:00,2025-12-11 03:05:00,-1.0149716998356764,4229.15,4218.47,6.166666666666667,sl
fvg,2025-12-10 20:30:00,2025-12-11 03:05:00,-1.0107266751871462,4233.39,4218.47,6.583333333333333,sl
fvg,2025-12-10 20:50:00,2025-12-11 03:05:00,-1.0120503925506663,4231.73,4218.47,6.25,sl
fvg,2025-12-10 20:45:00,2025-12-11 03:05:00,-1.0094942486762826,4235.3,4218.47,6.333333333333333,sl
fvg,2025-12-10 20:10:00,2025-12-11 03:05:00,-1.0097452985210882,4234.87,4218.47,6.916666666666667,sl
fvg,2025-12-10 20:15:00,2025-12-11 03:05:00,-1.0107038524739822,4233.41,4218.47,6.833333333333333,sl
fvg,2025-12-10 20:20:00,2025-12-11 03:05:00,-1.0153368632463027,4228.89,4218.47,6.75,sl
fvg,2025-12-10 20:25:00,2025-12-11 03:05:00,-1.0115482928610553,4232.3,4218.47,6.666666666666667,sl
fvg,2025-12-10 21:00:00,2025-12-11 03:05:00,-1.0139218550301259,4229.95,4218.47,6.083333333333333,sl
fvg,2025-12-10 20:40:00,2025-12-11 03:05:00,-1.01168522914004,4232.16,4218.47,6.416666666666667,sl
fvg,2025-12-10 20:35:00,2025-12-11 03:05:00,-1.0128720102245754,4230.88,4218.47,6.5,sl
fvg,2025-12-10 20:00:00,2025-12-11 04:05:00,-0.3590697462114296,4223.41,4202.12,8.083333333333334,time
harmonic,2025-12-10 20:00:00,2025-12-11 04:05:00,-0.3590928181436371,4223.41,4202.12,8.083333333333334,time
fvg,2025-12-10 20:05:00,2025-12-11 04:10:00,-0.4265565090377944,4227.45,4202.12,8.083333333333334,time
harmonic,2025-12-10 20:05:00,2025-12-11 04:10:00,-0.42657146857062855,4227.45,4202.12,8.083333333333334,time
fvg,2025-12-11 23:35:00,2025-12-12 07:40:00,0.8362439757475255,4275.7,4261.86,8.083333333333334,time
fvg,2025-12-11 23:40:00,2025-12-12 07:45:00,0.9347826086956521,4274.99,4261.86,8.083333333333334,time
fvg,2025-12-11 23:45:00,2025-12-12 07:50:00,0.8998289889620148,4274.6,4261.86,8.083333333333334,time
fvg,2025-12-11 23:50:00,2025-12-12 07:55:00,0.6373788671814272,4277.1,4261.86,8.083333333333334,time
fvg,2025-12-11 23:55:00,2025-12-12 08:00:00,1.0905062963154895,4275.71,4261.86,8.083333333333334,time
harmonic,2025-12-16 17:45:00,2025-12-16 19:25:00,-1.0217068093963722,4304.93,4297.45,1.6666666666666667,sl
harmonic,2025-12-16 17:50:00,2025-12-16 19:25:00,-1.02066607195956,4305.3,4297.45,1.5833333333333333,sl
harmonic,2025-12-16 18:05:00,2025-12-16 19:25:00,-1.0233422539399344,4304.39,4297.45,1.3333333333333333,sl
harmonic,2025-12-16 17:35:00,2025-12-16 19:25:00,-1.0218554861730598,4304.86,4297.45,1.8333333333333333,sl
harmonic,2025-12-16 17:30:00,2025-12-16 19:25:00,-1.015462384775498,4307.96,4297.45,1.9166666666666667,sl
harmonic,2025-12-16 17:20:00,2025-12-16 19:25:00,-1.0203687184061847,4305.41,4297.45,2.0833333333333335,sl
harmonic,2025-12-16 17:15:00,2025-12-16 19:25:00,-1.0227475468331846,4304.55,4297.45,2.1666666666666665,sl
harmonic,2025-12-16 17:10:00,2025-12-16 19:25:00,-1.0248290217068095,4303.98,4297.45,2.25,sl
harmonic,2025-12-16 17:00:00,2025-12-16 19:25:00,-1.0199226880761223,4305.56,4297.45,2.4166666666666665,sl
harmonic,2025-12-16 17:40:00,2025-12-16 19:25:00,-1.0199226880761223,4305.59,4297.45,1.75,sl
fvg,2025-12-18 16:00:00,2025-12-19 00:05:00,-0.4579320957013799,4342.98,4319.51,8.083333333333334,time
fvg,2025-12-18 16:05:00,2025-12-19 00:10:00,-0.6220589695224858,4346.16,4319.51,8.083333333333334,time
fvg,2025-12-18 16:10:00,2025-12-19 00:15:00,-0.7917948972500743,4361.74,4319.51,8.083333333333334,time
fvg,2025-12-18 16:15:00,2025-12-19 00:20:00,-0.7811724411793904,4371.89,4319.51,8.083333333333334,time
fvg,2025-12-18 16:20:00,2025-12-19 00:25:00,-0.7625831430556934,4367.45,4319.51,8.083333333333334,time
fvg,2025-12-18 16:25:00,2025-12-19 00:30:00,-0.7652387570733644,4366.8,4319.51,8.083333333333334,time
fvg,2025-12-18 16:30:00,2025-12-19 00:35:00,-0.7622108607167676,4366.24,4319.51,8.083333333333334,time
fvg,2025-12-18 16:35:00,2025-12-19 00:40:00,-0.8264916112379628,4368.74,4319.51,8.083333333333334,time
fvg,2025-12-18 16:40:00,2025-12-19 00:45:00,-0.8165640821999404,4366.51,4319.51,8.083333333333334,time
fvg,2025-12-26 02:30:00,2025-12-26 10:15:00,2.9788511610606303,4497.16,4489.25,7.75,tp
fvg,2025-12-26 02:35:00,2025-12-26 10:40:00,1.7595515170837983,4498.45,4489.25,8.083333333333334,time
fvg,2025-12-26 02:40:00,2025-12-26 10:45:00,1.4841915085817525,4498.56,4489.25,8.083333333333334,time
fvg,2025-12-26 02:45:00,2025-12-26 10:50:00,0.6542855624634678,4502.62,4489.25,8.083333333333334,time
fvg,2025-12-26 02:50:00,2025-12-26 10:55:00,0.38591317285721877,4506.89,4489.25,8.083333333333334,time
fvg,2025-12-26 02:55:00,2025-12-26 11:00:00,0.12224347733673414,4508.21,4489.25,8.083333333333334,time
fvg,2025-12-26 03:00:00,2025-12-26 11:05:00,0.17102396514161222,4505.55,4489.25,8.083333333333334,time
fvg,2025-12-26 03:20:00,2025-12-26 11:25:00,-0.18954248366013074,4508.36,4489.25,8.083333333333334,time
fvg,2025-12-26 03:25:00,2025-12-26 11:30:00,0.2879802327435039,4502.16,4489.25,8.083333333333334,time
fvg,2025-12-26 03:30:00,2025-12-26 11:35:00,0.7687443541102077,4499.94,4489.25,8.083333333333334,time
fvg,2025-12-26 03:35:00,2025-12-26 11:40:00,0.5287209734842446,4501.01,4489.25,8.083333333333334,time
fvg,2025-12-26 03:40:00,2025-12-26 11:45:00,0.06676762846059833,4502.55,4489.25,8.083333333333334,time
fvg,2025-12-26 03:45:00,2025-12-26 11:50:00,0.22373664913119717,4501.89,4489.25,8.083333333333334,time
fvg,2025-12-26 03:50:00,2025-12-26 11:55:00,0.35294117647058826,4504.09,4489.25,8.083333333333334,time
fvg,2025-12-26 03:55:00,2025-12-26 12:00:00,0.5823369998405866,4501.37,4489.25,8.083333333333334,time
fvg,2025-12-26 04:00:00,2025-12-26 12:05:00,0.40740740740740744,4502.72,4489.25,8.083333333333334,time
fvg,2025-12-26 04:05:00,2025-12-26 12:15:00,0.1892502258355917,4505.62,4489.25,8.166666666666666,time
fvg,2025-12-26 04:15:00,2025-12-26 12:20:00,0.27071045220256124,4505.57,4489.25,8.083333333333334,time
fvg,2026-01-02 07:05:00,2026-01-02 08:00:00,2.954228974757746,4372.61,4369.03,0.9166666666666666,tp
fvg,2026-01-02 06:40:00,2026-01-02 08:30:00,2.9646847709056106,4373.67,4369.03,1.8333333333333333,tp
fvg,2026-01-02 06:50:00,2026-01-02 08:30:00,2.966407465007776,4373.91,4369.03,1.6666666666666667,tp
fvg,2026-01-02 07:00:00,2026-01-02 08:30:00,2.9634884555568846,4373.52,4369.03,1.5,tp
fvg,2026-01-02 06:55:00,2026-01-02 08:40:00,2.9677951908122986,4374.12,4369.03,1.75,tp
fvg,2026-01-02 06:05:00,2026-01-02 08:45:00,2.96918291661682,4374.35,4369.03,2.6666666666666665,tp
fvg,2026-01-02 06:10:00,2026-01-02 08:45:00,2.9708816844120114,4374.66,4369.03,2.5833333333333335,tp
fvg,2026-01-02 06:35:00,2026-01-02 08:45:00,2.9755473142720423,4375.74,4369.03,2.1666666666666665,tp
fvg,2026-01-02 06:45:00,2026-01-02 08:45:00,2.9735853571001316,4375.24,4369.03,2.0,tp
threevol,2026-01-02 02:55:00,2026-01-02 08:45:00,2.984429641965029,4362.39,4352.51,5.833333333333333,tp
fvg,2026-01-02 06:00:00,2026-01-02 13:10:00,2.9790884077042707,4376.88,4369.03,7.166666666666667,tp
fvg,2026-01-02 06:15:00,2026-01-02 13:15:00,2.9796387127646846,4377.09,4369.03,7.0,tp
fvg,2026-01-02 06:30:00,2026-01-02 13:30:00,-1.018040435458787,4378.11,4369.03,7.0,sl
fvg,2026-01-02 05:55:00,2026-01-02 13:30:00,-1.0147386050963034,4380.14,4369.03,7.583333333333333,sl
fvg,2026-01-02 06:20:00,2026-01-02 13:30:00,-1.0193085297284363,4377.51,4369.03,7.166666666666667,sl
fvg,2026-01-02 06:25:00,2026-01-02 13:30:00,-1.0157435099892331,4379.43,4369.03,7.083333333333333,sl
threevol,2026-01-05 05:55:00,2026-01-05 09:40:00,2.979626485568761,4411.99,4403.4,3.75,tp
fvg,2026-01-05 03:35:00,2026-01-05 11:40:00,0.27536420637430925,4408.27,4351.87,8.083333333333334,time
fvg,2026-01-05 03:40:00,2026-01-05 11:45:00,0.2866950713528197,4409.11,4351.87,8.083333333333334,time
fvg,2026-01-05 03:45:00,2026-01-05 11:55:00,0.2298174781848289,4406.35,4351.87,8.166666666666666,time
fvg,2026-01-05 03:55:00,2026-01-05 12:00:00,0.4093437773271066,4399.41,4351.87,8.083333333333334,time
fvg,2026-01-05 04:00:00,2026-01-05 12:05:00,0.32295756042197704,4402.28,4351.87,8.083333333333334,time
fvg,2026-01-05 04:05:00,2026-01-05 12:10:00,0.37295104843061005,4399.68,4351.87,8.083333333333334,time
threevol,2026-01-11 23:25:00,2026-01-12 00:15:00,2.980215121300149,4537.25,4528.76,0.8333333333333334,tp
threevol,2026-01-12 00:10:00,2026-01-12 00:40:00,2.9843714263932304,4553.06,4541.59,0.5,tp
threevol,2026-01-23 04:35:00,2026-01-23 06:10:00,-1.0287237192774652,4955.56,4949.34,1.5833333333333333,sl
fvg,2026-01-23 05:00:00,2026-01-23 06:10:00,-1.0275896068800556,4955.82,4949.34,1.1666666666666667,sl
fvg,2026-01-23 04:40:00,2026-01-23 06:10:00,-1.025690653130535,4956.3,4949.34,1.5,sl
fvg,2026-01-23 04:45:00,2026-01-23 06:10:00,-1.0216188580714665,4957.61,4949.34,1.4166666666666667,sl
fvg,2026-01-23 04:50:00,2026-01-23 06:10:00,-1.021874486460825,4957.51,4949.34,1.3333333333333333,sl
fvg,2026-01-23 04:55:00,2026-01-23 06:10:00,-1.02729746014936,4955.89,4949.34,1.25,sl
fvg,2026-01-23 05:05:00,2026-01-23 06:10:00,-1.024485547866416,4956.64,4949.34,1.0833333333333333,sl
fvg,2026-01-23 05:10:00,2026-01-23 06:10:00,-1.0270783501013385,4955.94,4949.34,1.0,sl
fvg,2026-01-23 05:15:00,2026-01-23 06:10:00,-1.0231343692369494,4957.07,4949.34,0.9166666666666666,sl
fvg,2026-01-23 04:35:00,2026-01-23 06:10:00,-1.028739934632169,4955.56,4949.34,1.5833333333333333,sl
fvg,2026-01-23 01:00:00,2026-01-23 08:20:00,-1.0096956196249567,4945.89,4927.48,7.333333333333333,sl
fvg,2026-01-23 19:55:00,2026-01-23 20:05:00,-1.0212978030919446,4983.74,4975.31,0.16666666666666666,sl
fvg,2026-01-23 19:50:00,2026-01-23 20:05:00,-1.0138527257933279,4988.27,4975.31,0.25,sl
fvg,2026-01-23 20:00:00,2026-01-23 20:05:00,-1.0345099667774087,4980.51,4975.31,0.08333333333333333,sl
threevol,2026-01-23 19:50:00,2026-01-23 20:05:00,-1.01383798339442,4988.27,4975.31,0.25,sl
fvg,2026-01-23 20:30:00,2026-01-23 21:05:00,2.930152535616122,4977.88,4975.31,0.5833333333333334,tp
fvg,2026-01-23 20:05:00,2026-01-23 21:50:00,2.9335095780617277,4978.01,4975.31,1.75,tp
fvg,2026-01-23 19:00:00,2026-01-24 03:05:00,0.2773189585028479,4976.01,4948.62,8.083333333333334,time
fvg,2026-01-23 19:05:00,2026-01-24 03:10:00,0.32670870626525633,4974.99,4948.62,8.083333333333334,time
fvg,2026-01-23 19:10:00,2026-01-24 03:15:00,0.3932872253864931,4973.73,4948.62,8.083333333333334,time
fvg,2026-01-23 19:15:00,2026-01-24 03:20:00,0.2318755085435313,4977.02,4948.62,8.083333333333334,time
fvg,2026-01-23 19:20:00,2026-01-24 03:25:00,0.26759560618388933,4976.22,4948.62,8.083333333333334,time
fvg,2026-01-23 19:25:00,2026-01-24 03:30:00,0.2379780309194467,4976.88,4948.62,8.083333333333334,time
fvg,2026-01-23 19:30:00,2026-01-24 03:35:00,0.2639340927583401,4976.3,4948.62,8.083333333333334,time
fvg,2026-01-23 19:35:00,2026-01-24 03:40:00,0.3378763222131814,4974.77,4948.62,8.083333333333334,time
fvg,2026-01-23 19:40:00,2026-01-24 03:45:00,0.17876322213181448,4978.3,4948.62,8.083333333333334,time
fvg,2026-01-23 19:45:00,2026-01-24 03:50:00,0.0338486574450773,4982.46,4948.62,8.083333333333334,time
fvg,2026-01-23 20:10:00,2026-01-24 04:15:00,0.48133694215396233,4980.91,4975.31,8.083333333333334,time
fvg,2026-01-23 20:15:00,2026-01-24 04:20:00,0.5922242504353664,4980.52,4975.31,8.083333333333334,time
fvg,2026-01-23 20:20:00,2026-01-24 04:25:00,0.329388808459747,4981.55,4975.31,8.083333333333334,time
fvg,2026-01-23 20:25:00,2026-01-24 04:30:00,0.577075596399572,4980.57,4975.31,8.083333333333334,time
fvg,2026-01-23 20:35:00,2026-01-24 04:40:00,0.1749858374771826,4982.37,4975.31,8.083333333333334,time
fvg,2026-01-23 20:40:00,2026-01-24 04:45:00,0.23077568662008768,4982.05,4975.31,8.083333333333334,time
fvg,2026-01-23 20:45:00,2026-01-24 04:50:00,0.2781939111642643,4981.8,4975.31,8.083333333333334,time
threevol,2026-01-26 01:30:00,2026-01-26 04:45:00,-1.00921867915974,5083.38,5063.72,3.25,sl
threevol,2026-01-26 06:40:00,2026-01-26 07:00:00,-1.0110687022900762,5091.74,5075.24,0.3333333333333333,sl
fvg,2026-01-28 11:55:00,2026-01-28 20:00:00,2.3111043998565473,5261.18,5230.62,8.083333333333334,time
fvg,2026-01-28 12:10:00,2026-01-28 20:15:00,2.5666018611147816,5260.8,5230.62,8.083333333333334,time
fvg,2026-01-28 12:15:00,2026-01-28 20:20:00,2.512542705600332,5261.11,5230.62,8.083333333333334,time
fvg,2026-01-28 12:20:00,2026-01-28 20:25:00,2.3877951641216333,5267.1,5230.62,8.083333333333334,time
fvg,2026-01-28 12:45:00,2026-01-28 20:35:00,2.9948847656618662,5267.41,5230.62,7.833333333333333,tp
fvg,2026-01-28 12:40:00,2026-01-28 20:40:00,2.9951112705034073,5269.22,5230.62,8.0,tp
fvg,2026-01-28 12:50:00,2026-01-28 20:55:00,2.3392853772249382,5274.23,5230.62,8.083333333333334,time
fvg,2026-01-28 12:55:00,2026-01-28 21:00:00,2.2439079635327204,5278.82,5230.62,8.083333333333334,time
threevol,2026-01-28 23:15:00,2026-01-29 01:05:00,-1.0041640962368907,5491.69,5445.32,1.8333333333333333,sl
threevol,2026-01-29 03:50:00,2026-01-29 05:20:00,-1.0099711770662927,5543.74,5524.3,1.5,sl
threevol,2026-02-04 00:10:00,2026-02-04 05:10:00,2.9947277305634246,4986.37,4954.12,5.0,tp
threevol,2026-02-04 03:35:00,2026-02-04 09:30:00,-1.0085772741580106,5069.76,5048.68,5.916666666666667,sl
threevol,2026-02-06 18:35:00,2026-02-06 19:35:00,-1.01141975308642,4964.53,4948.91,1.0,sl
threevol,2026-02-11 05:35:00,2026-02-11 05:50:00,-1.0151999376412817,5061.78,5049.82,0.25,sl
fvg,2026-02-11 12:50:00,2026-02-11 13:30:00,-1.005363780367309,5078.05,5044.23,0.6666666666666666,sl
fvg,2026-02-11 12:55:00,2026-02-11 13:30:00,-1.0047050704976397,5082.86,5044.23,0.5833333333333334,sl
threevol,2026-02-22 23:10:00,2026-02-23 07:15:00,-0.042286794235766596,5145.78,5113.96,8.083333333333334,time
fvg,2026-02-23 14:05:00,2026-02-23 14:30:00,2.9729189007506527,5149.82,5142.65,0.4166666666666667,tp
fvg,2026-02-23 14:10:00,2026-02-23 14:45:00,2.985931272907697,5156.49,5142.65,0.5833333333333334,tp
fvg,2026-02-23 14:15:00,2026-02-23 16:15:00,2.9883640903343522,5159.39,5142.65,2.0,tp
fvg,2026-02-23 14:20:00,2026-02-23 20:20:00,2.9905408217160967,5163.27,5142.65,6.0,tp
fvg,2026-02-23 14:25:00,2026-02-23 20:50:00,2.991218117102134,5164.89,5142.65,6.416666666666667,tp
fvg,2026-02-23 14:30:00,2026-02-23 22:35:00,1.930071343084073,5171.25,5142.65,8.083333333333334,time
fvg,2026-02-23 14:35:00,2026-02-23 22:40:00,1.0493961484060494,5183.54,5142.65,8.083333333333334,time
threevol,2026-02-23 14:40:00,2026-02-23 22:55:00,1.6646970771291263,5190.16,5168.36,8.25,time
fvg,2026-02-23 14:40:00,2026-02-23 22:55:00,1.6646626990121145,5190.16,5168.36,8.25,time
fvg,2026-02-23 14:55:00,2026-02-23 23:00:00,2.100570979728709,5192.05,5168.36,8.083333333333334,time
fvg,2026-02-23 15:00:00,2026-02-23 23:05:00,2.632292075768104,5188.16,5168.36,8.083333333333334,time
fvg,2026-02-23 15:05:00,2026-02-23 23:10:00,1.6816259327512764,5196.6,5168.36,8.083333333333334,time
fvg,2026-02-23 15:10:00,2026-02-23 23:15:00,1.5712667291018398,5198.66,5168.36,8.083333333333334,time
fvg,2026-02-23 15:15:00,2026-02-23 23:20:00,1.2854596537868948,5199.15,5168.36,8.083333333333334,time
fvg,2026-02-23 15:20:00,2026-02-23 23:25:00,1.6813238270747106,5193.56,5168.36,8.083333333333334,time
fvg,2026-02-23 15:25:00,2026-02-23 23:30:00,1.663514697441165,5197.22,5168.36,8.083333333333334,time
fib,2026-03-02 13:10:00,2026-03-02 13:20:00,1.874279467302723,5383.68,5372.18,0.16666666666666666,time
fvg,2026-03-02 13:05:00,2026-03-02 14:05:00,-1.0076532144702222,5396.99,5372.18,1.0,sl
fvg,2026-03-02 13:10:00,2026-03-02 14:05:00,-1.0165078754820804,5383.68,5372.18,0.9166666666666666,sl
fvg,2026-03-02 13:15:00,2026-03-02 14:05:00,-1.00931121069768,5392.57,5372.18,0.8333333333333334,sl
fvg,2026-03-02 13:20:00,2026-03-02 14:05:00,-1.005754928934437,5405.23,5372.18,0.75,sl
fvg,2026-03-02 13:25:00,2026-03-02 14:05:00,-1.0065719125827495,5401.09,5372.18,0.6666666666666666,sl
fvg,2026-03-02 13:30:00,2026-03-02 14:05:00,-1.0068122018910768,5400.09,5372.18,0.5833333333333334,sl
fvg,2026-03-02 13:35:00,2026-03-02 14:05:00,-1.0070284622685712,5399.2,5372.18,0.5,sl
fvg,2026-03-02 13:40:00,2026-03-02 14:05:00,-1.00931121069768,5392.57,5372.18,0.4166666666666667,sl
fvg,2026-03-02 13:45:00,2026-03-02 14:05:00,-1.0085542993764494,5394.39,5372.18,0.3333333333333333,sl
fvg,2026-03-02 13:55:00,2026-03-02 14:05:00,-1.0089267478043564,5393.46,5372.18,0.16666666666666666,sl
fvg,2026-03-02 13:50:00,2026-03-02 14:05:00,-1.0091670371126837,5392.91,5372.18,0.25,sl
threevol,2026-03-05 02:55:00,2026-03-05 04:00:00,-1.0127857419604802,5191.53,5177.08,1.0833333333333333,sl
harmonic,2026-03-06 15:00:00,2026-03-06 23:05:00,0.27752939228349066,5147.28,5059.59,8.083333333333334,time
harmonic,2026-03-06 15:05:00,2026-03-06 23:10:00,0.2346414969365789,5150.32,5059.59,8.083333333333334,time
harmonic,2026-03-06 15:10:00,2026-03-06 23:15:00,0.2579897333995695,5148.64,5059.59,8.083333333333334,time
harmonic,2026-03-06 15:30:00,2026-03-06 23:35:00,0.18148700115913233,5154.41,5059.59,8.083333333333334,time
harmonic,2026-03-06 15:35:00,2026-03-06 23:40:00,0.16078820996853785,5156.1,5059.59,8.083333333333334,time
fvg,2026-03-09 23:20:00,2026-03-10 00:00:00,-1.012811157058299,5145.72,5131.39,0.6666666666666666,sl
fvg,2026-03-09 23:25:00,2026-03-10 00:00:00,-1.014081461661126,5144.43,5131.39,0.5833333333333334,sl
fvg,2026-03-09 23:30:00,2026-03-10 00:00:00,-1.0163517932917105,5142.62,5131.39,0.5,sl
fvg,2026-03-09 23:35:00,2026-03-10 00:00:00,-1.011243547122895,5147.72,5131.39,0.4166666666666667,sl
fvg,2026-03-09 23:40:00,2026-03-10 00:00:00,-1.0336090164599043,5136.85,5131.39,0.3333333333333333,sl
fvg,2026-03-09 23:45:00,2026-03-10 00:00:00,-1.0186356388010487,5141.24,5131.39,0.25,sl
fvg,2026-03-09 23:50:00,2026-03-10 00:00:00,-1.0187437498310765,5141.18,5131.39,0.16666666666666666,sl
fvg,2026-03-09 23:55:00,2026-03-10 00:00:00,-1.0232666424154238,5139.28,5131.39,0.08333333333333333,sl
fib,2026-03-10 00:00:00,2026-03-10 00:10:00,2.9261463414634146,5133.74,5131.39,0.16666666666666666,tp
fvg,2026-03-10 00:00:00,2026-03-10 00:10:00,2.926141542442151,5133.74,5131.39,0.16666666666666666,tp
fvg,2026-03-10 00:05:00,2026-03-10 00:20:00,-1.0249667918815077,5138.74,5131.39,0.25,sl
fvg,2026-03-10 00:10:00,2026-03-10 00:20:00,-1.037364489451959,5136.3,5131.39,0.16666666666666666,sl
fvg,2026-03-10 00:15:00,2026-03-10 00:20:00,-1.135877729002902,5132.74,5131.39,0.08333333333333333,sl
threevol,2026-03-17 01:55:00,2026-03-17 06:00:00,-1.018161891341788,5027.57,5017.61,4.083333333333333,sl
harmonic,2026-04-07 17:15:00,2026-04-07 22:00:00,2.9936128398296753,4656.0,4628.73,4.75,tp
harmonic,2026-04-07 17:00:00,2026-04-07 22:35:00,2.9952505732066816,4665.28,4628.73,5.583333333333333,tp
harmonic,2026-04-07 17:05:00,2026-04-07 22:50:00,2.9954143465443828,4666.99,4628.73,5.75,tp
harmonic,2026-04-07 17:10:00,2026-04-07 22:50:00,2.995578119882083,4667.69,4628.73,5.666666666666667,tp
fvg,2026-04-13 18:55:00,2026-04-13 19:05:00,-1.0243841274524266,4738.05,4730.95,0.16666666666666666,sl
fvg,2026-04-13 18:50:00,2026-04-13 19:05:00,-1.021537099867237,4738.99,4730.95,0.25,sl
threevol,2026-04-13 18:50:00,2026-04-13 19:05:00,-1.0215121796899715,4738.99,4730.95,0.25,sl
fvg,2026-04-13 19:00:00,2026-04-13 19:05:00,-1.041504148908935,4735.12,4730.95,0.08333333333333333,sl
fvg,2026-04-13 19:05:00,2026-04-13 19:25:00,2.9441341632299003,4734.05,4730.95,0.3333333333333333,tp
fvg,2026-04-13 19:45:00,2026-04-14 00:35:00,2.9821127635041242,4740.66,4730.95,4.833333333333333,tp
fvg,2026-04-13 19:55:00,2026-04-14 00:35:00,2.982319723265234,4740.77,4730.95,4.666666666666667,tp
fvg,2026-04-13 19:35:00,2026-04-14 00:40:00,2.982911036868403,4741.11,4730.95,5.083333333333333,tp
fvg,2026-04-13 19:40:00,2026-04-14 00:40:00,2.9833693049108594,4741.39,4730.95,5.0,tp
fvg,2026-04-13 20:10:00,2026-04-14 00:40:00,2.984271058155693,4741.99,4730.95,4.5,tp
fvg,2026-04-13 20:15:00,2026-04-14 00:40:00,2.983487567631493,4741.47,4730.95,4.416666666666667,tp
fvg,2026-04-13 20:00:00,2026-04-14 00:40:00,2.9840788812346624,4741.86,4730.95,4.666666666666667,tp
fvg,2026-04-13 20:05:00,2026-04-14 01:05:00,2.98452236643704,4742.18,4730.95,5.0,tp
fvg,2026-04-13 19:25:00,2026-04-14 03:30:00,2.0559530496999083,4742.77,4730.95,8.083333333333334,time
fvg,2026-04-13 19:30:00,2026-04-14 03:35:00,1.9225527008248824,4743.07,4730.95,8.083333333333334,time
fvg,2026-04-14 02:05:00,2026-04-14 05:35:00,-1.020097623849817,4768.46,4759.81,3.5,sl
fvg,2026-04-14 02:00:00,2026-04-14 05:35:00,-1.030027091215047,4765.6,4759.81,3.5833333333333335,sl
fvg,2026-04-14 01:55:00,2026-04-14 05:35:00,-1.0366745831891253,4764.55,4759.81,3.6666666666666665,sl
fvg,2026-04-14 01:50:00,2026-04-14 05:35:00,-1.0365194352615437,4764.57,4759.81,3.75,sl
fvg,2026-04-14 01:45:00,2026-04-14 05:35:00,-1.0221503502762828,4767.66,4759.81,3.8333333333333335,sl
fvg,2026-04-14 01:40:00,2026-04-14 05:35:00,-1.0135814108913845,4772.62,4759.81,3.9166666666666665,sl
threevol,2026-04-14 13:20:00,2026-04-14 17:05:00,2.987055533359968,4791.19,4778.41,3.75,tp
threevol,2026-04-16 06:45:00,2026-04-16 08:00:00,-1.0138102257739157,4828.34,4815.65,1.25,sl
harmonic,2026-04-17 12:10:00,2026-04-17 13:10:00,2.9937116115823343,4803.49,4776.85,1.0,tp
harmonic,2026-04-17 12:05:00,2026-04-17 13:10:00,2.9938578531734428,4803.74,4776.85,1.0833333333333333,tp
harmonic,2026-04-17 12:00:00,2026-04-17 13:10:00,2.9938578531734428,4803.78,4776.85,1.1666666666666667,tp
harmonic,2026-04-17 12:15:00,2026-04-17 20:20:00,1.4900555718046213,4805.44,4776.85,8.083333333333334,time
harmonic,2026-04-17 12:20:00,2026-04-17 20:25:00,0.9608072535829191,4811.78,4776.85,8.083333333333334,time
harmonic,2026-04-17 12:25:00,2026-04-17 20:30:00,0.7404211757823926,4816.49,4776.85,8.083333333333334,time
harmonic,2026-04-17 12:30:00,2026-04-17 20:35:00,0.5902310617139515,4817.3,4776.85,8.083333333333334,time
threevol,2026-04-30 06:55:00,2026-04-30 09:30:00,2.9882426712650885,4589.14,4575.58,2.5833333333333335,tp
threevol,2026-05-18 00:05:00,2026-05-18 03:40:00,-1.0079914757591903,4523.68,4544.59,3.5833333333333335,sl
threevol,2026-05-19 13:25:00,2026-05-19 21:30:00,0.33720304451449223,4492.03,4521.8,8.083333333333334,time
threevol,2026-05-26 04:30:00,2026-05-26 07:55:00,-1.022527009424565,4530.23,4537.68,3.4166666666666665,sl
fvg,2026-06-01 11:55:00,2026-06-01 13:10:00,2.985846388431175,4505.84,4516.91,1.25,tp
fvg,2026-06-01 12:45:00,2026-06-01 13:10:00,2.984542928112934,4506.77,4516.91,0.4166666666666667,tp
fvg,2026-06-01 12:05:00,2026-06-01 13:10:00,2.983153390226507,4507.6,4516.91,1.0833333333333333,tp
fvg,2026-06-01 12:40:00,2026-06-01 13:10:00,2.9835222940901605,4507.39,4516.91,0.5,tp
fvg,2026-06-01 12:00:00,2026-06-01 13:10:00,2.985649639703893,4505.99,4516.91,1.1666666666666667,tp
fvg,2026-06-01 12:25:00,2026-06-01 13:20:00,2.9861906987039175,4505.56,4516.91,0.9166666666666666,tp
fvg,2026-06-01 12:15:00,2026-06-01 13:25:00,2.9884041218858366,4503.41,4516.91,1.1666666666666667,tp
fvg,2026-06-01 12:10:00,2026-06-01 13:25:00,2.9884164186812914,4503.39,4516.91,1.25,tp
threevol,2026-06-03 04:35:00,2026-06-03 08:50:00,2.980258573972285,4471.61,4479.51,4.25,tp
threevol,2026-06-03 15:10:00,2026-06-03 23:15:00,-0.22229739888738534,4445.82,4455.27,8.083333333333334,time
threevol,2026-06-05 01:40:00,2026-06-05 07:10:00,-1.0132600015068185,4446.04,4458.54,5.5,sl
threevol,2026-06-09 19:15:00,2026-06-09 23:40:00,2.9854620185720813,4255.34,4267.05,4.416666666666667,tp
fvg,2026-06-18 13:05:00,2026-06-18 13:15:00,-1.0184920493121314,4251.81,4260.5,0.16666666666666666,sl
threevol,2026-06-18 12:35:00,2026-06-18 13:15:00,-1.0089430894308942,4242.52,4260.5,0.6666666666666666,sl
fvg,2026-06-18 13:10:00,2026-06-18 13:15:00,-1.1275891168961576,4259.24,4260.5,0.08333333333333333,sl
fvg,2026-06-18 12:35:00,2026-06-18 13:15:00,-1.0089333571556192,4242.52,4260.5,0.6666666666666666,sl
fvg,2026-06-18 12:40:00,2026-06-18 13:15:00,-1.0092708395370535,4243.18,4260.5,0.5833333333333334,sl
fvg,2026-06-18 12:45:00,2026-06-18 13:15:00,-1.010064915728664,4244.54,4260.5,0.5,sl
fvg,2026-06-18 12:50:00,2026-06-18 13:15:00,-1.0097869890616005,4244.1,4260.5,0.4166666666666667,sl
fvg,2026-06-18 12:55:00,2026-06-18 13:15:00,-1.0116034383499095,4246.66,4260.5,0.3333333333333333,sl
fvg,2026-06-18 13:00:00,2026-06-18 13:15:00,-1.011692771921466,4246.77,4260.5,0.25,sl
fvg,2026-06-18 13:15:00,2026-06-18 13:20:00,2.920287819529376,4258.61,4260.5,0.08333333333333333,tp
fvg,2026-06-18 13:20:00,2026-06-18 13:25:00,-1.0530437429798134,4257.47,4260.5,0.08333333333333333,sl
harmonic,2026-06-23 02:00:00,2026-06-23 04:55:00,2.988068992348593,4159.14,4172.39,2.9166666666666665,tp
harmonic,2026-06-23 02:35:00,2026-06-23 04:55:00,2.9891064712748023,4157.98,4172.39,2.3333333333333335,tp
harmonic,2026-06-23 02:25:00,2026-06-23 04:55:00,2.9849565555699646,4161.86,4172.39,2.5,tp
harmonic,2026-06-23 02:20:00,2026-06-23 04:55:00,2.9870315134223837,4160.23,4172.39,2.5833333333333335,tp
harmonic,2026-06-23 02:15:00,2026-06-23 04:55:00,2.98884710154325,4158.31,4172.39,2.6666666666666665,tp
harmonic,2026-06-23 01:55:00,2026-06-23 04:55:00,2.9858643496303983,4161.22,4172.39,3.0,tp
harmonic,2026-06-23 01:50:00,2026-06-23 06:10:00,2.989754895603683,4157.06,4172.39,4.333333333333333,tp
harmonic,2026-06-23 02:30:00,2026-06-23 07:40:00,2.9901439502010114,4156.36,4172.39,5.166666666666667,tp
threevol,2026-06-23 01:40:00,2026-06-23 07:50:00,2.991190085112737,4154.51,4172.39,6.166666666666667,tp
harmonic,2026-06-23 02:45:00,2026-06-23 07:50:00,2.9914407988587732,4154.12,4172.39,5.083333333333333,tp
harmonic,2026-06-23 02:40:00,2026-06-23 07:50:00,2.9909220593956687,4154.98,4172.39,5.166666666666667,tp
harmonic,2026-06-23 01:40:00,2026-06-23 07:50:00,2.991181429127221,4154.51,4172.39,6.166666666666667,tp
harmonic,2026-06-23 02:50:00,2026-06-23 08:00:00,2.9919595383218778,4152.81,4172.39,5.166666666666667,tp
harmonic,2026-06-23 01:45:00,2026-06-23 09:50:00,1.5971988068992349,4150.48,4172.39,8.083333333333334,time
harmonic,2026-06-23 02:55:00,2026-06-23 11:00:00,1.1025807288289455,4146.89,4172.39,8.083333333333334,time
harmonic,2026-06-23 03:00:00,2026-06-23 11:05:00,0.5485669822331734,4142.19,4172.39,8.083333333333334,time
harmonic,2026-06-26 05:45:00,2026-06-26 06:55:00,-1.0093222709051926,4011.72,4028.23,1.1666666666666667,sl
harmonic,2026-06-26 05:55:00,2026-06-26 06:55:00,-1.0076442621422579,4007.98,4028.23,1.0,sl
harmonic,2026-06-26 05:40:00,2026-06-26 06:55:00,-1.0090426027780368,4011.21,4028.23,1.25,sl
fvg,2026-06-29 12:10:00,2026-06-29 20:15:00,1.472108468246727,4047.62,4068.59,8.083333333333334,time
fvg,2026-06-29 12:15:00,2026-06-29 20:20:00,1.0833138831717202,4043.62,4068.59,8.083333333333334,time
fvg,2026-06-29 12:20:00,2026-06-29 20:25:00,0.7703961467461647,4039.89,4068.59,8.083333333333334,time
fvg,2026-06-29 12:25:00,2026-06-29 20:30:00,0.7124063739947802,4038.41,4068.59,8.083333333333334,time
fvg,2026-06-29 12:30:00,2026-06-29 20:35:00,1.1325510831971821,4043.39,4068.59,8.083333333333334,time
fvg,2026-06-29 12:35:00,2026-06-29 20:40:00,1.2517133824184683,4045.11,4068.59,8.083333333333334,time
fvg,2026-06-29 12:40:00,2026-06-29 20:45:00,1.280230855736383,4044.93,4068.59,8.083333333333334,time
fvg,2026-06-29 12:45:00,2026-06-29 20:50:00,1.0482823739099068,4043.32,4068.59,8.083333333333334,time
fvg,2026-06-29 12:50:00,2026-06-29 20:55:00,1.1779477604022999,4044.48,4068.59,8.083333333333334,time
fvg,2026-06-29 12:55:00,2026-06-29 21:00:00,1.1054658490526004,4043.65,4068.59,8.083333333333334,time
threevol,2026-06-30 00:40:00,2026-06-30 01:05:00,2.9867333623314485,3991.75,4004.08,0.4166666666666667,tp
fvg,2026-06-30 05:35:00,2026-06-30 06:20:00,-1.008465669131839,3981.66,3999.82,0.75,sl
fvg,2026-06-30 05:40:00,2026-06-30 06:20:00,-1.0075292858644347,3979.39,3999.82,0.6666666666666666,sl
fvg,2026-06-30 05:30:00,2026-06-30 06:20:00,-1.0067744462917314,3977.13,3999.82,0.8333333333333334,sl
fvg,2026-06-30 05:55:00,2026-06-30 06:20:00,-1.0069846547803323,3977.82,3999.82,0.4166666666666667,sl
fvg,2026-06-30 05:50:00,2026-06-30 06:20:00,-1.0080834718798373,3980.8,3999.82,0.5,sl
fvg,2026-06-30 05:45:00,2026-06-30 06:20:00,-1.0076439450400352,3979.72,3999.82,0.5833333333333334,sl
fvg,2026-06-30 05:25:00,2026-06-30 06:20:00,-1.0089720804907414,3982.68,3999.82,0.9166666666666666,sl
fvg,2026-07-01 05:00:00,2026-07-01 10:00:00,-1.0099306090979183,3973.38,3988.84,5.0,sl
fvg,2026-07-01 04:55:00,2026-07-01 10:00:00,-1.0124800822410691,3976.54,3988.84,5.083333333333333,sl
fvg,2026-07-01 04:50:00,2026-07-01 10:00:00,-1.0189668465690054,3980.74,3988.84,5.166666666666667,sl
fvg,2026-07-01 04:45:00,2026-07-01 10:00:00,-1.0170136211770753,3979.81,3988.84,5.25,sl
fvg,2026-07-01 04:40:00,2026-07-01 10:00:00,-1.0107838601901824,3974.61,3988.84,5.333333333333333,sl
fvg,2026-07-01 04:35:00,2026-07-01 10:00:00,-1.010567977383706,3974.32,3988.84,5.416666666666667,sl
fvg,2026-07-01 04:20:00,2026-07-01 10:00:00,-1.0125828835774866,3976.64,3988.84,5.666666666666667,sl
fvg,2026-07-01 04:25:00,2026-07-01 10:00:00,-1.0136520174762271,3977.59,3988.84,5.583333333333333,sl
fvg,2026-07-01 04:15:00,2026-07-01 10:00:00,-1.012058596761758,3976.11,3988.84,5.75,sl
fvg,2026-07-01 04:10:00,2026-07-01 10:00:00,-1.0122539193009508,3976.31,3988.84,5.833333333333333,sl
fvg,2026-07-01 04:05:00,2026-07-01 10:00:00,-1.0115137496787459,3975.5,3988.84,5.916666666666667,sl
fvg,2026-07-01 04:30:00,2026-07-01 10:00:00,-1.0138884605499872,3977.78,3988.84,5.5,sl
fvg,2026-07-01 05:05:00,2026-07-01 10:00:00,-1.0098380878951427,3973.23,3988.84,4.916666666666667,sl
threevol,2026-07-10 17:00:00,2026-07-10 19:55:00,-1.026678868083908,4102.97,4108.85,2.9166666666666665,sl
threevol,2026-07-10 16:55:00,2026-07-10 20:00:00,-1.025411797831902,4104.69,4110.86,3.0833333333333335,sl
